<?xml version="1.0" encoding="UTF-8"?>
<!DOCTYPE idList SYSTEM "idList.dtd">
<!-- Revision 3.0.0 data/OBOE, docs,November 7, 2007, -->
<idList>
    <idCode>15</idCode>
        <idValue>Speed Restricted to 15 Miles per Hour</idValue>
    <idCode>25</idCode>
        <idValue>Speed Restricted to 25 Miles per Hour</idValue>
    <idCode>35</idCode>
        <idValue>Speed Restricted to 35 Miles per Hour</idValue>
    <idCode>45</idCode>
        <idValue>Speed Restricted to 45 Miles per Hour</idValue>
    <idCode>045</idCode>
        <idValue>Advanced Fee</idValue>
    <idCode>170</idCode>
        <idValue>Certificate of Origin</idValue>
    <idCode>510</idCode>
        <idValue>Offshore - Alaska/Hawaii Service</idValue>
    <idCode>520</idCode>
        <idValue>Oversized Premium</idValue>
    <idCode>550</idCode>
        <idValue>Preparation of Air Waybill - Origin</idValue>
    <idCode>555</idCode>
        <idValue>Preparation of Canadian Customs Invoice</idValue>
    <idCode>565</idCode>
        <idValue>Preparation of Export Entry</idValue>
    <idCode>570</idCode>
        <idValue>Preparation of Insurance Certificate</idValue>
    <idCode>585</idCode>
        <idValue>Preparation of U.S. Export Documentation</idValue>
    <idCode>665</idCode>
        <idValue>Saturday Delivery</idValue>
    <idCode>670</idCode>
        <idValue>Saturday Pick-Up</idValue>
    <idCode>675</idCode>
        <idValue>Security Signature Service</idValue>
    <idCode>761</idCode>
        <idValue>Written Proof of Delivery</idValue>
    <idCode>A1M</idCode>
        <idValue>Aggregate 1000</idValue>
    <idCode>A3M</idCode>
        <idValue>Aggregate 3000</idValue>
    <idCode>A5M</idCode>
        <idValue>Aggregate 5000</idValue>
    <idCode>AAS</idCode>
        <idValue>Attendants Accompanying</idValue>
    <idCode>AB</idCode>
        <idValue>Car is Air Brake Controlled</idValue>
    <idCode>ADL</idCode>
        <idValue>Advance Loading</idValue>
    <idCode>AFN</idCode>
        <idValue>Air Craft Furnished and Not Used</idValue>
    <idCode>AGG</idCode>
        <idValue>Aggregate Tender Discount</idValue>
    <idCode>AGS</idCode>
        <idValue>Armed Guard Service</idValue>
    <idCode>AIB</idCode>
        <idValue>Additional Injection/Blending Service</idValue>
    <idCode>AK</idCode>
        <idValue>Attachment - Auto Keys</idValue>
    <idCode>ALP</idCode>
        <idValue>Port Changes</idValue>
    <idCode>ALT</idCode>
        <idValue>Use of Alternate Terminal</idValue>
    <idCode>AMM</idCode>
        <idValue>A.M. Delivery Requirement</idValue>
    <idCode>ANC</idCode>
        <idValue>Anchoring and Unanchoring</idValue>
    <idCode>APD</idCode>
        <idValue>Additional Copy of Shipping Papers for Proof of Delivery</idValue>
    <idCode>APL</idCode>
        <idValue>Appliance Servicing</idValue>
    <idCode>ARC</idCode>
        <idValue>Air Conditioning Disconnect and Connect</idValue>
    <idCode>ARG</idCode>
        <idValue>Rail Armed Guard Service</idValue>
    <idCode>ARR</idCode>
        <idValue>Air Ride Tractor Service</idValue>
    <idCode>ART</idCode>
        <idValue>Air Ride Truck Service</idValue>
    <idCode>ASY</idCode>
        <idValue>Assembly Service Requested</idValue>
    <idCode>AT</idCode>
        <idValue>Attachment to Move with Car</idValue>
    <idCode>AUX</idCode>
        <idValue>Auxiliary Service</idValue>
    <idCode>AV</idCode>
        <idValue>Annual Volume</idValue>
    <idCode>AW</idCode>
        <idValue>Attachments - Advance Only Waybill</idValue>
    <idCode>BA</idCode>
        <idValue>Clearinghouse Balance</idValue>
    <idCode>BCP</idCode>
        <idValue>Bypass Consolidation Point</idValue>
    <idCode>BKA</idCode>
        <idValue>Bulky Article</idValue>
    <idCode>BL</idCode>
        <idValue>Blowable Load</idValue>
    <idCode>BLK</idCode>
        <idValue>Blocking and Bracing</idValue>
    <idCode>BLS</idCode>
        <idValue>Blind Shipment</idValue>
    <idCode>BN</idCode>
        <idValue>If Bad Ordered Notify Shipper</idValue>
    <idCode>BNS</idCode>
        <idValue>Bolster Load, Do Not Switch</idValue>
    <idCode>BOX</idCode>
        <idValue>Boxing Service - Dry Bulk</idValue>
    <idCode>BU2</idCode>
        <idValue>Bunker Adjustment - 20 Foot Container</idValue>
    <idCode>BU4</idCode>
        <idValue>Bunker Adjustment - 40 Foot Container</idValue>
    <idCode>BUA</idCode>
        <idValue>Bunker Adjustment</idValue>
    <idCode>BW</idCode>
        <idValue>Bill Shipper for Weigh Charge</idValue>
    <idCode>CA2</idCode>
        <idValue>Currency Adjustment - 20 Foot Container</idValue>
    <idCode>CA4</idCode>
        <idValue>Currency Adjustment - 40 Foot Container</idValue>
    <idCode>CAR</idCode>
        <idValue>ROEE Car or Pick-up Truck</idValue>
    <idCode>CC</idCode>
        <idValue>Container, Consolidator Load</idValue>
    <idCode>CCB</idCode>
        <idValue>Convert Commercial Bill of Lading (BOL) to Government BOL</idValue>
    <idCode>CCH</idCode>
        <idValue>Certification</idValue>
    <idCode>CCS</idCode>
        <idValue>Carrier Caboose</idValue>
    <idCode>CD</idCode>
        <idValue>Attachment - Customer&apos;s Document</idValue>
    <idCode>CDD</idCode>
        <idValue>Corrosion Additive Service</idValue>
    <idCode>CE</idCode>
        <idValue>Cleared for Export</idValue>
    <idCode>CF</idCode>
        <idValue>Container, Factory Load</idValue>
    <idCode>CFC</idCode>
        <idValue>Customs Fees - Container Level</idValue>
    <idCode>CFL</idCode>
        <idValue>Customs Fees - Lift Level</idValue>
    <idCode>CGC</idCode>
        <idValue>Carrier Guard Car Service</idValue>
    <idCode>CGR</idCode>
        <idValue>Return Carrier Guard Car Service</idValue>
    <idCode>CGT</idCode>
        <idValue>Cargo Taxes</idValue>
    <idCode>CH</idCode>
        <idValue>Carrier</idValue>
    <idCode>CHN</idCode>
        <idValue>Chain and Binders</idValue>
    <idCode>CI</idCode>
        <idValue>Customs Inspection</idValue>
    <idCode>CIP</idCode>
        <idValue>Commercial Invoice Preparation</idValue>
    <idCode>CIS</idCode>
        <idValue>Constant Surveillance</idValue>
    <idCode>CLN</idCode>
        <idValue>Cleaning</idValue>
    <idCode>CLS</idCode>
        <idValue>Class Rates Applied</idValue>
    <idCode>CM</idCode>
        <idValue>Attachment - Cotton Manifest</idValue>
    <idCode>CMD</idCode>
        <idValue>Comb. Rates over Detroit</idValue>
    <idCode>CNL</idCode>
        <idValue>Consolidation and Line Haul</idValue>
    <idCode>CNS</idCode>
        <idValue>Consolidation</idValue>
    <idCode>CO</idCode>
        <idValue>No Marshalling Required for Hazardous Materials</idValue>
    <idCode>CON</idCode>
        <idValue>Contract Rates Apply</idValue>
    <idCode>COR</idCode>
        <idValue>Certification That the Newsprint Winding Cores Being Returned Empty Were Received Filled by Rail Freight Service</idValue>
    <idCode>COU</idCode>
        <idValue>Consignee Unload</idValue>
    <idCode>COV</idCode>
        <idValue>Courier, Overnight</idValue>
    <idCode>CPC</idCode>
        <idValue>Copilot Service</idValue>
    <idCode>CPM</idCode>
        <idValue>Customs Papers Mailed</idValue>
    <idCode>CR</idCode>
        <idValue>Circus Ramp Only (TOFC Van)</idValue>
    <idCode>CRL</idCode>
        <idValue>Container Lease</idValue>
    <idCode>CSD</idCode>
        <idValue>Courier, Same Day</idValue>
    <idCode>CSP</idCode>
        <idValue>Government Caboose</idValue>
    <idCode>CTL</idCode>
        <idValue>Controlled Atmosphere</idValue>
    <idCode>CTM</idCode>
        <idValue>Container Mounting</idValue>
    <idCode>CTR</idCode>
        <idValue>Circuitous Routing</idValue>
    <idCode>CUF</idCode>
        <idValue>Currency Adjustment - Break Bulk</idValue>
    <idCode>CW</idCode>
        <idValue>Bill Consignee for Weigh Charges</idValue>
    <idCode>CX</idCode>
        <idValue>Top Load Only</idValue>
    <idCode>CY</idCode>
        <idValue>Certification that this Shipment is for Recycling as Defined in Applicable Tariffs Containing Such Provisions</idValue>
    <idCode>DA</idCode>
        <idValue>Dangerous</idValue>
    <idCode>DBL</idCode>
        <idValue>Double Wide Separate and Reassemble</idValue>
    <idCode>DBP</idCode>
        <idValue>Delivery of Fuel From Barge to Pipeline</idValue>
    <idCode>DCS</idCode>
        <idValue>DOD Constant Surveillance Service</idValue>
    <idCode>DDN</idCode>
        <idValue>Dual Driver with National Agency Check</idValue>
    <idCode>DDP</idCode>
        <idValue>Dual Driver Protective Service</idValue>
    <idCode>DDS</idCode>
        <idValue>Direct Delivery</idValue>
    <idCode>DDZ</idCode>
        <idValue>Drayage at Port of Debarkation (Rate Zone)</idValue>
    <idCode>DE</idCode>
        <idValue>Demurrage</idValue>
    <idCode>DEL</idCode>
        <idValue>Delivery Service</idValue>
    <idCode>DEP</idCode>
        <idValue>Detention of Conveying Equipment and the Power Unit</idValue>
    <idCode>DET</idCode>
        <idValue>Detention of Conveying Equipment Excluding the Power Unit</idValue>
    <idCode>DEZ</idCode>
        <idValue>Drayage at Port of Embarkation (Rate Zone)</idValue>
    <idCode>DFD</idCode>
        <idValue>Keep From Freezing Percent Differential</idValue>
    <idCode>DFM</idCode>
        <idValue>410 Dromedary with Mechanical Restraining Devices</idValue>
    <idCode>DFS</idCode>
        <idValue>410 Dromedary</idValue>
    <idCode>DIS</idCode>
        <idValue>Distribution Service Requested</idValue>
    <idCode>DLP</idCode>
        <idValue>Delivery of Fuel From Rail Tank Car to Pipeline</idValue>
    <idCode>DLR</idCode>
        <idValue>Notify Shipper Immediately if Shipment is Delayed en Route</idValue>
    <idCode>DM</idCode>
        <idValue>Domestic</idValue>
    <idCode>DN</idCode>
        <idValue>Shipper Authorization Required for Diversion or Consignment</idValue>
    <idCode>DNC</idCode>
        <idValue>Do Not Couple to Other Diaphragmed Cars</idValue>
    <idCode>DNF</idCode>
        <idValue>Do Not Freeze</idValue>
    <idCode>DNT</idCode>
        <idValue>Do Not Couple to Tank Cars</idValue>
    <idCode>DOC</idCode>
        <idValue>Documentation - Special</idValue>
    <idCode>DOV</idCode>
        <idValue>Container Diversion</idValue>
    <idCode>DPB</idCode>
        <idValue>Delivery of Fuel From Pipeline to Barge</idValue>
    <idCode>DPD</idCode>
        <idValue>Drayage at Port of Debarkation</idValue>
    <idCode>DPE</idCode>
        <idValue>Drayage at Port of Embarkation</idValue>
    <idCode>DPL</idCode>
        <idValue>Delivery of Fuel From Pipeline to Rail Tank Car</idValue>
    <idCode>DPT</idCode>
        <idValue>Delivery of Fuel From Pipeline to Tank Truck or Trailer</idValue>
    <idCode>DPU</idCode>
        <idValue>Detention With Power Units (30 minute periods)</idValue>
    <idCode>DR</idCode>
        <idValue>Drop Yard</idValue>
    <idCode>DRO</idCode>
        <idValue>Drop-Off Delivery</idValue>
    <idCode>DRU</idCode>
        <idValue>Drumming Service</idValue>
    <idCode>DS</idCode>
        <idValue>Delivery Only on Surrender of Written Order</idValue>
    <idCode>DSK</idCode>
        <idValue>Do Not Couple to Double Shelf Couples</idValue>
    <idCode>DSM</idCode>
        <idValue>Dromedary with Mechanical Restraining Devices</idValue>
    <idCode>DSR</idCode>
        <idValue>Dromedary Service Requested</idValue>
    <idCode>DSV</idCode>
        <idValue>Door Side Vanning</idValue>
    <idCode>DT</idCode>
        <idValue>Dead in Tow</idValue>
    <idCode>DTB</idCode>
        <idValue>Labor Associated with Detention of Conveying Equipment</idValue>
    <idCode>DTP</idCode>
        <idValue>Delivery of Fuel From Tank Truck or Trailer to Pipeline</idValue>
    <idCode>DTV</idCode>
        <idValue>Detention (Vehicle)</idValue>
    <idCode>DU</idCode>
        <idValue>Do Not Uncouple</idValue>
    <idCode>DV</idCode>
        <idValue>Equipment</idValue>
    <idCode>DW</idCode>
        <idValue>Destination Weights Apply</idValue>
    <idCode>DWP</idCode>
        <idValue>Detention With Power Units (60 minute periods)</idValue>
    <idCode>EAX</idCode>
        <idValue>Extra Axles</idValue>
    <idCode>ECR</idCode>
        <idValue>Escort/Courier Service</idValue>
    <idCode>ECS</idCode>
        <idValue>Empty Railcar Ordered But Not Used</idValue>
    <idCode>ED</idCode>
        <idValue>Excessive Dimensions</idValue>
    <idCode>EDD</idCode>
        <idValue>Equipment Hose at Destination</idValue>
    <idCode>EDO</idCode>
        <idValue>Equipment Hose at Origin</idValue>
    <idCode>EE</idCode>
        <idValue>Electronic Equipment Transfer</idValue>
    <idCode>EED</idCode>
        <idValue>Exclusive Use</idValue>
    <idCode>EL</idCode>
        <idValue>Environmental Control Limits</idValue>
    <idCode>ELS</idCode>
        <idValue>Extra Lights</idValue>
    <idCode>EMR</idCode>
        <idValue>Emergency Service</idValue>
    <idCode>EMT</idCode>
        <idValue>Empty Movement</idValue>
    <idCode>END</idCode>
        <idValue>Endorsement</idValue>
    <idCode>EP</idCode>
        <idValue>Expedite</idValue>
    <idCode>ER</idCode>
        <idValue>Return Empty Via Reverse Route</idValue>
    <idCode>ERS</idCode>
        <idValue>Empty Return</idValue>
    <idCode>ERT</idCode>
        <idValue>Satisfactory Service Standards</idValue>
    <idCode>EV</idCode>
        <idValue>Damages Incurred if Shipment Fails to Meet Vessel Loading</idValue>
    <idCode>EW</idCode>
        <idValue>Excessive Weight</idValue>
    <idCode>EX</idCode>
        <idValue>Explosive Flammable Gas</idValue>
    <idCode>EXC</idCode>
        <idValue>Exclusive Use of Vehicle</idValue>
    <idCode>EXD</idCode>
        <idValue>Extra Driver</idValue>
    <idCode>EXL</idCode>
        <idValue>Extra Length Surcharge</idValue>
    <idCode>EXO</idCode>
        <idValue>Export Preparation</idValue>
    <idCode>EXP</idCode>
        <idValue>Expedited Rates Applied</idValue>
    <idCode>EXQ</idCode>
        <idValue>Expedited Service</idValue>
    <idCode>EXT</idCode>
        <idValue>Extra Labor</idValue>
    <idCode>EXU</idCode>
        <idValue>Exclusive Use of Vehicle Damaged</idValue>
    <idCode>EXZ</idCode>
        <idValue>Expand Remove and Install</idValue>
    <idCode>EZE</idCode>
        <idValue>Roadway Easy Rates Applied</idValue>
    <idCode>FA</idCode>
        <idValue>Face &quot;A-end&quot; to Head of Train</idValue>
    <idCode>FAK</idCode>
        <idValue>Barge Freight All Kinds Service</idValue>
    <idCode>FAS</idCode>
        <idValue>Firearms</idValue>
    <idCode>FB</idCode>
        <idValue>Face &quot;B-end&quot; to Head of Train</idValue>
    <idCode>FC</idCode>
        <idValue>Moving Under &quot;For Furtherance Instructions&quot; and May Be Delivered</idValue>
    <idCode>FCS</idCode>
        <idValue>Furnishing Chassis</idValue>
    <idCode>FD</idCode>
        <idValue>Full Service</idValue>
    <idCode>FFC</idCode>
        <idValue>Fuel Filters Furnished by Carrier</idValue>
    <idCode>FFS</idCode>
        <idValue>Fuel Filters Furnished by Shipper</idValue>
    <idCode>FG</idCode>
        <idValue>Flammable Gas</idValue>
    <idCode>FL</idCode>
        <idValue>Flammable</idValue>
    <idCode>FLS</idCode>
        <idValue>Flatrack Surcharge</idValue>
    <idCode>FP</idCode>
        <idValue>Flammable Poison Gas</idValue>
    <idCode>FPT</idCode>
        <idValue>For Processing in Transit</idValue>
    <idCode>FR</idCode>
        <idValue>Fragile - Handle with Care</idValue>
    <idCode>FRZ</idCode>
        <idValue>Accepted by Carrier at Owner&apos;s Risk of Freezing</idValue>
    <idCode>FS</idCode>
        <idValue>Nontransit Flat Shipment</idValue>
    <idCode>FST</idCode>
        <idValue>For Storage in Transit</idValue>
    <idCode>FTR</idCode>
        <idValue>Filtration Service</idValue>
    <idCode>GI</idCode>
        <idValue>Grain Inspection</idValue>
    <idCode>GMS</idCode>
        <idValue>Garment Surcharge</idValue>
    <idCode>GOC</idCode>
        <idValue>Government-Owned Containers</idValue>
    <idCode>GSP</idCode>
        <idValue>Government Guard Car</idValue>
    <idCode>GSS</idCode>
        <idValue>Greater Security Service</idValue>
    <idCode>HAL</idCode>
        <idValue>Hold at Location</idValue>
    <idCode>HAN</idCode>
        <idValue>Handling</idValue>
    <idCode>HBR</idCode>
        <idValue>Hand Brakes at Each End Must Be Released</idValue>
    <idCode>HDH</idCode>
        <idValue>Shipment Holdover for Holidays</idValue>
    <idCode>HDW</idCode>
        <idValue>Shipment Holdover for Weekends</idValue>
    <idCode>HE</idCode>
        <idValue>Head End Car</idValue>
    <idCode>HEA</idCode>
        <idValue>Heat in Transit</idValue>
    <idCode>HES</idCode>
        <idValue>Heat - Special</idValue>
    <idCode>HET</idCode>
        <idValue>Heat With Steam</idValue>
    <idCode>HH</idCode>
        <idValue>Household</idValue>
    <idCode>HM</idCode>
        <idValue>Endorsed as Hazardous Material</idValue>
    <idCode>HMA</idCode>
        <idValue>Accessible Hazardous Material</idValue>
    <idCode>HMI</idCode>
        <idValue>Inaccessible Hazardous Material</idValue>
    <idCode>HO</idCode>
        <idValue>Hold for Orders</idValue>
    <idCode>HOL</idCode>
        <idValue>Sunday or Holiday Pickup or Delivery</idValue>
    <idCode>HOR</idCode>
        <idValue>24 Hour Availability</idValue>
    <idCode>HOS</idCode>
        <idValue>Hose</idValue>
    <idCode>HOX</idCode>
        <idValue>Special Hose</idValue>
    <idCode>HP</idCode>
        <idValue>Heated Prior to Loading</idValue>
    <idCode>HQT</idCode>
        <idValue>High Cube Trailer Rates</idValue>
    <idCode>HR</idCode>
        <idValue>Home for Repair</idValue>
    <idCode>HRS</idCode>
        <idValue>Heater or Refrigeration</idValue>
    <idCode>HT</idCode>
        <idValue>Heat</idValue>
    <idCode>HTI</idCode>
        <idValue>Hitch Installation</idValue>
    <idCode>HV</idCode>
        <idValue>High Value Load</idValue>
    <idCode>HW</idCode>
        <idValue>High Wide Load</idValue>
    <idCode>HZC</idCode>
        <idValue>Hazardous Materials Surcharge</idValue>
    <idCode>HZD</idCode>
        <idValue>Hazardous Cargo On Deck</idValue>
    <idCode>IB</idCode>
        <idValue>In-bond</idValue>
    <idCode>IC</idCode>
        <idValue>Ice</idValue>
    <idCode>ID</idCode>
        <idValue>Shipment to be Inspected at Destination and Disposition Instructions will be Furnished</idValue>
    <idCode>IDC</idCode>
        <idValue>Idler Car</idValue>
    <idCode>IDL</idCode>
        <idValue>Inside Delivery</idValue>
    <idCode>IIH</idCode>
        <idValue>Icing Inhibitor Service</idValue>
    <idCode>IM</idCode>
        <idValue>Interoffice Move</idValue>
    <idCode>IMP</idCode>
        <idValue>Impactographs</idValue>
    <idCode>IMS</idCode>
        <idValue>Intermodal Shipment Service</idValue>
    <idCode>INT</idCode>
        <idValue>Intra-Plant Move</idValue>
    <idCode>IP</idCode>
        <idValue>Import Shipment</idValue>
    <idCode>IPU</idCode>
        <idValue>Inside Pickup</idValue>
    <idCode>IR</idCode>
        <idValue>Rail Incentive Rate</idValue>
    <idCode>IS</idCode>
        <idValue>Surveillance Service</idValue>
    <idCode>ITS</idCode>
        <idValue>Interline Transfer Service</idValue>
    <idCode>JIT</idCode>
        <idValue>Just-In-Time (JIT)</idValue>
    <idCode>JLX</idCode>
        <idValue>Joint Line Exception</idValue>
    <idCode>JS</idCode>
        <idValue>Junction Settlement Account</idValue>
    <idCode>KEG</idCode>
        <idValue>Certification that the Containers Being Returned Empty Were Received Filled by Rail Freight Service</idValue>
    <idCode>KMD</idCode>
        <idValue>Keep Material Dry</idValue>
    <idCode>LAB</idCode>
        <idValue>Labor Disturbance</idValue>
    <idCode>LAY</idCode>
        <idValue>Layover</idValue>
    <idCode>LB</idCode>
        <idValue>Land Bridge (Import/Export)</idValue>
    <idCode>LBL</idCode>
        <idValue>Apply a Uniform Code Council/International Article Numbering Association (UCC/EAN) Serial Shipping Container Label to the Shipping Containers</idValue>
    <idCode>LBR</idCode>
        <idValue>Light Bar Service</idValue>
    <idCode>LBT</idCode>
        <idValue>Low Boy Trailer/Flat Bed</idValue>
    <idCode>LC</idCode>
        <idValue>Car Trip Leased to Consignee</idValue>
    <idCode>LC2</idCode>
        <idValue>Land Currency Adjustment Factor - 20 Foot Container</idValue>
    <idCode>LC4</idCode>
        <idValue>Land Currency Adjustment - 40 Foot Container</idValue>
    <idCode>LCL</idCode>
        <idValue>Percent Differential - Less Than Container</idValue>
    <idCode>LD</idCode>
        <idValue>Loading Devices</idValue>
    <idCode>LEC</idCode>
        <idValue>Less Than Container</idValue>
    <idCode>LF</idCode>
        <idValue>Loaded to Full Visible Capacity</idValue>
    <idCode>LFD</idCode>
        <idValue>Linehaul from Port of Debarkation</idValue>
    <idCode>LHS</idCode>
        <idValue>Linehaul Service</idValue>
    <idCode>LIE</idCode>
        <idValue>Liability of Carrier</idValue>
    <idCode>LMD</idCode>
        <idValue>Liner Terms at Port of Debarkation</idValue>
    <idCode>LME</idCode>
        <idValue>Liner Terms at Port of Embarkation</idValue>
    <idCode>LN</idCode>
        <idValue>Less Than Container, Consolidator Load</idValue>
    <idCode>LP</idCode>
        <idValue>Protect Lowest Through Rate</idValue>
    <idCode>LPD</idCode>
        <idValue>Linehaul Percent Differential</idValue>
    <idCode>LR</idCode>
        <idValue>Less Than Container, Factory Load</idValue>
    <idCode>LS</idCode>
        <idValue>Local Service Only</idValue>
    <idCode>LT</idCode>
        <idValue>Less Than Full Carload</idValue>
    <idCode>LTE</idCode>
        <idValue>Linehaul To Port of Embarkation</idValue>
    <idCode>LTT</idCode>
        <idValue>Less Than Truckload</idValue>
    <idCode>LYC</idCode>
        <idValue>Layover Service</idValue>
    <idCode>MAT</idCode>
        <idValue>Modified Atmosphere</idValue>
    <idCode>MC</idCode>
        <idValue>Person in Charge of Car</idValue>
    <idCode>MEN</idCode>
        <idValue>Escort Service with Overnight Subsistence</idValue>
    <idCode>MES</idCode>
        <idValue>Escort</idValue>
    <idCode>MET</idCode>
        <idValue>Escort Services (Telephone)</idValue>
    <idCode>MF</idCode>
        <idValue>Cleared for Border Crossing</idValue>
    <idCode>MIN</idCode>
        <idValue>Insulated</idValue>
    <idCode>MNS</idCode>
        <idValue>Motor Surveillance Service</idValue>
    <idCode>MOT</idCode>
        <idValue>Other</idValue>
    <idCode>MP</idCode>
        <idValue>Multiple Pickup</idValue>
    <idCode>MR</idCode>
        <idValue>Mechanical Refrigeration</idValue>
    <idCode>MRF</idCode>
        <idValue>Refrigerated</idValue>
    <idCode>MSS</idCode>
        <idValue>Motor Surveillance Service</idValue>
    <idCode>MTE</idCode>
        <idValue>Military Traffic Expediting Service</idValue>
    <idCode>MVS</idCode>
        <idValue>Special Motor Surveillance</idValue>
    <idCode>NC</idCode>
        <idValue>Notify Consignee Before Delivery</idValue>
    <idCode>ND</idCode>
        <idValue>Do Not Divert</idValue>
    <idCode>NE</idCode>
        <idValue>No Special Entrainment Required</idValue>
    <idCode>NH</idCode>
        <idValue>Do Not Hump</idValue>
    <idCode>NHC</idCode>
        <idValue>Do not Hump or Hump into</idValue>
    <idCode>NHL</idCode>
        <idValue>Do Not Use Helper Locomotive to Push</idValue>
    <idCode>NI</idCode>
        <idValue>New Equipment First Transborder Movement</idValue>
    <idCode>NP</idCode>
        <idValue>Do Not Pool</idValue>
    <idCode>NPR</idCode>
        <idValue>No Placards Required</idValue>
    <idCode>NS</idCode>
        <idValue>Notify Shipper Before Reconsignment</idValue>
    <idCode>NSV</idCode>
        <idValue>Nose Side Vanning</idValue>
    <idCode>NT</idCode>
        <idValue>Do Not Transfer Contents</idValue>
    <idCode>NW</idCode>
        <idValue>In Case of Fire Do Not Use Water</idValue>
    <idCode>NX</idCode>
        <idValue>Not for Export</idValue>
    <idCode>OAH</idCode>
        <idValue>Stow Away from Heat</idValue>
    <idCode>OBL</idCode>
        <idValue>Block Stowage</idValue>
    <idCode>OCA</idCode>
        <idValue>Cargo Aboard</idValue>
    <idCode>OCL</idCode>
        <idValue>Carrier Load and Consignee Unload</idValue>
    <idCode>OCN</idCode>
        <idValue>Over Height Container</idValue>
    <idCode>OCS</idCode>
        <idValue>Completing Shipment</idValue>
    <idCode>OCV</idCode>
        <idValue>Delivery Verification Not Required</idValue>
    <idCode>ODI</idCode>
        <idValue>Stow with Doors Facing Inward</idValue>
    <idCode>OEH</idCode>
        <idValue>Exempt Commodity</idValue>
    <idCode>OFH</idCode>
        <idValue>In Front of House Stowage</idValue>
    <idCode>OFU</idCode>
        <idValue>Fumigation</idValue>
    <idCode>OHC</idCode>
        <idValue>Harmless</idValue>
    <idCode>OIL</idCode>
        <idValue>Oil Field Service</idValue>
    <idCode>ONC</idCode>
        <idValue>Use No Hooks</idValue>
    <idCode>ONS</idCode>
        <idValue>Not Restricted Cargo</idValue>
    <idCode>OOB</idCode>
        <idValue>Cargo on Board Certification Required</idValue>
    <idCode>OOD</idCode>
        <idValue>On Deck Stowage</idValue>
    <idCode>OOL</idCode>
        <idValue>Carrier Load and Carrier Unload</idValue>
    <idCode>OPR</idCode>
        <idValue>Perishable</idValue>
    <idCode>OPT</idCode>
        <idValue>Partial Shipment</idValue>
    <idCode>OS</idCode>
        <idValue>Commodity Loaded Less Than or Equal To the Car Ordered</idValue>
    <idCode>OSB</idCode>
        <idValue>Stow Below Deck</idValue>
    <idCode>OST</idCode>
        <idValue>Stow Between Decks</idValue>
    <idCode>OTC</idCode>
        <idValue>Temperature Control</idValue>
    <idCode>OTD</idCode>
        <idValue>Time of Delivery and Signature Required</idValue>
    <idCode>OTH</idCode>
        <idValue>On Top In-hatch Stowage</idValue>
    <idCode>OTO</idCode>
        <idValue>On Top On-deck Stowage</idValue>
    <idCode>OTS</idCode>
        <idValue>Total Shipment</idValue>
    <idCode>OUC</idCode>
        <idValue>Under Container On-deck Stowage</idValue>
    <idCode>OUW</idCode>
        <idValue>Below Water Line Stowage</idValue>
    <idCode>OV</idCode>
        <idValue>Overweight</idValue>
    <idCode>OVR</idCode>
        <idValue>Overflow</idValue>
    <idCode>OWC</idCode>
        <idValue>Over Width Container</idValue>
    <idCode>OWR</idCode>
        <idValue>One Way Rates Applied</idValue>
    <idCode>PAJ</idCode>
        <idValue>Pumping Equipment</idValue>
    <idCode>PAV</idCode>
        <idValue>Pickup of Shipments on Saturday, Sunday, and/or Holidays Requiring Absolute Next Day Delivery</idValue>
    <idCode>PB</idCode>
        <idValue>Perishable in Box Car</idValue>
    <idCode>PD</idCode>
        <idValue>Privately Controlled Private Equipment Subject to Demurrage</idValue>
    <idCode>PDS</idCode>
        <idValue>Pickup and Delivery From Storage in Transit</idValue>
    <idCode>PDY</idCode>
        <idValue>Pickup and Delivery Beyond Service Area</idValue>
    <idCode>PER</idCode>
        <idValue>Special Permits</idValue>
    <idCode>PFH</idCode>
        <idValue>Protect From Heat</idValue>
    <idCode>PG</idCode>
        <idValue>Poisonous Gas</idValue>
    <idCode>PHR</idCode>
        <idValue>Per Hour Rates Applied</idValue>
    <idCode>PI</idCode>
        <idValue>Iced Prior to Loading</idValue>
    <idCode>PIR</idCode>
        <idValue>Pier Time</idValue>
    <idCode>PMM</idCode>
        <idValue>P.M. Delivery Requirement</idValue>
    <idCode>PMR</idCode>
        <idValue>Per Mile Rates Apply</idValue>
    <idCode>PMS</idCode>
        <idValue>Pickup of Shipments Requiring Same Day Delivery Service</idValue>
    <idCode>PMT</idCode>
        <idValue>Pickup of Shipments Requiring Same Day Delivery Service and/or Delivery at a Specified Time</idValue>
    <idCode>POC</idCode>
        <idValue>Piano/Organ Carry</idValue>
    <idCode>PPD</idCode>
        <idValue>Pickup and Delivery Service for Perishables</idValue>
    <idCode>PRL</idCode>
        <idValue>Prelodge</idValue>
    <idCode>PRT</idCode>
        <idValue>Stuffing Charge</idValue>
    <idCode>PS</idCode>
        <idValue>Product Protection Service</idValue>
    <idCode>PSG</idCode>
        <idValue>Protective Service Security with Armed Guards</idValue>
    <idCode>PSS</idCode>
        <idValue>Protective Security Service</idValue>
    <idCode>PTS</idCode>
        <idValue>Protective Tarp For Security Purposes</idValue>
    <idCode>PUC</idCode>
        <idValue>Pickup</idValue>
    <idCode>PUD</idCode>
        <idValue>Pickup and Delivery</idValue>
    <idCode>PUK</idCode>
        <idValue>Pack and Unpack</idValue>
    <idCode>PUP</idCode>
        <idValue>PUP Trailer Rates Apply</idValue>
    <idCode>PVB</idCode>
        <idValue>Bonded Privately Owned Vehicle</idValue>
    <idCode>PVD</idCode>
        <idValue>Detention of Privately Owned Vehicle</idValue>
    <idCode>PVI</idCode>
        <idValue>Inoperable Privately Owned Vehicle</idValue>
    <idCode>PVL</idCode>
        <idValue>Loading/Unloading of Privately Owned Vehicle</idValue>
    <idCode>PVP</idCode>
        <idValue>Private Owned Vehicle Processing</idValue>
    <idCode>PVS</idCode>
        <idValue>Stop-offs for Privately Owned Vehicle Shipment</idValue>
    <idCode>PVT</idCode>
        <idValue>Privately Owned Vehicle in Truckaway Service</idValue>
    <idCode>PW</idCode>
        <idValue>Attachment - Prepaid Waybill</idValue>
    <idCode>PYS</idCode>
        <idValue>Priority Service</idValue>
    <idCode>RA</idCode>
        <idValue>Return Authorization</idValue>
    <idCode>RB</idCode>
        <idValue>Render Bill for Charges</idValue>
    <idCode>RC</idCode>
        <idValue>Railroad Controlled Private Equipment Subject to Demurrage</idValue>
    <idCode>RCC</idCode>
        <idValue>Reconsignment</idValue>
    <idCode>RCL</idCode>
        <idValue>Redelivery</idValue>
    <idCode>RDH</idCode>
        <idValue>Railhead Handling</idValue>
    <idCode>RDR</idCode>
        <idValue>Roadrailer Service</idValue>
    <idCode>REP</idCode>
        <idValue>Respotting</idValue>
    <idCode>RES</idCode>
        <idValue>Residential Delivery</idValue>
    <idCode>RFM</idCode>
        <idValue>Reefer Maintenance</idValue>
    <idCode>RIE</idCode>
        <idValue>Released Value Charge in Excess of Carrier Maximum Liability</idValue>
    <idCode>RLS</idCode>
        <idValue>Relocation of Vehicle</idValue>
    <idCode>RM</idCode>
        <idValue>Radioactive Material</idValue>
    <idCode>RMC</idCode>
        <idValue>Return of Empty Container</idValue>
    <idCode>RMP</idCode>
        <idValue>Return Movement of Pallet</idValue>
    <idCode>RMS</idCode>
        <idValue>Rail Surveillance</idValue>
    <idCode>RO</idCode>
        <idValue>Rush Order</idValue>
    <idCode>RPD</idCode>
        <idValue>Reefer Cargo Percent Differential</idValue>
    <idCode>RR</idCode>
        <idValue>Rear Rider</idValue>
    <idCode>RRR</idCode>
        <idValue>Round Trip Service</idValue>
    <idCode>RS</idCode>
        <idValue>Inspect Hourly if Car Stopped</idValue>
    <idCode>RSP</idCode>
        <idValue>Reshipment</idValue>
    <idCode>RSS</idCode>
        <idValue>Restricted Speeds</idValue>
    <idCode>RSV</idCode>
        <idValue>Reservations</idValue>
    <idCode>RT</idCode>
        <idValue>Record for Transit</idValue>
    <idCode>RWR</idCode>
        <idValue>Reweight Requested</idValue>
    <idCode>SAS</idCode>
        <idValue>Shipment Holdover on Weekends</idValue>
    <idCode>SAT</idCode>
        <idValue>Saturday Pickup or Delivery</idValue>
    <idCode>SB</idCode>
        <idValue>Shipper Load/Carrier Count</idValue>
    <idCode>SC</idCode>
        <idValue>Shove to Rest and Cover</idValue>
    <idCode>SCC</idCode>
        <idValue>Special Containers</idValue>
    <idCode>SCL</idCode>
        <idValue>Shipper Load and Consignee Unload</idValue>
    <idCode>SD</idCode>
        <idValue>Subject to Special Detention Rules/Charges</idValue>
    <idCode>SDL</idCode>
        <idValue>Split Delivery</idValue>
    <idCode>SDS</idCode>
        <idValue>Special Dromedary Service</idValue>
    <idCode>SE</idCode>
        <idValue>Attachment - Shipper&apos;s Export Document</idValue>
    <idCode>SEC</idCode>
        <idValue>Special Equipment Charge</idValue>
    <idCode>SED</idCode>
        <idValue>Shipper Export Declaration Required</idValue>
    <idCode>SEE</idCode>
        <idValue>Stairs, Elevator, Excess Carry</idValue>
    <idCode>SER</idCode>
        <idValue>Service Charge Applies</idValue>
    <idCode>SEV</idCode>
        <idValue>Security Escort Vehicle Service</idValue>
    <idCode>SFB</idCode>
        <idValue>Single Factor Origination/Destination</idValue>
    <idCode>SFD</idCode>
        <idValue>Single Factor Origination/Port of Debarkation</idValue>
    <idCode>SFE</idCode>
        <idValue>Single Factor Port of Embarkation/Destination</idValue>
    <idCode>SFT</idCode>
        <idValue>Special Train Movement</idValue>
    <idCode>SGL</idCode>
        <idValue>Single Shipment</idValue>
    <idCode>SH</idCode>
        <idValue>Shiftable Load</idValue>
    <idCode>SHH</idCode>
        <idValue>Shipment Holdover on Holidays</idValue>
    <idCode>SHL</idCode>
        <idValue>Shipper Load</idValue>
    <idCode>SHW</idCode>
        <idValue>Shipment Holdover on Weekdays</idValue>
    <idCode>SI</idCode>
        <idValue>Ship to Cross Dock or Pool</idValue>
    <idCode>SK</idCode>
        <idValue>Requires Shelf Couplers</idValue>
    <idCode>SKT</idCode>
        <idValue>Skirting and Unskirting</idValue>
    <idCode>SLC</idCode>
        <idValue>Shipper Load and Count</idValue>
    <idCode>SM</idCode>
        <idValue>Attachment - Shipper&apos;s Manifest</idValue>
    <idCode>SMP</idCode>
        <idValue>Small Package</idValue>
    <idCode>SMS</idCode>
        <idValue>Satellite Surveillance Service</idValue>
    <idCode>SNM</idCode>
        <idValue>Transmit a Ship Notice/Manifest Transaction Set</idValue>
    <idCode>SNS</idCode>
        <idValue>Satellite Surveillance Service</idValue>
    <idCode>SNT</idCode>
        <idValue>Shipment from Non-Temp Storage</idValue>
    <idCode>SOC</idCode>
        <idValue>Stop-off</idValue>
    <idCode>SOL</idCode>
        <idValue>Shipper Load and Carrier Unload</idValue>
    <idCode>SP</idCode>
        <idValue>Attachment - Shipper&apos;s Packing Instructions</idValue>
    <idCode>SPC</idCode>
        <idValue>Special Permit</idValue>
    <idCode>SPR</idCode>
        <idValue>Spreader Service</idValue>
    <idCode>SPT</idCode>
        <idValue>Spot for Storage - No Shipment</idValue>
    <idCode>SPU</idCode>
        <idValue>Split Pickup</idValue>
    <idCode>SR</idCode>
        <idValue>Speed Restricted</idValue>
    <idCode>SRG</idCode>
        <idValue>Storage</idValue>
    <idCode>SRS</idCode>
        <idValue>Surveying Routes</idValue>
    <idCode>SSC</idCode>
        <idValue>Stripping, Sorting &amp; Consolidation</idValue>
    <idCode>SSN</idCode>
        <idValue>Substitute Service Not to be Used</idValue>
    <idCode>SSU</idCode>
        <idValue>Pole Lashing Equipment (PLE) Surcharge</idValue>
    <idCode>ST</idCode>
        <idValue>Stack Train</idValue>
    <idCode>STA</idCode>
        <idValue>Conductivity/Anti-static Additive</idValue>
    <idCode>STD</idCode>
        <idValue>Stop-off at Destination</idValue>
    <idCode>STO</idCode>
        <idValue>Stowage</idValue>
    <idCode>STP</idCode>
        <idValue>Stop-off at Origination</idValue>
    <idCode>STR</idCode>
        <idValue>Signature and Tally Record</idValue>
    <idCode>SUA</idCode>
        <idValue>Spot for Unloading from A End</idValue>
    <idCode>SUB</idCode>
        <idValue>Spot for Unloading from B Brake End</idValue>
    <idCode>SUP</idCode>
        <idValue>Supervisor Requested</idValue>
    <idCode>SVS</idCode>
        <idValue>Storage of Vehicles</idValue>
    <idCode>SW</idCode>
        <idValue>Stretch Wrap</idValue>
    <idCode>TA</idCode>
        <idValue>Cars Temporarily Articulated</idValue>
    <idCode>TC</idCode>
        <idValue>Trailer, Consolidator Load</idValue>
    <idCode>TDC</idCode>
        <idValue>Truckload-Double Operator-Common Carrier</idValue>
    <idCode>TDP</idCode>
        <idValue>Truckload-Double Operator-Padded Van</idValue>
    <idCode>TER</idCode>
        <idValue>Terminal Handling Charges</idValue>
    <idCode>TF</idCode>
        <idValue>Trailer, Factory Load</idValue>
    <idCode>TLS</idCode>
        <idValue>Tendered as Truckload (Truckload Service Requested)</idValue>
    <idCode>TMS</idCode>
        <idValue>Multi-Tank Surveillance Service</idValue>
    <idCode>TMV</idCode>
        <idValue>Tendering of Multiple Vehicles</idValue>
    <idCode>TN</idCode>
        <idValue>Turn Car</idValue>
    <idCode>TOF</idCode>
        <idValue>Trailer on Flat Car</idValue>
    <idCode>TPS</idCode>
        <idValue>Third Party Service</idValue>
    <idCode>TRA</idCode>
        <idValue>Tractor Only</idValue>
    <idCode>TRK</idCode>
        <idValue>Truck Rates Applicable</idValue>
    <idCode>TRL</idCode>
        <idValue>Trailer Preparation - Special</idValue>
    <idCode>TRM</idCode>
        <idValue>Termination</idValue>
    <idCode>TRN</idCode>
        <idValue>Transfer Product</idValue>
    <idCode>TRP</idCode>
        <idValue>Tire Repair and Replace</idValue>
    <idCode>TRS</idCode>
        <idValue>Trade Show</idValue>
    <idCode>TRT</idCode>
        <idValue>Tractor and Trailer</idValue>
    <idCode>TS</idCode>
        <idValue>Transit Shipment</idValue>
    <idCode>TSC</idCode>
        <idValue>Truckload-Single Operator-Common Carrier</idValue>
    <idCode>TSP</idCode>
        <idValue>Truckload-Single Operator-Padded Van</idValue>
    <idCode>TSS</idCode>
        <idValue>Tank Surveillance Service</idValue>
    <idCode>TT</idCode>
        <idValue>Team Track Delivery</idValue>
    <idCode>TV</idCode>
        <idValue>Time Volume Rates Only</idValue>
    <idCode>UB</idCode>
        <idValue>Unload at Bumper (Circus Ramp)</idValue>
    <idCode>UFC</idCode>
        <idValue>Under Carriage Furnished By Carrier</idValue>
    <idCode>UI</idCode>
        <idValue>Unitized</idValue>
    <idCode>UL</idCode>
        <idValue>Unload from Left Side of Car</idValue>
    <idCode>UN</idCode>
        <idValue>Unload as Placarded</idValue>
    <idCode>UP</idCode>
        <idValue>Unprotected Perishable</idValue>
    <idCode>UPK</idCode>
        <idValue>Unpacking</idValue>
    <idCode>UR</idCode>
        <idValue>Unload from Right Side of Car</idValue>
    <idCode>URC</idCode>
        <idValue>Unloading or Reloading</idValue>
    <idCode>US</idCode>
        <idValue>Shipper Certifies Gross Weight under 240,000 pounds</idValue>
    <idCode>UTL</idCode>
        <idValue>Utilities Disconnect and Connect</idValue>
    <idCode>VAC</idCode>
        <idValue>Vacuum Service</idValue>
    <idCode>VAN</idCode>
        <idValue>ROEE Van Type Truck</idValue>
    <idCode>VCL</idCode>
        <idValue>Van Cleaning</idValue>
    <idCode>VFN</idCode>
        <idValue>Vehicles Furnished But Not Used</idValue>
    <idCode>VIS</idCode>
        <idValue>Vehicles Inoperable</idValue>
    <idCode>VN</idCode>
        <idValue>Verification Weigh</idValue>
    <idCode>VSO</idCode>
        <idValue>Stop-off Delivery of Personal Vehicles</idValue>
    <idCode>VT</idCode>
        <idValue>Ventilation Instructions</idValue>
    <idCode>VTS</idCode>
        <idValue>Vehicles in Truckaway</idValue>
    <idCode>WB</idCode>
        <idValue>Wide-Body Pickup Truck (Applies to Finished Vehicle Loading</idValue>
    <idCode>WBB</idCode>
        <idValue>Wharfage - Breakbulk</idValue>
    <idCode>WCT</idCode>
        <idValue>Wharfage - Container</idValue>
    <idCode>WD</idCode>
        <idValue>Waived Inspection - Set Direct</idValue>
    <idCode>WDS</idCode>
        <idValue>Waterfront Delivery</idValue>
    <idCode>WE</idCode>
        <idValue>Weigh Empty</idValue>
    <idCode>WFG</idCode>
        <idValue>Wharfage</idValue>
    <idCode>WH</idCode>
        <idValue>Attachments - High Wide Notice</idValue>
    <idCode>WI</idCode>
        <idValue>Waive Inspection</idValue>
    <idCode>WM</idCode>
        <idValue>Manifest Must Accompany Waybill</idValue>
    <idCode>WO</idCode>
        <idValue>Weigh to Check for Overload</idValue>
    <idCode>WRB</idCode>
        <idValue>War Risk Crew Bonus</idValue>
    <idCode>WRI</idCode>
        <idValue>War Risk Insurance</idValue>
    <idCode>WTV</idCode>
        <idValue>Weight Verification</idValue>
    <idCode>WW</idCode>
        <idValue>Waste Water</idValue>
    <idCode>XP</idCode>
        <idValue>Export</idValue>
    <idCode>XT</idCode>
        <idValue>Cross Town</idValue>
    <idCode>ZZZ</idCode>
        <idValue>Mutually Defined</idValue>
</idList>
