<?xml version="1.0" encoding="UTF-8"?>
<!DOCTYPE idList SYSTEM "idList.dtd">
<!-- Revision 3.0.0 data/OBOE, docs,November 7, 2007, -->
<idList>
    <idCode>01</idCode>
        <idValue>Bulk Commodity Train</idValue>
    <idCode>09</idCode>
        <idValue>Premium Surface</idValue>
    <idCode>3D</idCode>
        <idValue>Three Day Service</idValue>
    <idCode>9A</idCode>
        <idValue>9 A.M.</idValue>
    <idCode>AC</idCode>
        <idValue>Air Cargo</idValue>
    <idCode>AE</idCode>
        <idValue>Air Economy</idValue>
    <idCode>AM</idCode>
        <idValue>A.M.</idValue>
    <idCode>BC</idCode>
        <idValue>Business Class</idValue>
    <idCode>CB</idCode>
        <idValue>Consignee Billing Service</idValue>
    <idCode>CE</idCode>
        <idValue>Courier Express</idValue>
    <idCode>CG</idCode>
        <idValue>Ground</idValue>
    <idCode>CX</idCode>
        <idValue>Express Service</idValue>
    <idCode>D1</idCode>
        <idValue>Delivery Scheduled Next Day by Cartage Agent</idValue>
    <idCode>D2</idCode>
        <idValue>Delivery scheduled second day by cartage agent</idValue>
    <idCode>D3</idCode>
        <idValue>Delivery scheduled third day by cartage agent</idValue>
    <idCode>DC</idCode>
        <idValue>Delivery Confirmation</idValue>
    <idCode>DF</idCode>
        <idValue>Deferred Service</idValue>
    <idCode>DR</idCode>
        <idValue>Delivery Confirmation Return</idValue>
    <idCode>DS</idCode>
        <idValue>Door Service</idValue>
    <idCode>DT</idCode>
        <idValue>Delivery Notification Only</idValue>
    <idCode>ES</idCode>
        <idValue>Expedited Service</idValue>
    <idCode>ET</idCode>
        <idValue>Proof of Delivery (POD) with Signature</idValue>
    <idCode>FC</idCode>
        <idValue>First Class</idValue>
    <idCode>G2</idCode>
        <idValue>Standard Service</idValue>
    <idCode>GP</idCode>
        <idValue>Express Service Plus</idValue>
    <idCode>GT</idCode>
        <idValue>Tracking - Ground</idValue>
    <idCode>IA</idCode>
        <idValue>IATA</idValue>
    <idCode>IE</idCode>
        <idValue>Expedited Service - Worldwide</idValue>
    <idCode>IX</idCode>
        <idValue>Express Service - Worldwide</idValue>
    <idCode>ME</idCode>
        <idValue>Metro</idValue>
    <idCode>MW</idCode>
        <idValue>Multiweight</idValue>
    <idCode>ND</idCode>
        <idValue>Next Day Air</idValue>
    <idCode>NF</idCode>
        <idValue>Next Flight Out</idValue>
    <idCode>NH</idCode>
        <idValue>Next Day Hundred Weight</idValue>
    <idCode>NM</idCode>
        <idValue>Next Morning</idValue>
    <idCode>NS</idCode>
        <idValue>Not Served</idValue>
    <idCode>ON</idCode>
        <idValue>Overnight</idValue>
    <idCode>PA</idCode>
        <idValue>Primary Service Area - Next Day by 10:30 A.M.</idValue>
    <idCode>PB</idCode>
        <idValue>Priority Mail</idValue>
    <idCode>PC</idCode>
        <idValue>Primary Service Area - Next Day By 9:30 AM</idValue>
    <idCode>PI</idCode>
        <idValue>Priority Mail Insured</idValue>
    <idCode>PM</idCode>
        <idValue>PM</idValue>
    <idCode>PN</idCode>
        <idValue>Primary Service Area - Next Day by Noon</idValue>
    <idCode>PO</idCode>
        <idValue>P.O. Box/Zip Code</idValue>
    <idCode>PR</idCode>
        <idValue>Primary Service Area - Next Day by 5:00 P.M.</idValue>
    <idCode>PS</idCode>
        <idValue>Primary Service Area - Second Day by Noon</idValue>
    <idCode>R1</idCode>
        <idValue>Passenger Service</idValue>
    <idCode>R2</idCode>
        <idValue>Quality Intermodal High Speed 70 Miles Per Hour (MPH)</idValue>
    <idCode>R3</idCode>
        <idValue>Other Intermodal and Stack Service</idValue>
    <idCode>R4</idCode>
        <idValue>60 Miles Per Hour (MPH) Service</idValue>
    <idCode>R5</idCode>
        <idValue>Manifest Freight</idValue>
    <idCode>R6</idCode>
        <idValue>Circus Train</idValue>
    <idCode>R7</idCode>
        <idValue>Work Train</idValue>
    <idCode>R8</idCode>
        <idValue>Commuter Service</idValue>
    <idCode>RS</idCode>
        <idValue>Authorized Return Service</idValue>
    <idCode>SA</idCode>
        <idValue>Same Day</idValue>
    <idCode>SC</idCode>
        <idValue>Second Day Air</idValue>
    <idCode>SD</idCode>
        <idValue>Saturday</idValue>
    <idCode>SE</idCode>
        <idValue>Second Day</idValue>
    <idCode>SG</idCode>
        <idValue>Standard Ground</idValue>
    <idCode>SH</idCode>
        <idValue>Second Day Hundred Weight</idValue>
    <idCode>SI</idCode>
        <idValue>Standard Ground Hundred Weight</idValue>
    <idCode>SM</idCode>
        <idValue>Second Morning</idValue>
    <idCode>SP</idCode>
        <idValue>Saturday Pickup</idValue>
    <idCode>ST</idCode>
        <idValue>Standard Class</idValue>
    <idCode>ZZ</idCode>
        <idValue>Mutually Defined</idValue>
</idList>
