<?xml version="1.0" encoding="UTF-8"?>
<!DOCTYPE idList SYSTEM "idList.dtd">
<!-- Revision 3.0.0 data/OBOE, docs,November 7, 2007, -->
<idList>
    <idCode>11</idCode>
        <idValue>Rule 11 Shipment</idValue>
    <idCode>BP</idCode>
        <idValue>Paid by Buyer</idValue>
    <idCode>CA</idCode>
        <idValue>Advance Collect</idValue>
    <idCode>CC</idCode>
        <idValue>Collect</idValue>
    <idCode>CD</idCode>
        <idValue>Collect on Delivery</idValue>
    <idCode>CF</idCode>
        <idValue>Collect, Freight Credited Back to Customer</idValue>
    <idCode>DE</idCode>
        <idValue>Per Contract</idValue>
    <idCode>DF</idCode>
        <idValue>Defined by Buyer and Seller</idValue>
    <idCode>FO</idCode>
        <idValue>FOB Port of Call</idValue>
    <idCode>HP</idCode>
        <idValue>Half Prepaid</idValue>
    <idCode>MX</idCode>
        <idValue>Mixed</idValue>
    <idCode>NC</idCode>
        <idValue>Service Freight, No Charge</idValue>
    <idCode>NR</idCode>
        <idValue>Non Revenue</idValue>
    <idCode>PA</idCode>
        <idValue>Advance Prepaid</idValue>
    <idCode>PB</idCode>
        <idValue>Customer Pick-up/Backhaul</idValue>
    <idCode>PC</idCode>
        <idValue>Prepaid but Charged to Customer</idValue>
    <idCode>PD</idCode>
        <idValue>Prepaid by Processor</idValue>
    <idCode>PE</idCode>
        <idValue>Prepaid and Summary Bill</idValue>
    <idCode>PL</idCode>
        <idValue>Prepaid Local, Collect Outstate</idValue>
    <idCode>PO</idCode>
        <idValue>Prepaid Only</idValue>
    <idCode>PP</idCode>
        <idValue>Prepaid (by Seller)</idValue>
    <idCode>PS</idCode>
        <idValue>Paid by Seller</idValue>
    <idCode>PU</idCode>
        <idValue>Pickup</idValue>
    <idCode>RC</idCode>
        <idValue>Return Container Freight Paid by Customer</idValue>
    <idCode>RF</idCode>
        <idValue>Return Container Freight Free</idValue>
    <idCode>RS</idCode>
        <idValue>Return Container Freight Paid by Supplier</idValue>
    <idCode>TP</idCode>
        <idValue>Third Party Pay</idValue>
    <idCode>WC</idCode>
        <idValue>Weight Condition</idValue>
</idList>
