<?xml version="1.0" encoding="UTF-8"?>
<!DOCTYPE idList SYSTEM "idList.dtd">
<!-- Revision 3.0.0 data/OBOE, docs,November 7, 2007, -->
<idList>
    <idCode>1</idCode>
        <idValue>Summary Electronic Invoice</idValue>
    <idCode>2</idCode>
        <idValue>Full Electronic Invoice</idValue>
    <idCode>3</idCode>
        <idValue>Printed Invoice Sent by Mail</idValue>
    <idCode>4</idCode>
        <idValue>Summary Electronic Invoice and Printed Invoice Sent by Mail</idValue>
    <idCode>5</idCode>
        <idValue>Full Electronic Invoice and Printed Invoice Sent by Mail</idValue>
    <idCode>6</idCode>
        <idValue>No paper Invoice</idValue>
    <idCode>7</idCode>
        <idValue>Summary Electronic Invoice and No paper Invoice</idValue>
    <idCode>8</idCode>
        <idValue>Full Electronic Invoice and No Paper Invoice</idValue>
    <idCode>9</idCode>
        <idValue>Electronic Mail</idValue>
    <idCode>AA</idCode>
        <idValue>Available on Request at Provider Site</idValue>
    <idCode>AC</idCode>
        <idValue>American College of Radiology/National Electronic Manufacturers Association (ACR/NEMA DICOM) Format</idValue>
    <idCode>AE</idCode>
        <idValue>Electronically After Shipping</idValue>
    <idCode>AM</idCode>
        <idValue>By Mail After Shipping</idValue>
    <idCode>AS</idCode>
        <idValue>American Society for Testing and Materials Format (ASTM E1238)</idValue>
    <idCode>AT</idCode>
        <idValue>American Society for Testing and Materials Format (ASTM E1384)</idValue>
    <idCode>AU</idCode>
        <idValue>By Data Pattern</idValue>
    <idCode>BE</idCode>
        <idValue>By Mail and Electronically</idValue>
    <idCode>BM</idCode>
        <idValue>By Mail</idValue>
    <idCode>BW</idCode>
        <idValue>Best Way (Sender&apos;s Option)</idValue>
    <idCode>CD</idCode>
        <idValue>Courier Diskette</idValue>
    <idCode>CF</idCode>
        <idValue>Courier</idValue>
    <idCode>CP</idCode>
        <idValue>Courier Paper</idValue>
    <idCode>CT</idCode>
        <idValue>Courier Tape</idValue>
    <idCode>DA</idCode>
        <idValue>Data</idValue>
    <idCode>EL</idCode>
        <idValue>Electronically Only</idValue>
    <idCode>EM</idCode>
        <idValue>E-Mail</idValue>
    <idCode>FT</idCode>
        <idValue>File Transfer</idValue>
    <idCode>FX</idCode>
        <idValue>By Fax</idValue>
    <idCode>GS</idCode>
        <idValue>On General Services Administration (GSA) Form 10050</idValue>
    <idCode>HL</idCode>
        <idValue>Health Industry Level 7 Interface Standards (HL/7) Format</idValue>
    <idCode>IA</idCode>
        <idValue>Electronic Image</idValue>
    <idCode>IE</idCode>
        <idValue>Electronically with Invoice</idValue>
    <idCode>IM</idCode>
        <idValue>By Mail with Invoice</idValue>
    <idCode>MB</idCode>
        <idValue>Binary Image</idValue>
    <idCode>MD</idCode>
        <idValue>Mail Diskette</idValue>
    <idCode>MN</idCode>
        <idValue>Magnetic Media</idValue>
    <idCode>MP</idCode>
        <idValue>Mail Paper</idValue>
    <idCode>MT</idCode>
        <idValue>Mail Tape</idValue>
    <idCode>NS</idCode>
        <idValue>Not Specified</idValue>
    <idCode>OL</idCode>
        <idValue>On-Line</idValue>
    <idCode>PO</idCode>
        <idValue>Printed Original Required</idValue>
    <idCode>SE</idCode>
        <idValue>Electronically Before Shipping</idValue>
    <idCode>SM</idCode>
        <idValue>By Mail Before Shipping</idValue>
    <idCode>SN</idCode>
        <idValue>With Ship Notice</idValue>
    <idCode>SW</idCode>
        <idValue>Society for Worldwide Interbank Financial Telecommunication (SWIFT)</idValue>
    <idCode>TA</idCode>
        <idValue>Telex</idValue>
    <idCode>TE</idCode>
        <idValue>Separately, Electronically at Time of Shipping</idValue>
    <idCode>TM</idCode>
        <idValue>Separately, by Mail at Time of Shipping</idValue>
    <idCode>TX</idCode>
        <idValue>Text</idValue>
    <idCode>VO</idCode>
        <idValue>Voice</idValue>
    <idCode>WS</idCode>
        <idValue>With Shipment (With Package)</idValue>
</idList>
