<?xml version="1.0" encoding="UTF-8"?>
<!DOCTYPE idList SYSTEM "idList.dtd">
<!-- Revision 3.0.0 data/OBOE, docs,November 7, 2007, -->
<idList>
    <idCode>1</idCode>
        <idValue>Appeal - Immediate</idValue>
    <idCode>2</idCode>
        <idValue>Appeal - Standard</idValue>
    <idCode>3</idCode>
        <idValue>Cancel</idValue>
    <idCode>4</idCode>
        <idValue>Extension</idValue>
    <idCode>5</idCode>
        <idValue>Notification</idValue>
    <idCode>6</idCode>
        <idValue>Verification</idValue>
    <idCode>A</idCode>
        <idValue>Certification of Current Cost and Pricing Data</idValue>
    <idCode>B</idCode>
        <idValue>Certification of Overhead</idValue>
    <idCode>C</idCode>
        <idValue>Certification Not Required</idValue>
    <idCode>D</idCode>
        <idValue>Final</idValue>
    <idCode>E</idCode>
        <idValue>Recertification</idValue>
    <idCode>I</idCode>
        <idValue>Initial</idValue>
    <idCode>R</idCode>
        <idValue>Renewal</idValue>
    <idCode>S</idCode>
        <idValue>Revised</idValue>
</idList>
