<?xml version="1.0" encoding="UTF-8"?>
<!DOCTYPE idList SYSTEM "idList.dtd">
<!-- Revision 3.0.0 data/OBOE, docs,November 7, 2007, -->
<idList>
    <idCode>AC</idCode>
        <idValue>Acknowledge - With Detail and Change</idValue>
    <idCode>AD</idCode>
        <idValue>Acknowledge - With Detail, No Change</idValue>
    <idCode>AE</idCode>
        <idValue>Acknowledge - With Exception Detail Only</idValue>
    <idCode>AH</idCode>
        <idValue>Acknowledge - Hold Status</idValue>
    <idCode>AK</idCode>
        <idValue>Acknowledge - No Detail or Change</idValue>
    <idCode>AP</idCode>
        <idValue>Acknowledge - Product Replenishment</idValue>
    <idCode>AT</idCode>
        <idValue>Accepted</idValue>
    <idCode>NA</idCode>
        <idValue>No Acknowledgment Needed</idValue>
    <idCode>RD</idCode>
        <idValue>Reject with Detail</idValue>
    <idCode>RF</idCode>
        <idValue>Reject with Exception Detail Only</idValue>
    <idCode>RJ</idCode>
        <idValue>Rejected - No Detail</idValue>
    <idCode>RN</idCode>
        <idValue>Rejected - Not as Agreed</idValue>
    <idCode>RO</idCode>
        <idValue>Rejected With Counter Offer</idValue>
    <idCode>RV</idCode>
        <idValue>Rejected - Violates Industry Practices</idValue>
    <idCode>ZZ</idCode>
        <idValue>Mutually Defined</idValue>
</idList>
