<?xml version="1.0"?>
<!DOCTYPE idList SYSTEM "idList.dtd">
<!-- Revision 3.1.0 OBOE  October 6, 2003 -->
<idList>
    <idCode>1</idCode>
        <idValue>Draft(s) drawn on issuing bank</idValue>
    <idCode>2</idCode>
        <idValue>Draft(s) drawn on advising bank</idValue>
    <idCode>3</idCode>
        <idValue>Draft(s) drawn on reimbursing bank</idValue>
    <idCode>4</idCode>
        <idValue>Draft(s) drawn on applicant</idValue>
    <idCode>5</idCode>
        <idValue>Draft(s) drawn on any other drawee</idValue>
    <idCode>6</idCode>
        <idValue>No drafts</idValue>
    <idCode>7</idCode>
        <idValue>Payment means specified in commercial account summary</idValue>
</idList>
