<?xml version="1.0"?>
<!DOCTYPE idList SYSTEM "idList.dtd">
<!-- Revision 3.1.0 OBOE  October 6, 2003 -->
<idList>
    <idCode>12</idCode>
        <idValue>Telephone directory</idValue>
    <idCode>16</idCode>
        <idValue>Postcode directory</idValue>
    <idCode>23</idCode>
        <idValue>Clearing house automated payment</idValue>
    <idCode>25</idCode>
        <idValue>Bank identification</idValue>
    <idCode>33</idCode>
        <idValue>Commercial And Government Entity (CAGE)</idValue>
    <idCode>34</idCode>
        <idValue>Reinsurance policy attributes</idValue>
    <idCode>35</idCode>
        <idValue>Rail additional charges</idValue>
    <idCode>36</idCode>
        <idValue>Railways networks</idValue>
    <idCode>37</idCode>
        <idValue>Railway locations</idValue>
    <idCode>38</idCode>
        <idValue>Rail customers</idValue>
    <idCode>39</idCode>
        <idValue>Rail unified nomenclature of goods</idValue>
    <idCode>40</idCode>
        <idValue>Reinsurance monetary type</idValue>
    <idCode>42</idCode>
        <idValue>Business function</idValue>
    <idCode>43</idCode>
        <idValue>Clearing House Interbank Payment System Participants ID</idValue>
    <idCode>44</idCode>
        <idValue>Clearing House Interbank Payment System Universal ID</idValue>
    <idCode>45</idCode>
        <idValue>United Nations Common Coding System (UNCCS)</idValue>
    <idCode>46</idCode>
        <idValue>DUNS (Dun and Bradstreet) +4</idValue>
    <idCode>47</idCode>
        <idValue>Occupation classification</idValue>
    <idCode>48</idCode>
        <idValue>Policy reserve valuation type</idValue>
    <idCode>49</idCode>
        <idValue>Life reinsurance message type</idValue>
    <idCode>52</idCode>
        <idValue>Value added tax identification</idValue>
    <idCode>53</idCode>
        <idValue>Passport number</idValue>
    <idCode>54</idCode>
        <idValue>Statistical object</idValue>
    <idCode>55</idCode>
        <idValue>Quality conformance</idValue>
    <idCode>56</idCode>
        <idValue>Safety regulation</idValue>
    <idCode>57</idCode>
        <idValue>Product code</idValue>
    <idCode>58</idCode>
        <idValue>Business account number</idValue>
    <idCode>59</idCode>
        <idValue>Railway services harmonized code</idValue>
    <idCode>60</idCode>
        <idValue>Type of financial account</idValue>
    <idCode>61</idCode>
        <idValue>Type of assets and liabilities</idValue>
    <idCode>62</idCode>
        <idValue>Requirements indicator</idValue>
    <idCode>63</idCode>
        <idValue>Handling action</idValue>
    <idCode>64</idCode>
        <idValue>Freight forwarder</idValue>
    <idCode>65</idCode>
        <idValue>Shipping agent</idValue>
    <idCode>67</idCode>
        <idValue>Type of package</idValue>
    <idCode>68</idCode>
        <idValue>Type of industrial activity</idValue>
    <idCode>69</idCode>
        <idValue>Type of survey question</idValue>
    <idCode>70</idCode>
        <idValue>Customs inspection type</idValue>
    <idCode>71</idCode>
        <idValue>Nature of transaction</idValue>
    <idCode>72</idCode>
        <idValue>Container terminal</idValue>
    <idCode>73</idCode>
        <idValue>Insurance information indicator</idValue>
    <idCode>74</idCode>
        <idValue>Joint life insurance indicator</idValue>
    <idCode>75</idCode>
        <idValue>Import commodity classification (US Schedule A)</idValue>
    <idCode>76</idCode>
        <idValue>Export commodity classification (US Schedule B)</idValue>
    <idCode>77</idCode>
        <idValue>Customs domestic port location codes (US Schedule D)</idValue>
    <idCode>78</idCode>
        <idValue>Customs foreign port location codes (US Schedule K)</idValue>
    <idCode>79</idCode>
        <idValue>Functional group</idValue>
    <idCode>80</idCode>
        <idValue>Application error code</idValue>
    <idCode>81</idCode>
        <idValue>Policy type</idValue>
    <idCode>82</idCode>
        <idValue>Type of insured</idValue>
    <idCode>83</idCode>
        <idValue>Occupation code</idValue>
    <idCode>84</idCode>
        <idValue>State code</idValue>
    <idCode>85</idCode>
        <idValue>Technical Assessment Checklist (TAC)</idValue>
    <idCode>86</idCode>
        <idValue>Syntax notes</idValue>
    <idCode>100</idCode>
        <idValue>Enhanced party identification</idValue>
    <idCode>101</idCode>
        <idValue>Air carrier</idValue>
    <idCode>102</idCode>
        <idValue>Size and type</idValue>
    <idCode>103</idCode>
        <idValue>Call sign directory</idValue>
    <idCode>104</idCode>
        <idValue>Customs area of transaction</idValue>
    <idCode>105</idCode>
        <idValue>Customs declaration type</idValue>
    <idCode>106</idCode>
        <idValue>Incoterms 1980</idValue>
    <idCode>107</idCode>
        <idValue>Excise duty</idValue>
    <idCode>108</idCode>
        <idValue>Tariff schedule</idValue>
    <idCode>109</idCode>
        <idValue>Customs indicator</idValue>
    <idCode>110</idCode>
        <idValue>Customs special codes</idValue>
    <idCode>112</idCode>
        <idValue>Statistical nature of transaction</idValue>
    <idCode>113</idCode>
        <idValue>Customs office</idValue>
    <idCode>114</idCode>
        <idValue>Railcar letter marking</idValue>
    <idCode>115</idCode>
        <idValue>Examination facility</idValue>
    <idCode>116</idCode>
        <idValue>Customs preference</idValue>
    <idCode>117</idCode>
        <idValue>Customs procedure</idValue>
    <idCode>118</idCode>
        <idValue>Government agency procedure</idValue>
    <idCode>119</idCode>
        <idValue>Customs simplified procedure</idValue>
    <idCode>120</idCode>
        <idValue>Customs status of goods</idValue>
    <idCode>121</idCode>
        <idValue>Shipment description</idValue>
    <idCode>122</idCode>
        <idValue>Commodity</idValue>
    <idCode>123</idCode>
        <idValue>Entitlement</idValue>
    <idCode>125</idCode>
        <idValue>Customs transit guarantee</idValue>
    <idCode>126</idCode>
        <idValue>Accounting information identifier</idValue>
    <idCode>127</idCode>
        <idValue>Customs valuation method</idValue>
    <idCode>128</idCode>
        <idValue>Service</idValue>
    <idCode>129</idCode>
        <idValue>Customs warehouse</idValue>
    <idCode>130</idCode>
        <idValue>Special handling</idValue>
    <idCode>131</idCode>
        <idValue>Free zone</idValue>
    <idCode>132</idCode>
        <idValue>Charge</idValue>
    <idCode>133</idCode>
        <idValue>Financial regime</idValue>
    <idCode>134</idCode>
        <idValue>Duty, tax or fee payment method</idValue>
    <idCode>135</idCode>
        <idValue>Rate class</idValue>
    <idCode>136</idCode>
        <idValue>Restrictions/prohibitions on re-use of certain wagons</idValue>
    <idCode>137</idCode>
        <idValue>Rail harmonized codification of tariffs</idValue>
    <idCode>139</idCode>
        <idValue>Port</idValue>
    <idCode>140</idCode>
        <idValue>Area</idValue>
    <idCode>141</idCode>
        <idValue>Forwarding restrictions</idValue>
    <idCode>142</idCode>
        <idValue>Train identification</idValue>
    <idCode>143</idCode>
        <idValue>Removable accessories and special equipment on railcars</idValue>
    <idCode>144</idCode>
        <idValue>Rail routes</idValue>
    <idCode>145</idCode>
        <idValue>Airport/city</idValue>
    <idCode>146</idCode>
        <idValue>Means of transport identification</idValue>
    <idCode>147</idCode>
        <idValue>Document requested by Customs</idValue>
    <idCode>148</idCode>
        <idValue>Customs release notification</idValue>
    <idCode>149</idCode>
        <idValue>Customs transit type</idValue>
    <idCode>150</idCode>
        <idValue>Financial routing</idValue>
    <idCode>151</idCode>
        <idValue>Locations for tariff calculation</idValue>
    <idCode>152</idCode>
        <idValue>Materials</idValue>
    <idCode>153</idCode>
        <idValue>Methods of payment</idValue>
    <idCode>154</idCode>
        <idValue>Bank branch sorting identification</idValue>
    <idCode>155</idCode>
        <idValue>Automated clearing house</idValue>
    <idCode>156</idCode>
        <idValue>Location of goods</idValue>
    <idCode>157</idCode>
        <idValue>Clearing code</idValue>
    <idCode>158</idCode>
        <idValue>Terms of delivery</idValue>
    <idCode>160</idCode>
        <idValue>Party identification</idValue>
    <idCode>161</idCode>
        <idValue>Goods description</idValue>
    <idCode>162</idCode>
        <idValue>Country</idValue>
    <idCode>163</idCode>
        <idValue>Country sub-entity</idValue>
    <idCode>164</idCode>
        <idValue>Member organizations</idValue>
    <idCode>165</idCode>
        <idValue>Amendment code (Customs)</idValue>
    <idCode>166</idCode>
        <idValue>Social security identification</idValue>
    <idCode>167</idCode>
        <idValue>Tax party identification</idValue>
    <idCode>168</idCode>
        <idValue>Rail document names</idValue>
    <idCode>169</idCode>
        <idValue>Harmonized system</idValue>
    <idCode>170</idCode>
        <idValue>Bank securities code</idValue>
    <idCode>172</idCode>
        <idValue>Carrier code</idValue>
    <idCode>173</idCode>
        <idValue>Export requirements</idValue>
    <idCode>174</idCode>
        <idValue>Citizen identification</idValue>
    <idCode>175</idCode>
        <idValue>Account analysis codes</idValue>
    <idCode>176</idCode>
        <idValue>Flow of the goods</idValue>
    <idCode>177</idCode>
        <idValue>Statistical procedures</idValue>
    <idCode>178</idCode>
        <idValue>Standard text according US embargo regulations</idValue>
    <idCode>179</idCode>
        <idValue>Standard text for export according national prescriptions</idValue>
    <idCode>180</idCode>
        <idValue>Airport terminal</idValue>
    <idCode>181</idCode>
        <idValue>Activity</idValue>
    <idCode>182</idCode>
        <idValue>Combiterms 1990</idValue>
    <idCode>183</idCode>
        <idValue>Dangerous goods packing type</idValue>
    <idCode>184</idCode>
        <idValue>Tax assessment method</idValue>
    <idCode>185</idCode>
        <idValue>Item type</idValue>
    <idCode>186</idCode>
        <idValue>Product supply condition</idValue>
    <idCode>187</idCode>
        <idValue>Supplier&apos;s stock turnover</idValue>
    <idCode>188</idCode>
        <idValue>Article status</idValue>
    <idCode>189</idCode>
        <idValue>Quality control code</idValue>
    <idCode>190</idCode>
        <idValue>Item sourcing category</idValue>
    <idCode>191</idCode>
        <idValue>Dumping or countervailing assessment method</idValue>
    <idCode>192</idCode>
        <idValue>Dumping specification</idValue>
    <idCode>193</idCode>
        <idValue>Legal event</idValue>
    <idCode>194</idCode>
        <idValue>Record precedence based on its currency in time</idValue>
    <idCode>195</idCode>
        <idValue>Ownership rights</idValue>
    <idCode>196</idCode>
        <idValue>Property ownership extent</idValue>
    <idCode>197</idCode>
        <idValue>Monetary function detail</idValue>
    <idCode>198</idCode>
        <idValue>Account relationship type</idValue>
    <idCode>199</idCode>
        <idValue>Account rating</idValue>
    <idCode>200</idCode>
        <idValue>Loan type</idValue>
    <idCode>201</idCode>
        <idValue>Claim type</idValue>
    <idCode>202</idCode>
        <idValue>Legal case type</idValue>
    <idCode>203</idCode>
        <idValue>Court of law event type</idValue>
    <idCode>204</idCode>
        <idValue>Notice type</idValue>
    <idCode>205</idCode>
        <idValue>Ethnicity</idValue>
    <idCode>206</idCode>
        <idValue>Individual participation in company</idValue>
    <idCode>207</idCode>
        <idValue>Real estate asset type</idValue>
    <idCode>208</idCode>
        <idValue>Asset recurrence</idValue>
    <idCode>209</idCode>
        <idValue>Construction material</idValue>
    <idCode>210</idCode>
        <idValue>Information request type</idValue>
    <idCode>211</idCode>
        <idValue>Business change</idValue>
    <idCode>212</idCode>
        <idValue>Business credit rating</idValue>
    <idCode>213</idCode>
        <idValue>Corporate financial filing criteria</idValue>
    <idCode>214</idCode>
        <idValue>Reason for public record filing</idValue>
    <idCode>215</idCode>
        <idValue>Registration type</idValue>
    <idCode>216</idCode>
        <idValue>Stock exchange detail</idValue>
    <idCode>217</idCode>
        <idValue>Business legal structure type</idValue>
    <idCode>218</idCode>
        <idValue>Information request result</idValue>
    <idCode>219</idCode>
        <idValue>Financial information type</idValue>
    <idCode>220</idCode>
        <idValue>Consolidation detail</idValue>
    <idCode>221</idCode>
        <idValue>Condition detail</idValue>
    <idCode>222</idCode>
        <idValue>Financial statement format</idValue>
    <idCode>223</idCode>
        <idValue>Source of disclosure</idValue>
    <idCode>224</idCode>
        <idValue>General territory type</idValue>
    <idCode>225</idCode>
        <idValue>Roadway type</idValue>
    <idCode>226</idCode>
        <idValue>Roadway detail</idValue>
    <idCode>227</idCode>
        <idValue>City</idValue>
    <idCode>228</idCode>
        <idValue>County</idValue>
    <idCode>229</idCode>
        <idValue>Geographic location</idValue>
    <idCode>230</idCode>
        <idValue>Entity relationship</idValue>
    <idCode>231</idCode>
        <idValue>Payment behaviour rating</idValue>
    <idCode>232</idCode>
        <idValue>Inquiry selection</idValue>
    <idCode>233</idCode>
        <idValue>Rating summary value</idValue>
    <idCode>234</idCode>
        <idValue>Industry rating</idValue>
    <idCode>235</idCode>
        <idValue>Forecast type</idValue>
    <idCode>236</idCode>
        <idValue>Hobby</idValue>
    <idCode>237</idCode>
        <idValue>Functional business area</idValue>
    <idCode>238</idCode>
        <idValue>Current asset details</idValue>
    <idCode>239</idCode>
        <idValue>Asset details</idValue>
    <idCode>240</idCode>
        <idValue>Current liability details</idValue>
    <idCode>241</idCode>
        <idValue>Liability details</idValue>
    <idCode>242</idCode>
        <idValue>Financial item reclassification</idValue>
    <idCode>243</idCode>
        <idValue>Financial item allocation</idValue>
    <idCode>244</idCode>
        <idValue>Reason for financial item detail change</idValue>
    <idCode>245</idCode>
        <idValue>Educational institution type</idValue>
    <idCode>246</idCode>
        <idValue>Educational study area</idValue>
    <idCode>247</idCode>
        <idValue>Security share type</idValue>
    <idCode>248</idCode>
        <idValue>Insurance coverage detail</idValue>
    <idCode>249</idCode>
        <idValue>Property type</idValue>
    <idCode>250</idCode>
        <idValue>Data category</idValue>
    <idCode>251</idCode>
        <idValue>Information type</idValue>
    <idCode>252</idCode>
        <idValue>Court of law type</idValue>
    <idCode>253</idCode>
        <idValue>Region</idValue>
    <idCode>254</idCode>
        <idValue>Postal service carrier route</idValue>
    <idCode>255</idCode>
        <idValue>Continent</idValue>
    <idCode>256</idCode>
        <idValue>Postal district</idValue>
    <idCode>257</idCode>
        <idValue>Non-postal town</idValue>
    <idCode>258</idCode>
        <idValue>City subdivision</idValue>
    <idCode>259</idCode>
        <idValue>Financial analysis categories</idValue>
    <idCode>260</idCode>
        <idValue>Accord Europeen relatif au transport international des marchandises(ADR).</idValue>
    <idCode>261</idCode>
        <idValue>Consignee&apos;s premises</idValue>
    <idCode>262</idCode>
        <idValue>Consignor&apos;s premises</idValue>
    <idCode>263</idCode>
        <idValue>Packing and/or unpacking facility</idValue>
    <idCode>264</idCode>
        <idValue>Storage facility</idValue>
    <idCode>265</idCode>
        <idValue>Repair facility</idValue>
    <idCode>266</idCode>
        <idValue>Marine berth</idValue>
    <idCode>267</idCode>
        <idValue>Marine wharf</idValue>
    <idCode>268</idCode>
        <idValue>Gate</idValue>
    <idCode>269</idCode>
        <idValue>Warehouse</idValue>
    <idCode>270</idCode>
        <idValue>Business classification</idValue>
    <idCode>271</idCode>
        <idValue>Facility security clearance</idValue>
    <idCode>272</idCode>
        <idValue>Individual security clearance</idValue>
    <idCode>273</idCode>
        <idValue>Means of communications identifier</idValue>
    <idCode>ZZZ</idCode>
        <idValue>Mutually defined</idValue>
</idList>
