<?xml version="1.0"?>
<!DOCTYPE idList SYSTEM "idList.dtd">
<!-- Revision 3.1.0 OBOE  October 6, 2003 -->
<idList>
    <idCode>AA</idCode>
        <idValue>Account Analysis (822)</idValue>
    <idCode>AB</idCode>
        <idValue>Logistics Service Request (219)</idValue>
    <idCode>AD</idCode>
        <idValue>Individual Life, Annuity and Disability Application (267)</idValue>
    <idCode>AF</idCode>
        <idValue>Application for Admission to Educational Institutions (189)</idValue>
    <idCode>AG</idCode>
        <idValue>Application Advice (824)</idValue>
    <idCode>AH</idCode>
        <idValue>Logistics Service Response (220)</idValue>
    <idCode>AI</idCode>
        <idValue>Automotive Inspection Detail (928)</idValue>
    <idCode>AK</idCode>
        <idValue>Student Educational Record (Transcript) Acknowledgment (131)</idValue>
    <idCode>AL</idCode>
        <idValue>Set Cancellation (998) and Application Acceptance/Rejection Advice (499)</idValue>
    <idCode>AN</idCode>
        <idValue>Return Merchandise Authorization and Notification (180)</idValue>
    <idCode>AO</idCode>
        <idValue>Income or Asset Offset (521)</idValue>
    <idCode>AR</idCode>
        <idValue>Warehouse Stock Transfer Shipment Advice (943)</idValue>
    <idCode>AS</idCode>
        <idValue>Transportation Appointment Schedule Information (163)</idValue>
    <idCode>AT</idCode>
        <idValue>Animal Toxicological Data (249)</idValue>
    <idCode>AW</idCode>
        <idValue>Warehouse Inventory Adjustment Advice (947)</idValue>
    <idCode>BC</idCode>
        <idValue>Business Credit Report (155)</idValue>
    <idCode>BE</idCode>
        <idValue>Benefit Enrollment and Maintenance (834)</idValue>
    <idCode>BF</idCode>
        <idValue>Business Entity Filings (105)</idValue>
    <idCode>BL</idCode>
        <idValue>Motor Carrier Bill of Lading (211)</idValue>
    <idCode>BS</idCode>
        <idValue>Shipment and Billing Notice (857)</idValue>
    <idCode>CA</idCode>
        <idValue>Purchase Order Change Acknowledgment/Request - Seller Initiated (865)</idValue>
    <idCode>CB</idCode>
        <idValue>Unemployment Insurance Tax Claim or Charge Information (153)</idValue>
    <idCode>CC</idCode>
        <idValue>Clauses and Provisions (504)</idValue>
    <idCode>CD</idCode>
        <idValue>Credit/Debit Adjustment (812)</idValue>
    <idCode>CE</idCode>
        <idValue>Cartage Work Assignment (222)</idValue>
    <idCode>CF</idCode>
        <idValue>Corporate Financial Adjustment Information (844 and 849)</idValue>
    <idCode>CG</idCode>
        <idValue>Administrative Message (994)</idValue>
    <idCode>CH</idCode>
        <idValue>Car Handling Information (420)</idValue>
    <idCode>CI</idCode>
        <idValue>Consolidated Service Invoice/Statement (811)</idValue>
    <idCode>CJ</idCode>
        <idValue>Manufacturer Coupon Family Code Structure (877)</idValue>
    <idCode>CK</idCode>
        <idValue>Manufacturer Coupon Redemption Detail (881)</idValue>
    <idCode>CM</idCode>
        <idValue>Component Parts Content (871)</idValue>
    <idCode>CN</idCode>
        <idValue>Coupon Notification (887)</idValue>
    <idCode>CO</idCode>
        <idValue>Cooperative Advertising Agreements (290)</idValue>
    <idCode>CP</idCode>
        <idValue>Electronic Proposal Information (251, 805)</idValue>
    <idCode>CR</idCode>
        <idValue>Rail Carhire Settlements (414)</idValue>
    <idCode>CS</idCode>
        <idValue>Cryptographic Service Message (815)</idValue>
    <idCode>CT</idCode>
        <idValue>Application Control Totals (831)</idValue>
    <idCode>CV</idCode>
        <idValue>Commercial Vehicle Safety and Credentials Information Exchange (285)</idValue>
    <idCode>D3</idCode>
        <idValue>Contract Completion Status (567)</idValue>
    <idCode>D4</idCode>
        <idValue>Contract Abstract (561)</idValue>
    <idCode>D5</idCode>
        <idValue>Contract Payment Management Report (568)</idValue>
    <idCode>DA</idCode>
        <idValue>Debit Authorization (828)</idValue>
    <idCode>DD</idCode>
        <idValue>Shipment Delivery Discrepancy Information (854)</idValue>
    <idCode>DF</idCode>
        <idValue>Market Development Fund Allocation (883)</idValue>
    <idCode>DI</idCode>
        <idValue>Dealer Information (128)</idValue>
    <idCode>DM</idCode>
        <idValue>Shipper&apos;s Car Order (422)</idValue>
    <idCode>DS</idCode>
        <idValue>Data Status Tracking (242)</idValue>
    <idCode>DX</idCode>
        <idValue>Direct Exchange Delivery and Return Information (894, 895)</idValue>
    <idCode>EC</idCode>
        <idValue>Educational Course Inventory (188)</idValue>
    <idCode>ED</idCode>
        <idValue>Student Educational Record (Transcript) (130)</idValue>
    <idCode>EI</idCode>
        <idValue>Railroad Equipment Inquiry or Advice (456)</idValue>
    <idCode>ER</idCode>
        <idValue>Revenue Receipts Statement (170)</idValue>
    <idCode>ES</idCode>
        <idValue>Notice of Employment Status (540)</idValue>
    <idCode>EV</idCode>
        <idValue>Railroad Event Report (451)</idValue>
    <idCode>EX</idCode>
        <idValue>Excavation Communication (620)</idValue>
    <idCode>FA</idCode>
        <idValue>Functional Acknowledgment (997)</idValue>
    <idCode>FB</idCode>
        <idValue>Freight Invoice (859)</idValue>
    <idCode>FC</idCode>
        <idValue>Court and Law Enforcement Information (175, 176)</idValue>
    <idCode>FG</idCode>
        <idValue>Motor Carrier Loading and Route Guide (217)</idValue>
    <idCode>FH</idCode>
        <idValue>Motor Carrier Tariff Information (218)</idValue>
    <idCode>FR</idCode>
        <idValue>Financial Reporting (821, 827)</idValue>
    <idCode>FT</idCode>
        <idValue>File Transfer (996)</idValue>
    <idCode>GB</idCode>
        <idValue>Average Agreement Demurrage (423)</idValue>
    <idCode>GC</idCode>
        <idValue>Damage Claim Transaction Sets (920, 924, 925, 926)</idValue>
    <idCode>GE</idCode>
        <idValue>General Request, Response or Confirmation (814)</idValue>
    <idCode>GF</idCode>
        <idValue>Response to a Load Tender (990)</idValue>
    <idCode>GL</idCode>
        <idValue>Intermodal Group Loading Plan (715)</idValue>
    <idCode>GP</idCode>
        <idValue>Grocery Products Invoice (880)</idValue>
    <idCode>GR</idCode>
        <idValue>Statistical Government Information (152)</idValue>
    <idCode>GT</idCode>
        <idValue>Grant or Assistance Application (194)</idValue>
    <idCode>HB</idCode>
        <idValue>Eligibility, Coverage or Benefit Information (271)</idValue>
    <idCode>HC</idCode>
        <idValue>Health Care Claim (837)</idValue>
    <idCode>HI</idCode>
        <idValue>Health Care Services Review Information (278)</idValue>
    <idCode>HN</idCode>
        <idValue>Health Care Claim Status Notification (277)</idValue>
    <idCode>HP</idCode>
        <idValue>Health Care Claim Payment/Advice (835)</idValue>
    <idCode>HR</idCode>
        <idValue>Health Care Claim Status Request (276)</idValue>
    <idCode>HS</idCode>
        <idValue>Eligibility, Coverage or Benefit Inquiry (270)</idValue>
    <idCode>IA</idCode>
        <idValue>Air Freight Details and Invoice (110, 980)</idValue>
    <idCode>IB</idCode>
        <idValue>Inventory Inquiry/Advice (846)</idValue>
    <idCode>IC</idCode>
        <idValue>Rail Advance Interchange Consist (418)</idValue>
    <idCode>ID</idCode>
        <idValue>Insurance/Annuity Application Status (273)</idValue>
    <idCode>IE</idCode>
        <idValue>Insurance Producer Administration (252)</idValue>
    <idCode>IG</idCode>
        <idValue>Direct Store Delivery Summary Information (882)</idValue>
    <idCode>II</idCode>
        <idValue>Rail Freight Details and Invoice Summary (411)</idValue>
    <idCode>IJ</idCode>
        <idValue>Report of Injury, Illness or Incident (148)</idValue>
    <idCode>IM</idCode>
        <idValue>Motor Carrier Freight Details and Invoice (210, 980)</idValue>
    <idCode>IN</idCode>
        <idValue>Invoice Information (810,819)</idValue>
    <idCode>IO</idCode>
        <idValue>Ocean Shipment Billing Details (310, 312, 980)</idValue>
    <idCode>IP</idCode>
        <idValue>Intermodal Ramp Activity (622)</idValue>
    <idCode>IR</idCode>
        <idValue>Rail Carrier Freight Details and Invoice (410, 980)</idValue>
    <idCode>IS</idCode>
        <idValue>Estimated Time of Arrival and Car Scheduling (421)</idValue>
    <idCode>KM</idCode>
        <idValue>Commercial Vehicle Credentials (286)</idValue>
    <idCode>LA</idCode>
        <idValue>Federal Communications Commission (FCC) License Application (195)</idValue>
    <idCode>LB</idCode>
        <idValue>Lockbox (823)</idValue>
    <idCode>LI</idCode>
        <idValue>Locomotive Information (436)</idValue>
    <idCode>LN</idCode>
        <idValue>Property and Casualty Loss Notification (272)</idValue>
    <idCode>LR</idCode>
        <idValue>Logistics Reassignment (536)</idValue>
    <idCode>LS</idCode>
        <idValue>Asset Schedule (851)</idValue>
    <idCode>LT</idCode>
        <idValue>Student Loan Transfer and Status Verification (144)</idValue>
    <idCode>MA</idCode>
        <idValue>Motor Carrier Summary Freight Bill Manifest (224)</idValue>
    <idCode>MC</idCode>
        <idValue>Request for Motor Carrier Rate Proposal (107)</idValue>
    <idCode>MD</idCode>
        <idValue>Department of Defense Inventory Management (527)</idValue>
    <idCode>ME</idCode>
        <idValue>Mortgage Origination (198, 200, 201, 261, 262, 263, 833, 872)</idValue>
    <idCode>MF</idCode>
        <idValue>Market Development Funds Settlement (884)</idValue>
    <idCode>MG</idCode>
        <idValue>Mortgage Servicing Transaction Sets (203, 206, 260, 264, 266)</idValue>
    <idCode>MH</idCode>
        <idValue>Motor Carrier Rate Proposal (106)</idValue>
    <idCode>MI</idCode>
        <idValue>Motor Carrier Shipment Status Inquiry (213)</idValue>
    <idCode>MJ</idCode>
        <idValue>Secondary Mortgage Market Loan Delivery (202)</idValue>
    <idCode>MK</idCode>
        <idValue>Response to a Motor Carrier Rate Proposal (108)</idValue>
    <idCode>MM</idCode>
        <idValue>Medical Event Reporting (500)</idValue>
    <idCode>MN</idCode>
        <idValue>Mortgage Note (205)</idValue>
    <idCode>MO</idCode>
        <idValue>Maintenance Service Order (650)</idValue>
    <idCode>MP</idCode>
        <idValue>Motion Picture Booking Confirmation (159)</idValue>
    <idCode>MQ</idCode>
        <idValue>Consolidators Freight Bill and Invoice (223)</idValue>
    <idCode>MR</idCode>
        <idValue>Multilevel Railcar Load Details (125)</idValue>
    <idCode>MS</idCode>
        <idValue>Material Safety Data Sheet (848)</idValue>
    <idCode>MT</idCode>
        <idValue>Electronic Form Structure (868)</idValue>
    <idCode>MV</idCode>
        <idValue>Material Obligation Validation (517)</idValue>
    <idCode>MW</idCode>
        <idValue>Rail Waybill Response (427)</idValue>
    <idCode>MX</idCode>
        <idValue>Material Claim (847)</idValue>
    <idCode>MY</idCode>
        <idValue>Response to a Cartage Work Assignment (225)</idValue>
    <idCode>NC</idCode>
        <idValue>Nonconformance Report (842)</idValue>
    <idCode>NL</idCode>
        <idValue>Name and Address Lists (101)</idValue>
    <idCode>NP</idCode>
        <idValue>Notice of Power of Attorney (157)</idValue>
    <idCode>NT</idCode>
        <idValue>Notice of Tax Adjustment or Assessment (149)</idValue>
    <idCode>OC</idCode>
        <idValue>Cargo Insurance Advice of Shipment (362)</idValue>
    <idCode>OG</idCode>
        <idValue>Order Group - Grocery (875, 876)</idValue>
    <idCode>OR</idCode>
        <idValue>Organizational Relationships (816)</idValue>
    <idCode>OW</idCode>
        <idValue>Warehouse Shipping Order (940)</idValue>
    <idCode>PA</idCode>
        <idValue>Price Authorization Acknowledgment/Status (845)</idValue>
    <idCode>PB</idCode>
        <idValue>Railroad Parameter Trace Registration (455)</idValue>
    <idCode>PC</idCode>
        <idValue>Purchase Order Change Request - Buyer Initiated (860)</idValue>
    <idCode>PD</idCode>
        <idValue>Product Activity Data (852)</idValue>
    <idCode>PE</idCode>
        <idValue>Periodic Compensation (256)</idValue>
    <idCode>PF</idCode>
        <idValue>Annuity Activity (268)</idValue>
    <idCode>PG</idCode>
        <idValue>Insurance Plan Description (100)</idValue>
    <idCode>PH</idCode>
        <idValue>Pricing History (503)</idValue>
    <idCode>PI</idCode>
        <idValue>Patient Information (275)</idValue>
    <idCode>PJ</idCode>
        <idValue>Project Schedule Reporting (806)</idValue>
    <idCode>PK</idCode>
        <idValue>Project Cost Reporting (839) and Contractor Cost Data Reporting (196)</idValue>
    <idCode>PL</idCode>
        <idValue>Railroad Problem Log Inquiry or Advice (452)</idValue>
    <idCode>PN</idCode>
        <idValue>Product Source Information (244)</idValue>
    <idCode>PO</idCode>
        <idValue>Purchase Order (850)</idValue>
    <idCode>PQ</idCode>
        <idValue>Property Damage Report (112)</idValue>
    <idCode>PR</idCode>
        <idValue>Purchase Order Acknowledgement (855)</idValue>
    <idCode>PS</idCode>
        <idValue>Planning Schedule with Release Capability (830)</idValue>
    <idCode>PT</idCode>
        <idValue>Product Transfer and Resale Report (867)</idValue>
    <idCode>PU</idCode>
        <idValue>Motor Carrier Shipment Pick-up Notification (216)</idValue>
    <idCode>PV</idCode>
        <idValue>Purchase Order Shipment Management Document (250)</idValue>
    <idCode>PY</idCode>
        <idValue>Payment Cancellation Request (829)</idValue>
    <idCode>QG</idCode>
        <idValue>Product Information (878, 879, 888, 889, 893, 896)</idValue>
    <idCode>QM</idCode>
        <idValue>Transportation Carrier Shipment Status Message (214)</idValue>
    <idCode>QO</idCode>
        <idValue>Ocean Shipment Status Information (313, 315)</idValue>
    <idCode>RA</idCode>
        <idValue>Payment Order/Remittance Advice (820)</idValue>
    <idCode>RB</idCode>
        <idValue>Railroad Clearance (470)</idValue>
    <idCode>RC</idCode>
        <idValue>Receiving Advice/Acceptance Certificate (861)</idValue>
    <idCode>RD</idCode>
        <idValue>Royalty Regulatory Report (185)</idValue>
    <idCode>RE</idCode>
        <idValue>Warehouse Stock Receipt Advice (944)</idValue>
    <idCode>RH</idCode>
        <idValue>Railroad Reciprocal Switch File (433)</idValue>
    <idCode>RI</idCode>
        <idValue>Routing and Carrier Instruction (853)</idValue>
    <idCode>RJ</idCode>
        <idValue>Railroad Mark Register Update Activity (434)</idValue>
    <idCode>RK</idCode>
        <idValue>Standard Transportation Commodity Code Master (435)</idValue>
    <idCode>RL</idCode>
        <idValue>Rail Industrial Switch List (423)</idValue>
    <idCode>RM</idCode>
        <idValue>Railroad Station Master File (431)</idValue>
    <idCode>RN</idCode>
        <idValue>Requisition Transaction (511)</idValue>
    <idCode>RO</idCode>
        <idValue>Ocean Booking Information (300, 301, 303)</idValue>
    <idCode>RP</idCode>
        <idValue>Commission Sales Report (818)</idValue>
    <idCode>RQ</idCode>
        <idValue>Request for Quotation (840) and Procurement Notices (836)</idValue>
    <idCode>RR</idCode>
        <idValue>Response to Request For Quotation (843)</idValue>
    <idCode>RS</idCode>
        <idValue>Order Status Information (869, 870)</idValue>
    <idCode>RT</idCode>
        <idValue>Report of Test Results (863)</idValue>
    <idCode>RU</idCode>
        <idValue>Railroad Retirement Activity (429)</idValue>
    <idCode>RV</idCode>
        <idValue>Railroad Junctions and Interchanges Activity (437)</idValue>
    <idCode>RW</idCode>
        <idValue>Rail Revenue Waybill (426)</idValue>
    <idCode>RX</idCode>
        <idValue>Rail Deprescription (432)</idValue>
    <idCode>RY</idCode>
        <idValue>Request for Student Educational Record (Transcript) (146)</idValue>
    <idCode>RZ</idCode>
        <idValue>Response to Request for Student Educational Record (Transcript) (147)</idValue>
    <idCode>SA</idCode>
        <idValue>Air Shipment Information (104)</idValue>
    <idCode>SB</idCode>
        <idValue>Switch Rails (424)</idValue>
    <idCode>SC</idCode>
        <idValue>Price/Sales Catalog (832)</idValue>
    <idCode>SD</idCode>
        <idValue>Student Loan Pre-Claims and Claims (191)</idValue>
    <idCode>SE</idCode>
        <idValue>Shipper&apos;s Export Declaration (601)</idValue>
    <idCode>SG</idCode>
        <idValue>SG Receiving Advice - Grocery (885)</idValue>
    <idCode>SH</idCode>
        <idValue>Ship Notice/Manifest (856)</idValue>
    <idCode>SI</idCode>
        <idValue>Shipment Information (858)</idValue>
    <idCode>SJ</idCode>
        <idValue>Transportation Automatic Equipment Identification (160)</idValue>
    <idCode>SL</idCode>
        <idValue>Student Loan Application and Guarantee (135, 139)</idValue>
    <idCode>SM</idCode>
        <idValue>Motor Carrier Load Tender (204)</idValue>
    <idCode>SN</idCode>
        <idValue>Rail Route File Maintenance (475)</idValue>
    <idCode>SO</idCode>
        <idValue>Owner</idValue>
    <idCode>SP</idCode>
        <idValue>Specifications/Technical Information (841)</idValue>
    <idCode>SQ</idCode>
        <idValue>Production Sequence (866)</idValue>
    <idCode>SR</idCode>
        <idValue>Rail Carrier Shipment Information (404, 419)</idValue>
    <idCode>SS</idCode>
        <idValue>Shipping Schedule (862)</idValue>
    <idCode>ST</idCode>
        <idValue>Railroad Service Commitment Advice (453)</idValue>
    <idCode>SU</idCode>
        <idValue>Account Assignment/Inquiry and Service/Status (248)</idValue>
    <idCode>SV</idCode>
        <idValue>Student Enrollment Verification (190)</idValue>
    <idCode>SW</idCode>
        <idValue>Warehouse Shipping Advice (945)</idValue>
    <idCode>TA</idCode>
        <idValue>Electronic Filing of Tax Return Data Acknowledgment (151)</idValue>
    <idCode>TC</idCode>
        <idValue>Court Submission (176)</idValue>
    <idCode>TD</idCode>
        <idValue>Trading Partner Profile (838)</idValue>
    <idCode>TF</idCode>
        <idValue>Electronic Filing of Tax Return Data (813)</idValue>
    <idCode>TI</idCode>
        <idValue>Tax Information Exchange (826)</idValue>
    <idCode>TM</idCode>
        <idValue>Motor Carrier Delivery Trailer Manifest (212)</idValue>
    <idCode>TN</idCode>
        <idValue>Tax Rate Notification (150)</idValue>
    <idCode>TO</idCode>
        <idValue>Real Estate Title Services (197, 199, 265)</idValue>
    <idCode>TP</idCode>
        <idValue>Rail Rate Transactions (460, 463, 466, 468, 485, 486, 490, 492, 494)</idValue>
    <idCode>TR</idCode>
        <idValue>Train Sheet (161)</idValue>
    <idCode>TS</idCode>
        <idValue>Transportation Services Tender (602)</idValue>
    <idCode>TT</idCode>
        <idValue>Testing Results Request and Report (138)</idValue>
    <idCode>TX</idCode>
        <idValue>Text Message (864)</idValue>
    <idCode>UA</idCode>
        <idValue>Retail Account Characteristics (885)</idValue>
    <idCode>UB</idCode>
        <idValue>Customer Call Reporting (886)</idValue>
    <idCode>UC</idCode>
        <idValue>Uniform Commercial Code Filing (154)</idValue>
    <idCode>UD</idCode>
        <idValue>Deduction Research Report (891)</idValue>
    <idCode>UI</idCode>
        <idValue>Underwriting Information Services (255)</idValue>
    <idCode>UP</idCode>
        <idValue>Motor Carrier Pick-up Manifest (215)</idValue>
    <idCode>UW</idCode>
        <idValue>Insurance Underwriting Requirements Reporting (186)</idValue>
    <idCode>VA</idCode>
        <idValue>Vehicle Application Advice (126)</idValue>
    <idCode>VB</idCode>
        <idValue>Vehicle Baying Order (127)</idValue>
    <idCode>VC</idCode>
        <idValue>Vehicle Shipping Order (120)</idValue>
    <idCode>VD</idCode>
        <idValue>Vehicle Damage (124)</idValue>
    <idCode>VE</idCode>
        <idValue>Vessel Content Details (109)</idValue>
    <idCode>VH</idCode>
        <idValue>Vehicle Carrier Rate Update (129)</idValue>
    <idCode>VI</idCode>
        <idValue>Voter Registration Information (280)</idValue>
    <idCode>VS</idCode>
        <idValue>Vehicle Service (121)</idValue>
    <idCode>WA</idCode>
        <idValue>Product Service Transaction Sets (140, 141, 142, 143)</idValue>
    <idCode>WB</idCode>
        <idValue>Rail Carrier Waybill Interchange (417)</idValue>
    <idCode>WG</idCode>
        <idValue>Vendor Performance Review (501)</idValue>
    <idCode>WI</idCode>
        <idValue>Wage Determination (288)</idValue>
    <idCode>WL</idCode>
        <idValue>Well Information (625)</idValue>
    <idCode>WR</idCode>
        <idValue>Shipment Weights (440)</idValue>
    <idCode>WT</idCode>
        <idValue>Rail Waybill Request (425)</idValue>
</idList>
