<?xml version="1.0"?>
<!DOCTYPE idList SYSTEM "idList.dtd">
<!-- Revision 1.6.0 data/OBOE, docs,July 9, 2001, -->
<idList>
    <idCode>00</idCode>
        <idValue>No Authorization Information Present (No Meaningful Information in I02)</idValue>
    <idCode>01</idCode>
        <idValue>UCS Communications ID</idValue>
    <idCode>02</idCode>
        <idValue>EDX Communications ID</idValue>
    <idCode>03</idCode>
        <idValue>Additional Data Identification</idValue>
    <idCode>04</idCode>
        <idValue>Rail Communications ID</idValue>
    <idCode>05</idCode>
        <idValue>Department of Defense (DoD) Communication Identifier</idValue>
    <idCode>06</idCode>
        <idValue>United States Federal Government Communication Identifier</idValue>
</idList>
