<?xml version="1.0"?>
<!DOCTYPE idList SYSTEM "idList.dtd">
<!-- Revision 3.1.0 OBOE  October 6, 2003 -->
<idList>
    <idCode>1</idCode>
        <idValue>First step of calculation</idValue>
    <idCode>2</idCode>
        <idValue>Second step of calculation</idValue>
    <idCode>3</idCode>
        <idValue>Third step of calculation</idValue>
    <idCode>4</idCode>
        <idValue>Fourth step of calculation</idValue>
    <idCode>5</idCode>
        <idValue>Fifth step of calculation</idValue>
    <idCode>6</idCode>
        <idValue>Sixth step of calculation</idValue>
    <idCode>7</idCode>
        <idValue>Seventh step of calculation</idValue>
    <idCode>8</idCode>
        <idValue>Eighth step of calculation</idValue>
    <idCode>9</idCode>
        <idValue>Ninth step of calculation</idValue>
</idList>
