<?xml version="1.0"?>
<!DOCTYPE idList SYSTEM "idList.dtd">
<!-- Revision 3.1.0 OBOE  October 6, 2003 -->
<idList>
    <idCode>A</idCode>
        <idValue>Free-form long description</idValue>
    <idCode>B</idCode>
        <idValue>Code and text</idValue>
    <idCode>C</idCode>
        <idValue>Code (from industry code list)</idValue>
    <idCode>D</idCode>
        <idValue>Free-form price look up</idValue>
    <idCode>E</idCode>
        <idValue>Free-form short description</idValue>
    <idCode>F</idCode>
        <idValue>Free-form</idValue>
    <idCode>S</idCode>
        <idValue>Structured (from industry code list)</idValue>
    <idCode>X</idCode>
        <idValue>Semi-structured (code + text)</idValue>
</idList>
