<?xml version="1.0"?>
<!DOCTYPE idList SYSTEM "idList.dtd">
<!-- Revision 3.1.0 OBOE  October 6, 2003 -->
<idList>
    <idCode>1</idCode>
        <idValue>Continental</idValue>
    <idCode>2</idCode>
        <idValue>Export</idValue>
    <idCode>3</idCode>
        <idValue>Import</idValue>
    <idCode>4</idCode>
        <idValue>Remain on board</idValue>
    <idCode>5</idCode>
        <idValue>Shifter</idValue>
    <idCode>6</idCode>
        <idValue>Transhipment</idValue>
    <idCode>7</idCode>
        <idValue>Shortlanded</idValue>
    <idCode>8</idCode>
        <idValue>Overlanded</idValue>
    <idCode>9</idCode>
        <idValue>Domestic</idValue>
    <idCode>10</idCode>
        <idValue>Positioning</idValue>
    <idCode>11</idCode>
        <idValue>Delivery</idValue>
    <idCode>12</idCode>
        <idValue>Redelivery</idValue>
    <idCode>13</idCode>
        <idValue>Repair</idValue>
    <idCode>14</idCode>
        <idValue>Reloader</idValue>
</idList>
