<?xml version="1.0"?>
<!DOCTYPE idList SYSTEM "idList.dtd">
<!-- Revision 3.1.0 OBOE  October 6, 2003 -->
<idList>
    <idCode>1</idCode>
        <idValue>Transaction Set Not Supported</idValue>
    <idCode>2</idCode>
        <idValue>Transaction Set Trailer Missing</idValue>
    <idCode>3</idCode>
        <idValue>Transaction Set Control Number in Header and Trailer Do Not Match</idValue>
    <idCode>4</idCode>
        <idValue>Number of Included Segments Does Not Match Actual Count</idValue>
    <idCode>5</idCode>
        <idValue>One or More Segments in Error</idValue>
    <idCode>6</idCode>
        <idValue>Missing or Invalid Transaction Set Identifier</idValue>
    <idCode>7</idCode>
        <idValue>Missing or Invalid Transaction Set Control Number</idValue>
    <idCode>8</idCode>
        <idValue>Authentication Key Name Unknown</idValue>
    <idCode>9</idCode>
        <idValue>Encryption Key Name Unknown</idValue>
    <idCode>10</idCode>
        <idValue>Requested Service (Authentication or Encrypted) Not Available</idValue>
    <idCode>11</idCode>
        <idValue>Unknown Security Recipient</idValue>
    <idCode>12</idCode>
        <idValue>Incorrect Message Length (Encryption Only)</idValue>
    <idCode>13</idCode>
        <idValue>Message Authentication Code Failed</idValue>
    <idCode>15</idCode>
        <idValue>Unknown Security Originator</idValue>
    <idCode>16</idCode>
        <idValue>Syntax Error in Decrypted Text</idValue>
    <idCode>17</idCode>
        <idValue>Security Not Supported</idValue>
    <idCode>19</idCode>
        <idValue>S1E Security End Segment Missing for S1S Security Start Segment</idValue>
    <idCode>20</idCode>
        <idValue>S1S Security Start Segment Missing for S1E Security End Segment</idValue>
    <idCode>21</idCode>
        <idValue>S2E Security End Segment Missing for S2S Security Start Segment</idValue>
    <idCode>22</idCode>
        <idValue>S2S Security Start Segment Missing for S2E Security End Segment</idValue>
    <idCode>23</idCode>
        <idValue>Transaction Set Control Number Not Unique within the Functional Group</idValue>
    <idCode>24</idCode>
        <idValue>S3E Security End Segment Missing for S3S Security Start Segment</idValue>
    <idCode>25</idCode>
        <idValue>S3S Security Start Segment Missing for S3E Security End Segment</idValue>
    <idCode>26</idCode>
        <idValue>S4E Security End Segment Missing for S4S Security Start Segment</idValue>
    <idCode>27</idCode>
        <idValue>S4S Security Start Segment Missing for S4E Security End Segment</idValue>
</idList>
