<?xml version="1.0"?>
<!DOCTYPE idList SYSTEM "idList.dtd">
<!-- Revision 3.1.0 OBOE  October 6, 2003 -->
<idList>
    <idCode>1</idCode>
        <idValue>Full load</idValue>
    <idCode>2</idCode>
        <idValue>Part load</idValue>
    <idCode>3</idCode>
        <idValue>Full load mixed consignments</idValue>
    <idCode>4</idCode>
        <idValue>Part load mixed consignments</idValue>
    <idCode>5</idCode>
        <idValue>Single invoiced load</idValue>
    <idCode>6</idCode>
        <idValue>Multi invoiced load</idValue>
    <idCode>7</idCode>
        <idValue>Empty</idValue>
    <idCode>8</idCode>
        <idValue>Full load, multiple bills</idValue>
</idList>
