<?xml version="1.0"?>
<!DOCTYPE idList SYSTEM "idList.dtd">
<!-- Revision 3.1.0 OBOE  October 6, 2003 -->
<idList>
    <idCode>01</idCode>
        <idValue>Casing Type</idValue>
    <idCode>10</idCode>
        <idValue>Shipping Package Labeling</idValue>
    <idCode>11</idCode>
        <idValue>Shipping Package Sealing</idValue>
    <idCode>12</idCode>
        <idValue>Primary Marking</idValue>
    <idCode>13</idCode>
        <idValue>Secondary Marking</idValue>
    <idCode>34</idCode>
        <idValue>Product Marking</idValue>
    <idCode>35</idCode>
        <idValue>Type of Package</idValue>
    <idCode>36</idCode>
        <idValue>Package Specifications</idValue>
    <idCode>37</idCode>
        <idValue>Package Protection</idValue>
    <idCode>38</idCode>
        <idValue>Tarping</idValue>
    <idCode>39</idCode>
        <idValue>Platform/Skid Location</idValue>
    <idCode>40</idCode>
        <idValue>Bearing Piece Location</idValue>
    <idCode>42</idCode>
        <idValue>Placement on Carrier</idValue>
    <idCode>43</idCode>
        <idValue>Spacing Directions</idValue>
    <idCode>44</idCode>
        <idValue>Unloading Device</idValue>
    <idCode>45</idCode>
        <idValue>Unloading Equipment</idValue>
    <idCode>60</idCode>
        <idValue>Product Marking Pattern</idValue>
    <idCode>61</idCode>
        <idValue>Product Marking Location</idValue>
    <idCode>62</idCode>
        <idValue>Package/Container Mark Location</idValue>
    <idCode>63</idCode>
        <idValue>Marking Method</idValue>
    <idCode>65</idCode>
        <idValue>Core Characteristics</idValue>
    <idCode>66</idCode>
        <idValue>Receiving Facility Limitations</idValue>
    <idCode>67</idCode>
        <idValue>Tagging/Bar Code Instructions</idValue>
    <idCode>68</idCode>
        <idValue>Skid/Pallet Type</idValue>
    <idCode>CB</idCode>
        <idValue>Container Type</idValue>
    <idCode>CC</idCode>
        <idValue>Container Characteristics</idValue>
    <idCode>CD</idCode>
        <idValue>Cleaning or Drying Procedure</idValue>
    <idCode>CS</idCode>
        <idValue>Container Shape</idValue>
    <idCode>CT</idCode>
        <idValue>Cushioning Thickness</idValue>
    <idCode>CUD</idCode>
        <idValue>Cushioning and Dunnage</idValue>
    <idCode>HM</idCode>
        <idValue>Hazardous Material</idValue>
    <idCode>IC</idCode>
        <idValue>Intermediate Container</idValue>
    <idCode>IP</idCode>
        <idValue>Intermediate Pack</idValue>
    <idCode>LP</idCode>
        <idValue>Level Of Preservation</idValue>
    <idCode>OPI</idCode>
        <idValue>Optional Procedure Indicator</idValue>
    <idCode>PK</idCode>
        <idValue>Packing</idValue>
    <idCode>PM</idCode>
        <idValue>Preservation Method</idValue>
    <idCode>PML</idCode>
        <idValue>Preservation Material</idValue>
    <idCode>PN</idCode>
        <idValue>Promotional Marking</idValue>
    <idCode>SMK</idCode>
        <idValue>Special Marking</idValue>
    <idCode>UC</idCode>
        <idValue>Unit Container</idValue>
    <idCode>UCL</idCode>
        <idValue>Unit Container Level</idValue>
    <idCode>UP</idCode>
        <idValue>Unit Pack</idValue>
    <idCode>WM</idCode>
        <idValue>Wrapping Material</idValue>
</idList>
