<?xml version="1.0"?>
<!DOCTYPE idList SYSTEM "idList.dtd">
<!-- Revision 3.1.0 OBOE  October 6, 2003 -->
<idList>
    <idCode>8A</idCode>
        <idValue>Section (8a) Set-Aside</idValue>
    <idCode>AI</idCode>
        <idValue>Set-aside for American Indian-owned Business</idValue>
    <idCode>AS</idCode>
        <idValue>Restricted to Approved Sources</idValue>
    <idCode>B</idCode>
        <idValue>Back Order Only If New Item</idValue>
    <idCode>BC</idCode>
        <idValue>Restricted to Historically Black College or University or Minority Institution</idValue>
    <idCode>BK</idCode>
        <idValue>Ship Partial - Balance Back Order</idValue>
    <idCode>C</idCode>
        <idValue>Consignment</idValue>
    <idCode>D</idCode>
        <idValue>Bid Guarantee</idValue>
    <idCode>E</idCode>
        <idValue>Equal Product Allowed</idValue>
    <idCode>EI</idCode>
        <idValue>Restricted to Educational Institutions</idValue>
    <idCode>F</idCode>
        <idValue>Factory Ship</idValue>
    <idCode>FT</idCode>
        <idValue>Ship Full Truck Only</idValue>
    <idCode>GS</idCode>
        <idValue>Guaranteed Sale</idValue>
    <idCode>IP</idCode>
        <idValue>Restricted to Industrial Preparedness Program Participants</idValue>
    <idCode>IS</idCode>
        <idValue>Substitute Item Allowed</idValue>
    <idCode>K</idCode>
        <idValue>Small Purchase Set Aside for Small Businesses</idValue>
    <idCode>LS</idCode>
        <idValue>Labor Surplus Area Set-Aside</idValue>
    <idCode>MY</idCode>
        <idValue>Multi-year Award</idValue>
    <idCode>N</idCode>
        <idValue>No Back Order</idValue>
    <idCode>NS</idCode>
        <idValue>No Substitutes</idValue>
    <idCode>O</idCode>
        <idValue>Back Order If Items Are Out of Stock or Not Yet Published</idValue>
    <idCode>P</idCode>
        <idValue>Large Purchase, Set-Aside for Small Business</idValue>
    <idCode>P2</idCode>
        <idValue>Ship As Soon As Possible</idValue>
    <idCode>P3</idCode>
        <idValue>May Preship</idValue>
    <idCode>P4</idCode>
        <idValue>Do Not Preship</idValue>
    <idCode>Q</idCode>
        <idValue>Small, Disadvantaged Business Set-Aside</idValue>
    <idCode>QB</idCode>
        <idValue>On Qualified Bidders List</idValue>
    <idCode>QE</idCode>
        <idValue>Exclude Import Quota in First Cost</idValue>
    <idCode>QI</idCode>
        <idValue>Include Import Quota in First Cost</idValue>
    <idCode>QM</idCode>
        <idValue>On Qualified Manufacturers List</idValue>
    <idCode>QP</idCode>
        <idValue>Restricted to Qualified Products List (QPL) Products</idValue>
    <idCode>R</idCode>
        <idValue>Combined Small, Disadvantaged Business and Labor Surplus Area Set-Aside</idValue>
    <idCode>S</idCode>
        <idValue>Partial Labor Surplus Area Set Aside</idValue>
    <idCode>SC</idCode>
        <idValue>Ship Complete</idValue>
    <idCode>SE</idCode>
        <idValue>Small Remaining Balance Cancellation Allowed</idValue>
    <idCode>SF</idCode>
        <idValue>Ship Partial, Carload Lots Only</idValue>
    <idCode>SG</idCode>
        <idValue>Small Remaining Balance Cancellation Not Allowed</idValue>
    <idCode>SI</idCode>
        <idValue>Ship In-Place</idValue>
    <idCode>SP</idCode>
        <idValue>Ship Partial, Balance Cancel</idValue>
    <idCode>SQ</idCode>
        <idValue>Ship Partial, Item Qty Proportional To Total Order</idValue>
    <idCode>SS</idCode>
        <idValue>Ship Per Schedule</idValue>
    <idCode>ST</idCode>
        <idValue>Ship Partial, Truckload Lots Only</idValue>
    <idCode>SU</idCode>
        <idValue>Ship Partial, Balance Substitute</idValue>
    <idCode>SV</idCode>
        <idValue>Ship Per Release</idValue>
    <idCode>SW</idCode>
        <idValue>Ship Per Release or Buyer Authorization</idValue>
    <idCode>T</idCode>
        <idValue>Small Business with Small, Disadvantaged Business Consideration Set-Aside</idValue>
    <idCode>UC</idCode>
        <idValue>Restricted to U.S. and Canadian Sources</idValue>
    <idCode>UL</idCode>
        <idValue>Other Unlisted Sales Condition</idValue>
    <idCode>UP</idCode>
        <idValue>Unrestricted Procurement</idValue>
    <idCode>W</idCode>
        <idValue>Warehouse Ship</idValue>
    <idCode>WY</idCode>
        <idValue>Warranty</idValue>
    <idCode>Y</idCode>
        <idValue>Back Order if Out of Stock</idValue>
    <idCode>YI</idCode>
        <idValue>Restricted to Young Investigator Program</idValue>
    <idCode>Z</idCode>
        <idValue>Mutually Defined</idValue>
</idList>
