<?xml version="1.0"?>
<!DOCTYPE idList SYSTEM "idList.dtd">
<!-- Revision 1.6.0 data/OBOE, docs,July 9, 2001, -->
<idList>
    <idCode>00200</idCode>
        <idValue>Standard Issued as ANSI X12.5-1987</idValue>
    <idCode>00201</idCode>
        <idValue>Draft Standard for Trial Use Approved by ASC X12 Through August 1988</idValue>
    <idCode>00204</idCode>
        <idValue>Draft Standard for Trial Use Approved by ASC X12 Through May 1989</idValue>
    <idCode>00300</idCode>
        <idValue>Standard Issued as ANSI X12.5-1992</idValue>
    <idCode>00301</idCode>
        <idValue>Draft Standard for Trial Use Approved for Publication by ASC X12 Procedures Review Board Through October 1990</idValue>
    <idCode>00302</idCode>
        <idValue>Draft Standard for Trial Use Approved for Publication by ASC X12 Procedures Review Board Through October 1991</idValue>
    <idCode>00303</idCode>
        <idValue>Draft Standard for Trial Use Approved for Publication by ASC X12 Procedures Review Board Through October 1992</idValue>
    <idCode>00304</idCode>
        <idValue>Draft Standards for Trial Use Approved for Publication by ASC X12 Procedures Review Board through October 1993</idValue>
    <idCode>00305</idCode>
        <idValue>Draft Standards for Trial Use Approved for Publication by ASC X12 Procedures Review Board through October 1994</idValue>
    <idCode>00306</idCode>
        <idValue>Draft Standards for Trial Use Approved for Publication by ASC X12 Procedures Review Board through October 1995</idValue>
    <idCode>00307</idCode>
        <idValue>Draft Standards for Trial Use Approved for Publication by ASC X12 Procedures Review Board through October 1996</idValue>
    <idCode>00400</idCode>
        <idValue>Standard Issued as ANSI X12.5-1997</idValue>
    <idCode>00401</idCode>
        <idValue>Draft Standards for Trial Use Approved for Publication by ASC X12 Procedures Review Board through October 1997</idValue>
    <idCode>00402</idCode>
        <idValue>Draft Standards for Trial Use Approved for Publication by ASC X12 Procedures Review Board through October 1998</idValue>
</idList>
