<?xml version="1.0"?>
<!DOCTYPE idList SYSTEM "idList.dtd">
<!-- Revision 3.1.0 OBOE  October 6, 2003 -->
<idList>
    <idCode>1</idCode>
        <idValue>Product ingredients not marked on package</idValue>
    <idCode>2</idCode>
        <idValue>Product price not marked on packaging</idValue>
    <idCode>3</idCode>
        <idValue>Product best before date not marked on product package</idValue>
    <idCode>4</idCode>
        <idValue>Package not marked recyclable</idValue>
    <idCode>31</idCode>
        <idValue>Package best before date marked</idValue>
    <idCode>32</idCode>
        <idValue>Package marked recyclable</idValue>
    <idCode>33</idCode>
        <idValue>Package marked returnable</idValue>
    <idCode>34</idCode>
        <idValue>Product marking</idValue>
    <idCode>35</idCode>
        <idValue>Type of package</idValue>
    <idCode>36</idCode>
        <idValue>Package specifications</idValue>
    <idCode>37</idCode>
        <idValue>Package protection</idValue>
    <idCode>38</idCode>
        <idValue>Tarping</idValue>
    <idCode>39</idCode>
        <idValue>Platform/skid location</idValue>
    <idCode>40</idCode>
        <idValue>Bearing piece location</idValue>
    <idCode>41</idCode>
        <idValue>Skid/pallet type</idValue>
    <idCode>42</idCode>
        <idValue>Placement on carrier</idValue>
    <idCode>43</idCode>
        <idValue>Spacing directions</idValue>
    <idCode>44</idCode>
        <idValue>Unloading device</idValue>
    <idCode>45</idCode>
        <idValue>Unloading equipment</idValue>
    <idCode>50</idCode>
        <idValue>Package barcoded EAN-13 or EAN-8</idValue>
    <idCode>51</idCode>
        <idValue>Package barcoded ITF-14 or ITF-6</idValue>
    <idCode>52</idCode>
        <idValue>Package barcoded UCC or EAN-128</idValue>
    <idCode>53</idCode>
        <idValue>Package price marked</idValue>
    <idCode>54</idCode>
        <idValue>Product ingredients marked on package</idValue>
    <idCode>55</idCode>
        <idValue>Core characteristics</idValue>
    <idCode>56</idCode>
        <idValue>Shipping requirement</idValue>
    <idCode>57</idCode>
        <idValue>Customs requirement</idValue>
    <idCode>58</idCode>
        <idValue>Transport contract requirement</idValue>
    <idCode>59</idCode>
        <idValue>Preservation method</idValue>
    <idCode>60</idCode>
        <idValue>Product marking pattern</idValue>
    <idCode>61</idCode>
        <idValue>Product marking location</idValue>
    <idCode>62</idCode>
        <idValue>Package/container mark location</idValue>
    <idCode>63</idCode>
        <idValue>Marking method</idValue>
    <idCode>66</idCode>
        <idValue>Receiving facility limitations</idValue>
    <idCode>67</idCode>
        <idValue>Tagging/bar code instructions</idValue>
    <idCode>68</idCode>
        <idValue>Shipping package labelling</idValue>
    <idCode>69</idCode>
        <idValue>Shipping package sealing</idValue>
    <idCode>70</idCode>
        <idValue>Optional packaging procedure</idValue>
    <idCode>71</idCode>
        <idValue>Cleaning or drying specification</idValue>
    <idCode>72</idCode>
        <idValue>Cushioning thickness specification</idValue>
    <idCode>73</idCode>
        <idValue>Cushioning and dunnage specification</idValue>
    <idCode>74</idCode>
        <idValue>Level of preservation specification</idValue>
    <idCode>75</idCode>
        <idValue>Preservation material specification</idValue>
    <idCode>76</idCode>
        <idValue>Unit container specification</idValue>
    <idCode>77</idCode>
        <idValue>Material wrapping specification</idValue>
</idList>
