<?xml version="1.0"?>
<!DOCTYPE idList SYSTEM "idList.dtd">
<!-- Revision 3.1.0 OBOE  October 6, 2003 -->
<idList>
    <idCode>CA</idCode>
        <idValue>Discount in Cash</idValue>
    <idCode>PC</idCode>
        <idValue>Discount Determined as a Percentage of the Value of the Transaction</idValue>
    <idCode>UN</idCode>
        <idValue>Discount Determined to be Additional Units that Are Defined by Discount Control Limit Qualifier</idValue>
    <idCode>ZZ</idCode>
        <idValue>Mutually Defined</idValue>
</idList>
