<?xml version="1.0"?>
<!DOCTYPE idList SYSTEM "idList.dtd">
<!-- Revision 3.1.0 OBOE  October 6, 2003 -->
<idList>
    <idCode>1</idCode>
        <idValue>Functional Group Not Supported</idValue>
    <idCode>2</idCode>
        <idValue>Functional Group Version Not Supported</idValue>
    <idCode>3</idCode>
        <idValue>Functional Group Trailer Missing</idValue>
    <idCode>4</idCode>
        <idValue>Group Control Number in the Functional Group Header and Trailer Do Not Agree</idValue>
    <idCode>5</idCode>
        <idValue>Number of Included Transaction Sets Does Not Match Actual Count</idValue>
    <idCode>6</idCode>
        <idValue>Group Control Number Violates Syntax</idValue>
    <idCode>10</idCode>
        <idValue>Authentication Key Name Unknown</idValue>
    <idCode>11</idCode>
        <idValue>Encryption Key Name Unknown</idValue>
    <idCode>12</idCode>
        <idValue>Requested Service (Authentication or Encryption) Not Available</idValue>
    <idCode>13</idCode>
        <idValue>Unknown Security Recipient</idValue>
    <idCode>14</idCode>
        <idValue>Unknown Security Originator</idValue>
    <idCode>15</idCode>
        <idValue>Syntax Error in Decrypted Text</idValue>
    <idCode>16</idCode>
        <idValue>Security Not Supported</idValue>
    <idCode>17</idCode>
        <idValue>Incorrect Message Length (Encryption Only)</idValue>
    <idCode>18</idCode>
        <idValue>Message Authentication Code Failed</idValue>
    <idCode>19</idCode>
        <idValue>S1E Security End Segment Missing for S1S Security Start Segment</idValue>
    <idCode>20</idCode>
        <idValue>S1S Security Start Segment Missing for S1E End Segment</idValue>
    <idCode>21</idCode>
        <idValue>S2E Security End Segment Missing for S2S Security Start Segment</idValue>
    <idCode>22</idCode>
        <idValue>S2S Security Start Segment Missing for S2E Security End Segment</idValue>
    <idCode>23</idCode>
        <idValue>S3E Security End Segment Missing for S3S Security Start Segment</idValue>
    <idCode>24</idCode>
        <idValue>S3S Security Start Segment Missing for S3E End Segment</idValue>
    <idCode>25</idCode>
        <idValue>S4E Security End Segment Missing for S4S Security Start Segment</idValue>
    <idCode>26</idCode>
        <idValue>S4S Security Start Segment Missing for S4E Security End Segment</idValue>
</idList>
