<?xml version="1.0"?>
<!DOCTYPE idList SYSTEM "idList.dtd">
<!-- Revision 3.1.0 OBOE  October 6, 2003 -->
<idList>
    <idCode>01</idCode>
        <idValue>Clear</idValue>
    <idCode>02</idCode>
        <idValue>Hazy</idValue>
    <idCode>03</idCode>
        <idValue>Excess</idValue>
    <idCode>04</idCode>
        <idValue>Some</idValue>
    <idCode>05</idCode>
        <idValue>Undetectable</idValue>
    <idCode>06</idCode>
        <idValue>Trace</idValue>
    <idCode>07</idCode>
        <idValue>Yes</idValue>
    <idCode>08</idCode>
        <idValue>Closed</idValue>
    <idCode>09</idCode>
        <idValue>Pass</idValue>
    <idCode>10</idCode>
        <idValue>Present</idValue>
    <idCode>11</idCode>
        <idValue>Gel</idValue>
    <idCode>12</idCode>
        <idValue>OK</idValue>
    <idCode>13</idCode>
        <idValue>Slight</idValue>
    <idCode>14</idCode>
        <idValue>No Good</idValue>
    <idCode>15</idCode>
        <idValue>Marginal</idValue>
    <idCode>16</idCode>
        <idValue>Nil</idValue>
    <idCode>17</idCode>
        <idValue>Oil Free</idValue>
    <idCode>18</idCode>
        <idValue>Open</idValue>
    <idCode>19</idCode>
        <idValue>Free</idValue>
    <idCode>20</idCode>
        <idValue>No</idValue>
    <idCode>21</idCode>
        <idValue>Checked</idValue>
    <idCode>22</idCode>
        <idValue>Fail</idValue>
    <idCode>23</idCode>
        <idValue>Absent</idValue>
    <idCode>24</idCode>
        <idValue>Good</idValue>
    <idCode>25</idCode>
        <idValue>Fair</idValue>
    <idCode>26</idCode>
        <idValue>Poor</idValue>
    <idCode>27</idCode>
        <idValue>Excellent</idValue>
    <idCode>28</idCode>
        <idValue>Bright</idValue>
    <idCode>29</idCode>
        <idValue>To Be Determined</idValue>
    <idCode>40</idCode>
        <idValue>Balance</idValue>
    <idCode>41</idCode>
        <idValue>Complete</idValue>
    <idCode>42</idCode>
        <idValue>Low</idValue>
    <idCode>44</idCode>
        <idValue>Not Applicable</idValue>
    <idCode>45</idCode>
        <idValue>Not Determined</idValue>
    <idCode>46</idCode>
        <idValue>Negligible</idValue>
    <idCode>48</idCode>
        <idValue>Moderate</idValue>
    <idCode>49</idCode>
        <idValue>Appreciable</idValue>
    <idCode>50</idCode>
        <idValue>Not Available</idValue>
    <idCode>51</idCode>
        <idValue>Conforming</idValue>
    <idCode>52</idCode>
        <idValue>Non-conforming</idValue>
    <idCode>Q1</idCode>
        <idValue>First Quality</idValue>
    <idCode>Q2</idCode>
        <idValue>Second Quality</idValue>
    <idCode>TA</idCode>
        <idValue>Too Numerous to Count</idValue>
    <idCode>TB</idCode>
        <idValue>New</idValue>
    <idCode>ZZ</idCode>
        <idValue>Mutually Defined</idValue>
</idList>
