<?xml version="1.0"?>
<!DOCTYPE idList SYSTEM "idList.dtd">
<!-- Revision 3.1.0 OBOE  October 6, 2003 -->
<idList>
    <idCode>1</idCode>
        <idValue>Reference date</idValue>
    <idCode>2</idCode>
        <idValue>Before reference</idValue>
    <idCode>3</idCode>
        <idValue>After reference</idValue>
    <idCode>4</idCode>
        <idValue>End of 10-day period containing the reference date</idValue>
    <idCode>5</idCode>
        <idValue>End of 2-week period containing the reference date</idValue>
    <idCode>6</idCode>
        <idValue>End of month containing the reference date</idValue>
    <idCode>7</idCode>
        <idValue>End of the month following the month of reference date</idValue>
    <idCode>8</idCode>
        <idValue>End of quarter containing the reference date</idValue>
    <idCode>9</idCode>
        <idValue>End of year containing the reference date</idValue>
    <idCode>10</idCode>
        <idValue>End of week containing the reference date</idValue>
    <idCode>11</idCode>
        <idValue>End of ten day period following month after reference date&apos;s month</idValue>
    <idCode>12</idCode>
        <idValue>End of half year containing the reference date</idValue>
    <idCode>13</idCode>
        <idValue>From reference</idValue>
    <idCode>14</idCode>
        <idValue>End of 15-day period containing the reference date</idValue>
    <idCode>15</idCode>
        <idValue>On or before reference</idValue>
</idList>
