<?xml version="1.0"?>
<!DOCTYPE idList SYSTEM "idList.dtd">
<!-- Revision 3.1.0 OBOE  October 6, 2003 -->
<idList>
    <idCode>AAA</idCode>
        <idValue>Calculation net</idValue>
    <idCode>AAB</idCode>
        <idValue>Calculation gross</idValue>
    <idCode>AAC</idCode>
        <idValue>Allowances and charges not included, tax included</idValue>
    <idCode>AAD</idCode>
        <idValue>Average selling price</idValue>
    <idCode>AAE</idCode>
        <idValue>Information price, excluding allowances or charges, including taxes</idValue>
    <idCode>AAF</idCode>
        <idValue>Information price, excluding allowances or charges, and taxes</idValue>
    <idCode>AAG</idCode>
        <idValue>Additive unit price component</idValue>
    <idCode>CAL</idCode>
        <idValue>Calculation price</idValue>
    <idCode>INF</idCode>
        <idValue>Information</idValue>
    <idCode>INV</idCode>
        <idValue>Invoice price</idValue>
</idList>
