<?xml version="1.0"?>
<!DOCTYPE idList SYSTEM "idList.dtd">
<!-- Revision 3.1.0 OBOE  October 6, 2003 -->
<idList>
    <idCode>3</idCode>
        <idValue>Approximately</idValue>
    <idCode>4</idCode>
        <idValue>Equal to</idValue>
    <idCode>5</idCode>
        <idValue>Greater than or equal to</idValue>
    <idCode>6</idCode>
        <idValue>Greater than</idValue>
    <idCode>7</idCode>
        <idValue>Less than</idValue>
    <idCode>8</idCode>
        <idValue>Less than or equal to</idValue>
    <idCode>10</idCode>
        <idValue>Not equal to</idValue>
    <idCode>11</idCode>
        <idValue>Trace</idValue>
    <idCode>12</idCode>
        <idValue>True value</idValue>
    <idCode>13</idCode>
        <idValue>Observed value</idValue>
    <idCode>15</idCode>
        <idValue>Out of range</idValue>
</idList>
