<?xml version="1.0"?>
<!DOCTYPE idList SYSTEM "idList.dtd">
<!-- Revision 3.1.0 OBOE  October 6, 2003 -->
<idList>
    <idCode>BS</idCode>
        <idValue>Buyer to seller</idValue>
    <idCode>SB</idCode>
        <idValue>Seller to buyer</idValue>
    <idCode>SC</idCode>
        <idValue>Subcontractor to seller</idValue>
    <idCode>SD</idCode>
        <idValue>Seller to drop ship designated location</idValue>
    <idCode>SF</idCode>
        <idValue>Seller to freight forwarder</idValue>
    <idCode>SS</idCode>
        <idValue>Seller to subcontractor</idValue>
    <idCode>ZZZ</idCode>
        <idValue>Mutually defined</idValue>
</idList>
