<?xml version="1.0"?>
<!DOCTYPE idList SYSTEM "idList.dtd">
<!-- Revision 3.1.0 OBOE  October 6, 2003 -->
<idList>
    <idCode>1</idCode>
        <idValue>Added</idValue>
    <idCode>2</idCode>
        <idValue>Deleted</idValue>
    <idCode>3</idCode>
        <idValue>Changed</idValue>
    <idCode>4</idCode>
        <idValue>No action</idValue>
    <idCode>5</idCode>
        <idValue>Accepted without amendment</idValue>
    <idCode>6</idCode>
        <idValue>Accepted with amendment</idValue>
    <idCode>7</idCode>
        <idValue>Not accepted</idValue>
    <idCode>8</idCode>
        <idValue>Schedule only</idValue>
    <idCode>9</idCode>
        <idValue>Amendments</idValue>
    <idCode>10</idCode>
        <idValue>Not found</idValue>
    <idCode>11</idCode>
        <idValue>Not amended</idValue>
    <idCode>12</idCode>
        <idValue>Line item numbers changed</idValue>
    <idCode>13</idCode>
        <idValue>Buyer has deducted amount</idValue>
    <idCode>14</idCode>
        <idValue>Buyer claims against invoice</idValue>
    <idCode>15</idCode>
        <idValue>Charge back by seller</idValue>
    <idCode>16</idCode>
        <idValue>Seller will issue credit note</idValue>
    <idCode>17</idCode>
        <idValue>Terms changed for new terms</idValue>
    <idCode>18</idCode>
        <idValue>Abide outcome of negotiations</idValue>
    <idCode>19</idCode>
        <idValue>Seller rejects dispute</idValue>
    <idCode>20</idCode>
        <idValue>Settlement</idValue>
    <idCode>21</idCode>
        <idValue>No delivery</idValue>
    <idCode>22</idCode>
        <idValue>Call-off delivery</idValue>
    <idCode>23</idCode>
        <idValue>Proposed amendment</idValue>
    <idCode>24</idCode>
        <idValue>Accepted with amendment, no confirmation required</idValue>
    <idCode>25</idCode>
        <idValue>Equipment provisionally repaired</idValue>
    <idCode>26</idCode>
        <idValue>Included</idValue>
    <idCode>27</idCode>
        <idValue>Upon receipt and verification of documents we shall cover you when due as per your instructions</idValue>
    <idCode>28</idCode>
        <idValue>Upon receipt and verification of documents we shall authorize you to debit our account with you when due</idValue>
    <idCode>29</idCode>
        <idValue>On receipt of your authenticated advice we shall cover you when due as per your instructions</idValue>
    <idCode>30</idCode>
        <idValue>On receipt of your authenticated advice we shall authorize you to debit our account with you when due</idValue>
    <idCode>31</idCode>
        <idValue>On receipt of your authenticated advice we shall credit your account with us when due</idValue>
    <idCode>32</idCode>
        <idValue>Credit advice requested for direct debit</idValue>
    <idCode>33</idCode>
        <idValue>Credit advice and acknowledgement for direct debit</idValue>
    <idCode>34</idCode>
        <idValue>Inquiry</idValue>
    <idCode>35</idCode>
        <idValue>Checked</idValue>
    <idCode>36</idCode>
        <idValue>Not checked</idValue>
    <idCode>37</idCode>
        <idValue>Cancelled</idValue>
    <idCode>38</idCode>
        <idValue>Replaced</idValue>
    <idCode>39</idCode>
        <idValue>New</idValue>
    <idCode>40</idCode>
        <idValue>Agreed</idValue>
    <idCode>41</idCode>
        <idValue>Proposed</idValue>
    <idCode>42</idCode>
        <idValue>Already delivered</idValue>
    <idCode>43</idCode>
        <idValue>Additional subordinate structures will follow</idValue>
    <idCode>44</idCode>
        <idValue>Additional subordinate structures will not follow</idValue>
    <idCode>45</idCode>
        <idValue>Result opposed</idValue>
    <idCode>46</idCode>
        <idValue>Auction held</idValue>
    <idCode>47</idCode>
        <idValue>Legal action pursued</idValue>
    <idCode>48</idCode>
        <idValue>Meeting held</idValue>
    <idCode>49</idCode>
        <idValue>Result set aside</idValue>
    <idCode>50</idCode>
        <idValue>Result disputed</idValue>
    <idCode>51</idCode>
        <idValue>Countersued</idValue>
    <idCode>52</idCode>
        <idValue>Pending</idValue>
    <idCode>53</idCode>
        <idValue>Court action dismissed</idValue>
    <idCode>54</idCode>
        <idValue>Referred item, accepted</idValue>
    <idCode>55</idCode>
        <idValue>Referred item, rejected</idValue>
</idList>
