<?xml version="1.0"?>
<!DOCTYPE idList SYSTEM "idList.dtd">
<!-- Revision 3.1.0 OBOE  October 6, 2003 -->
<idList>
    <idCode>2</idCode>
        <idValue>DDMMYY</idValue>
    <idCode>3</idCode>
        <idValue>MMDDYY</idValue>
    <idCode>101</idCode>
        <idValue>YYMMDD</idValue>
    <idCode>102</idCode>
        <idValue>CCYYMMDD</idValue>
    <idCode>103</idCode>
        <idValue>YYWWD</idValue>
    <idCode>105</idCode>
        <idValue>YYDDD</idValue>
    <idCode>106</idCode>
        <idValue>MMDD</idValue>
    <idCode>107</idCode>
        <idValue>DDD</idValue>
    <idCode>108</idCode>
        <idValue>WW</idValue>
    <idCode>109</idCode>
        <idValue>MM</idValue>
    <idCode>110</idCode>
        <idValue>DD</idValue>
    <idCode>201</idCode>
        <idValue>YYMMDDHHMM</idValue>
    <idCode>202</idCode>
        <idValue>YYMMDDHHMMSS</idValue>
    <idCode>203</idCode>
        <idValue>CCYYMMDDHHMM</idValue>
    <idCode>204</idCode>
        <idValue>CCYYMMDDHHMMSS</idValue>
    <idCode>301</idCode>
        <idValue>YYMMDDHHMMZZZ</idValue>
    <idCode>302</idCode>
        <idValue>YYMMDDHHMMSSZZZ</idValue>
    <idCode>303</idCode>
        <idValue>CCYYMMDDHHMMZZZ</idValue>
    <idCode>304</idCode>
        <idValue>CCYYMMDDHHMMSSZZZ</idValue>
    <idCode>305</idCode>
        <idValue>MMDDHHMM</idValue>
    <idCode>306</idCode>
        <idValue>DDHHMM</idValue>
    <idCode>401</idCode>
        <idValue>HHMM</idValue>
    <idCode>402</idCode>
        <idValue>HHMMSS</idValue>
    <idCode>404</idCode>
        <idValue>HHMMSSZZZ</idValue>
    <idCode>405</idCode>
        <idValue>MMMMSS</idValue>
    <idCode>501</idCode>
        <idValue>HHMMHHMM</idValue>
    <idCode>502</idCode>
        <idValue>HHMMSS-HHMMSS</idValue>
    <idCode>503</idCode>
        <idValue>HHMMSSZZZ-HHMMSSZZZ</idValue>
    <idCode>600</idCode>
        <idValue>CC</idValue>
    <idCode>601</idCode>
        <idValue>YY</idValue>
    <idCode>602</idCode>
        <idValue>CCYY</idValue>
    <idCode>603</idCode>
        <idValue>YYS</idValue>
    <idCode>604</idCode>
        <idValue>CCYYS</idValue>
    <idCode>608</idCode>
        <idValue>CCYYQ</idValue>
    <idCode>609</idCode>
        <idValue>YYMM</idValue>
    <idCode>610</idCode>
        <idValue>CCYYMM</idValue>
    <idCode>613</idCode>
        <idValue>YYMMA</idValue>
    <idCode>614</idCode>
        <idValue>CCYYMMA</idValue>
    <idCode>615</idCode>
        <idValue>YYWW</idValue>
    <idCode>616</idCode>
        <idValue>CCYYWW</idValue>
    <idCode>701</idCode>
        <idValue>YY-YY</idValue>
    <idCode>702</idCode>
        <idValue>CCYY-CCYY</idValue>
    <idCode>703</idCode>
        <idValue>YYS-YYS</idValue>
    <idCode>704</idCode>
        <idValue>CCYYS-CCYYS</idValue>
    <idCode>705</idCode>
        <idValue>YYPYYP</idValue>
    <idCode>706</idCode>
        <idValue>CCYYP-CCYYP</idValue>
    <idCode>707</idCode>
        <idValue>YYQ-YYQ</idValue>
    <idCode>708</idCode>
        <idValue>CCYYQ-CCYYQ</idValue>
    <idCode>709</idCode>
        <idValue>YYMM-YYMM</idValue>
    <idCode>710</idCode>
        <idValue>CCYYMM-CCYYMM</idValue>
    <idCode>711</idCode>
        <idValue>CCYYMMDD-CCYYMMDD</idValue>
    <idCode>713</idCode>
        <idValue>YYMMDDHHMM-YYMMDDHHMM</idValue>
    <idCode>715</idCode>
        <idValue>YYWW-YYWW</idValue>
    <idCode>716</idCode>
        <idValue>CCYYWW-CCYYWW</idValue>
    <idCode>717</idCode>
        <idValue>YYMMDD-YYMMDD</idValue>
    <idCode>718</idCode>
        <idValue>CCYYMMDD-CCYYMMDD</idValue>
    <idCode>719</idCode>
        <idValue>CCYYMMDDHHMM-CCYYMMDDHHMM</idValue>
    <idCode>801</idCode>
        <idValue>Year</idValue>
    <idCode>802</idCode>
        <idValue>Month</idValue>
    <idCode>803</idCode>
        <idValue>Week</idValue>
    <idCode>804</idCode>
        <idValue>Day</idValue>
    <idCode>805</idCode>
        <idValue>Hour</idValue>
    <idCode>806</idCode>
        <idValue>Minute</idValue>
    <idCode>807</idCode>
        <idValue>Second</idValue>
    <idCode>808</idCode>
        <idValue>Semester</idValue>
    <idCode>809</idCode>
        <idValue>Four months period</idValue>
    <idCode>810</idCode>
        <idValue>Trimester</idValue>
    <idCode>811</idCode>
        <idValue>Half month</idValue>
    <idCode>812</idCode>
        <idValue>Ten days</idValue>
    <idCode>813</idCode>
        <idValue>Day of the week</idValue>
    <idCode>814</idCode>
        <idValue>Working days</idValue>
</idList>
