<?xml version="1.0"?>
<!DOCTYPE idList SYSTEM "idList.dtd">
<!-- Revision 3.1.0 OBOE  October 6, 2003 -->
<idList>
    <idCode>A</idCode>
        <idValue>Customer plant (receiving location)</idValue>
    <idCode>B</idCode>
        <idValue>Material release issuer</idValue>
    <idCode>S</idCode>
        <idValue>Supplier authority</idValue>
    <idCode>X</idCode>
        <idValue>Responsibility to be determined</idValue>
    <idCode>ZZZ</idCode>
        <idValue>Mutually defined</idValue>
</idList>
