<?xml version="1.0"?>
<!DOCTYPE idList SYSTEM "idList.dtd">
<!-- Revision 3.1.0 OBOE  October 6, 2003 -->
<idList>
    <idCode>3M</idCode>
        <idValue>Quarter</idValue>
    <idCode>6M</idCode>
        <idValue>Half-year</idValue>
    <idCode>AA</idCode>
        <idValue>Air hour</idValue>
    <idCode>AD</idCode>
        <idValue>Air day</idValue>
    <idCode>CD</idCode>
        <idValue>Calendar day (includes weekends and holidays)</idValue>
    <idCode>CW</idCode>
        <idValue>Calendar week (7day)</idValue>
    <idCode>D</idCode>
        <idValue>Day</idValue>
    <idCode>DC</idCode>
        <idValue>Ten days period</idValue>
    <idCode>DW</idCode>
        <idValue>Work day</idValue>
    <idCode>F</idCode>
        <idValue>Period of two weeks</idValue>
    <idCode>H</idCode>
        <idValue>Hour</idValue>
    <idCode>HM</idCode>
        <idValue>Half month</idValue>
    <idCode>M</idCode>
        <idValue>Month</idValue>
    <idCode>MN</idCode>
        <idValue>Minute</idValue>
    <idCode>P</idCode>
        <idValue>Four month period</idValue>
    <idCode>S</idCode>
        <idValue>Second</idValue>
    <idCode>SD</idCode>
        <idValue>Surface day</idValue>
    <idCode>SI</idCode>
        <idValue>Indefinite</idValue>
    <idCode>W</idCode>
        <idValue>Week</idValue>
    <idCode>WD</idCode>
        <idValue>Working days</idValue>
    <idCode>WW</idCode>
        <idValue>5 day work week</idValue>
    <idCode>Y</idCode>
        <idValue>Year</idValue>
    <idCode>ZZZ</idCode>
        <idValue>Mutually defined</idValue>
</idList>
