<?xml version="1.0"?>
<!DOCTYPE idList SYSTEM "idList.dtd">
<!-- Revision 3.1.0 OBOE  October 6, 2003 -->
<idList>
    <idCode>1</idCode>
        <idValue>Mandatory data element missing</idValue>
    <idCode>2</idCode>
        <idValue>Conditional required data element missing.</idValue>
    <idCode>3</idCode>
        <idValue>Too many data elements.</idValue>
    <idCode>4</idCode>
        <idValue>Data element too short.</idValue>
    <idCode>5</idCode>
        <idValue>Data element too long.</idValue>
    <idCode>6</idCode>
        <idValue>Invalid character in data element.</idValue>
    <idCode>7</idCode>
        <idValue>Invalid code value.</idValue>
    <idCode>8</idCode>
        <idValue>Invalid Date</idValue>
    <idCode>9</idCode>
        <idValue>Invalid Time</idValue>
    <idCode>10</idCode>
        <idValue>Exclusion Condition Violated</idValue>
</idList>
