<?xml version="1.0"?>
<!DOCTYPE idList SYSTEM "idList.dtd">
<!-- Revision 3.5.0 data/OBOE, docs,June 1, 2007, -->
<idList>
    <idCode>AE</idCode>
        <idValue>Architect and Engineering</idValue>
    <idCode>CN</idCode>
        <idValue>Construction</idValue>
    <idCode>DR</idCode>
        <idValue>Demolish  Dismantle or Replace</idValue>
    <idCode>ED</idCode>
        <idValue>Education</idValue>
    <idCode>ER</idCode>
        <idValue>Equipment Rental</idValue>
    <idCode>EX</idCode>
        <idValue>Extension</idValue>
    <idCode>FC</idCode>
        <idValue>Facilities</idValue>
    <idCode>FL</idCode>
        <idValue>Fellowship</idValue>
    <idCode>HW</idCode>
        <idValue>Hardware</idValue>
    <idCode>IR</idCode>
        <idValue>Inspect and Repair as Necessary</idValue>
    <idCode>MD</idCode>
        <idValue>Modification</idValue>
    <idCode>OV</idCode>
        <idValue>Overhaul</idValue>
    <idCode>PS</idCode>
        <idValue>Public Service</idValue>
    <idCode>RD</idCode>
        <idValue>Research and Development</idValue>
    <idCode>RE</idCode>
        <idValue>Repair</idValue>
    <idCode>SB</idCode>
        <idValue>Shipbuilding</idValue>
    <idCode>SF</idCode>
        <idValue>Student Financial Aid</idValue>
    <idCode>SP</idCode>
        <idValue>Supplies</idValue>
    <idCode>SS</idCode>
        <idValue>Student Services</idValue>
    <idCode>SU</idCode>
        <idValue>Subsistence</idValue>
    <idCode>SV</idCode>
        <idValue>Services</idValue>
    <idCode>TE</idCode>
        <idValue>Test and Evaluation</idValue>
    <idCode>UT</idCode>
        <idValue>Utilities</idValue>
</idList>
