<?xml version="1.0"?>
<!DOCTYPE idList SYSTEM "idList.dtd">
<!-- Revision 3.5.0 data/OBOE, docs,June 1, 2007, -->
<idList>
    <idCode>AR</idCode>
        <idValue>Admission Review</idValue>
    <idCode>BA</idCode>
        <idValue>Batch</idValue>
    <idCode>HS</idCode>
        <idValue>Health Services Review</idValue>
    <idCode>IN</idCode>
        <idValue>Individual</idValue>
    <idCode>PR</idCode>
        <idValue>Program Referral</idValue>
    <idCode>RE</idCode>
        <idValue>Recurring</idValue>
    <idCode>SC</idCode>
        <idValue>Specialty Care Review</idValue>
</idList>
