<?xml version="1.0"?>
<!DOCTYPE idList SYSTEM "idList.dtd">
<!-- Revision 3.5.0 data/OBOE, docs,June 1, 2007, -->
<idList>
    <idCode>0</idCode>
        <idValue>Authorize</idValue>
    <idCode>1</idCode>
        <idValue>Add</idValue>
    <idCode>2</idCode>
        <idValue>Change (Update)</idValue>
    <idCode>3</idCode>
        <idValue>Delete</idValue>
    <idCode>4</idCode>
        <idValue>Verify</idValue>
    <idCode>5</idCode>
        <idValue>Send</idValue>
    <idCode>6</idCode>
        <idValue>Receive</idValue>
    <idCode>7</idCode>
        <idValue>Request</idValue>
    <idCode>8</idCode>
        <idValue>In Production Send</idValue>
    <idCode>9</idCode>
        <idValue>Not Capable of Taking Action</idValue>
    <idCode>A</idCode>
        <idValue>Add A Bill of Lading</idValue>
    <idCode>B</idCode>
        <idValue>Cancel Balance of Order/Item that Exceeds Value Specified in Data Element 610</idValue>
    <idCode>C</idCode>
        <idValue>Cancelled</idValue>
    <idCode>D</idCode>
        <idValue>Delete a Bill of Lading</idValue>
    <idCode>E</idCode>
        <idValue>Eliminate/Expire</idValue>
    <idCode>F</idCode>
        <idValue>Final</idValue>
    <idCode>G</idCode>
        <idValue>Cancel Entire Order/Item</idValue>
    <idCode>H</idCode>
        <idValue>Master-In-Bond (MIB) Arrival</idValue>
    <idCode>I</idCode>
        <idValue>Reissue</idValue>
    <idCode>J</idCode>
        <idValue>Record</idValue>
    <idCode>K</idCode>
        <idValue>In Production Send and Receive</idValue>
    <idCode>L</idCode>
        <idValue>In Development/Send</idValue>
    <idCode>M</idCode>
        <idValue>In Development/Receive</idValue>
    <idCode>N</idCode>
        <idValue>In Development/Send and Receive</idValue>
    <idCode>O</idCode>
        <idValue>In Test/Send</idValue>
    <idCode>P</idCode>
        <idValue>In Test/Receive</idValue>
    <idCode>Q</idCode>
        <idValue>In Test/Send and Receive</idValue>
    <idCode>R</idCode>
        <idValue>In Production Receive</idValue>
    <idCode>S</idCode>
        <idValue>Re-record</idValue>
    <idCode>T</idCode>
        <idValue>Status Query</idValue>
    <idCode>U</idCode>
        <idValue>Reject</idValue>
    <idCode>V</idCode>
        <idValue>Respond</idValue>
    <idCode>W</idCode>
        <idValue>Reverse</idValue>
    <idCode>X</idCode>
        <idValue>Recommend</idValue>
    <idCode>Y</idCode>
        <idValue>Not Recommend</idValue>
    <idCode>Z</idCode>
        <idValue>Mutually Defined</idValue>
    <idCode>00</idCode>
        <idValue>Authorize and Settle Combination</idValue>
    <idCode>10</idCode>
        <idValue>Adjourn</idValue>
    <idCode>11</idCode>
        <idValue>Approve</idValue>
    <idCode>12</idCode>
        <idValue>Auction</idValue>
    <idCode>13</idCode>
        <idValue>Cleared</idValue>
    <idCode>14</idCode>
        <idValue>Compose</idValue>
    <idCode>15</idCode>
        <idValue>Correct and Resubmit Claim</idValue>
    <idCode>16</idCode>
        <idValue>Consider</idValue>
    <idCode>17</idCode>
        <idValue>Create</idValue>
    <idCode>18</idCode>
        <idValue>Decide</idValue>
    <idCode>19</idCode>
        <idValue>Declare</idValue>
    <idCode>20</idCode>
        <idValue>Decree Recall</idValue>
    <idCode>21</idCode>
        <idValue>Disapprove</idValue>
    <idCode>22</idCode>
        <idValue>Dissolve</idValue>
    <idCode>23</idCode>
        <idValue>Escalation</idValue>
    <idCode>24</idCode>
        <idValue>On-Hold</idValue>
    <idCode>25</idCode>
        <idValue>Dropped</idValue>
    <idCode>26</idCode>
        <idValue>Bankruptcy Filed - Review Account</idValue>
    <idCode>27</idCode>
        <idValue>Moved - Follow Up</idValue>
    <idCode>28</idCode>
        <idValue>Change Phone Number</idValue>
    <idCode>29</idCode>
        <idValue>Payment Received - Follow Up</idValue>
    <idCode>30</idCode>
        <idValue>Account Active - Pursue</idValue>
    <idCode>31</idCode>
        <idValue>Return per Client Request</idValue>
    <idCode>32</idCode>
        <idValue>Pursue Legal Action</idValue>
    <idCode>33</idCode>
        <idValue>Active</idValue>
    <idCode>34</idCode>
        <idValue>Pursue Garnishment</idValue>
    <idCode>35</idCode>
        <idValue>New Assignment - Proceed</idValue>
    <idCode>36</idCode>
        <idValue>Repossess Merchandise</idValue>
    <idCode>37</idCode>
        <idValue>Adjust Payment</idValue>
    <idCode>38</idCode>
        <idValue>Change Address</idValue>
    <idCode>39</idCode>
        <idValue>Skiptrace Account</idValue>
    <idCode>40</idCode>
        <idValue>Close Account - Deceased</idValue>
    <idCode>41</idCode>
        <idValue>Update to Inactive</idValue>
    <idCode>42</idCode>
        <idValue>Account Paid in Full - Close Account</idValue>
    <idCode>43</idCode>
        <idValue>Refused to Pay - Review Account</idValue>
    <idCode>44</idCode>
        <idValue>Account Disputed - Review</idValue>
    <idCode>45</idCode>
        <idValue>Do Not Contact - Fair Debt Collection Practices Act (FDCPA)</idValue>
    <idCode>46</idCode>
        <idValue>Forward Account</idValue>
    <idCode>47</idCode>
        <idValue>Enforce</idValue>
    <idCode>48</idCode>
        <idValue>Extinguish</idValue>
    <idCode>49</idCode>
        <idValue>Judgment for Defendant</idValue>
    <idCode>50</idCode>
        <idValue>Judgment for Plaintiff</idValue>
    <idCode>51</idCode>
        <idValue>Complete</idValue>
    <idCode>52</idCode>
        <idValue>Justified</idValue>
    <idCode>53</idCode>
        <idValue>Legal Moratorium on Debts Incurred to Date</idValue>
    <idCode>54</idCode>
        <idValue>Meeting Held</idValue>
    <idCode>55</idCode>
        <idValue>Meeting Held and Opened</idValue>
    <idCode>56</idCode>
        <idValue>Moratorium</idValue>
    <idCode>57</idCode>
        <idValue>Not Filed</idValue>
    <idCode>58</idCode>
        <idValue>Not Justified</idValue>
    <idCode>59</idCode>
        <idValue>Partial Release</idValue>
    <idCode>60</idCode>
        <idValue>Provisional Moratorium</idValue>
    <idCode>61</idCode>
        <idValue>Readjudicate</idValue>
    <idCode>62</idCode>
        <idValue>Resolve</idValue>
    <idCode>63</idCode>
        <idValue>Resulted in a Suit</idValue>
    <idCode>64</idCode>
        <idValue>Resulted in No Liquidation</idValue>
    <idCode>65</idCode>
        <idValue>Set Aside</idValue>
    <idCode>66</idCode>
        <idValue>Settled out of Court</idValue>
    <idCode>67</idCode>
        <idValue>Sold</idValue>
    <idCode>68</idCode>
        <idValue>Stayed</idValue>
    <idCode>69</idCode>
        <idValue>Subordination</idValue>
    <idCode>70</idCode>
        <idValue>Surrender</idValue>
    <idCode>71</idCode>
        <idValue>Term Expired</idValue>
    <idCode>72</idCode>
        <idValue>Unsatisfied</idValue>
    <idCode>73</idCode>
        <idValue>Void</idValue>
    <idCode>74</idCode>
        <idValue>Suspended  24 Hours</idValue>
    <idCode>75</idCode>
        <idValue>Dispute</idValue>
    <idCode>76</idCode>
        <idValue>Assign</idValue>
    <idCode>77</idCode>
        <idValue>Agent Change</idValue>
    <idCode>78</idCode>
        <idValue>Agent Hierarchy Change</idValue>
    <idCode>79</idCode>
        <idValue>Reactivate</idValue>
    <idCode>80</idCode>
        <idValue>Reconcile</idValue>
    <idCode>81</idCode>
        <idValue>Renew</idValue>
    <idCode>82</idCode>
        <idValue>Follow Up</idValue>
    <idCode>83</idCode>
        <idValue>Future</idValue>
    <idCode>84</idCode>
        <idValue>Letter of Authority Sent</idValue>
    <idCode>85</idCode>
        <idValue>New Premium Only</idValue>
    <idCode>86</idCode>
        <idValue>Pended for Follow Up</idValue>
    <idCode>87</idCode>
        <idValue>Countersue</idValue>
    <idCode>88</idCode>
        <idValue>Contact via Telephone Call</idValue>
    <idCode>89</idCode>
        <idValue>Contact via Fax</idValue>
    <idCode>90</idCode>
        <idValue>Mark</idValue>
    <idCode>91</idCode>
        <idValue>In Progress</idValue>
    <idCode>92</idCode>
        <idValue>Reconfirm</idValue>
    <idCode>93</idCode>
        <idValue>Send Record at End of the Fall Term</idValue>
    <idCode>94</idCode>
        <idValue>Send Record at End of the Winter Term</idValue>
    <idCode>95</idCode>
        <idValue>Send Record at End of the Spring Term</idValue>
    <idCode>96</idCode>
        <idValue>Send Record at End of the Summer Term</idValue>
    <idCode>97</idCode>
        <idValue>Send Record at End of the Intersession Term</idValue>
    <idCode>A1</idCode>
        <idValue>Certified in total</idValue>
    <idCode>A2</idCode>
        <idValue>Certified - partial</idValue>
    <idCode>A3</idCode>
        <idValue>Not Certified</idValue>
    <idCode>A4</idCode>
        <idValue>Pended</idValue>
    <idCode>A5</idCode>
        <idValue>Upheld</idValue>
    <idCode>A6</idCode>
        <idValue>Modified</idValue>
    <idCode>AA</idCode>
        <idValue>Award</idValue>
    <idCode>AB</idCode>
        <idValue>Abandon</idValue>
    <idCode>AC</idCode>
        <idValue>Acknowledge</idValue>
    <idCode>AD</idCode>
        <idValue>Decrease in Amount</idValue>
    <idCode>AE</idCode>
        <idValue>Activate</idValue>
    <idCode>AF</idCode>
        <idValue>Affirm</idValue>
    <idCode>AG</idCode>
        <idValue>Added Commodity Codes</idValue>
    <idCode>AH</idCode>
        <idValue>Added Equipment</idValue>
    <idCode>AI</idCode>
        <idValue>Increase in Amount</idValue>
    <idCode>AJ</idCode>
        <idValue>Added Points Served</idValue>
    <idCode>AL</idCode>
        <idValue>Allow</idValue>
    <idCode>AP</idCode>
        <idValue>Appeal</idValue>
    <idCode>AQ</idCode>
        <idValue>Acquitted</idValue>
    <idCode>AR</idCode>
        <idValue>Advanced Payment</idValue>
    <idCode>AS</idCode>
        <idValue>Discovered</idValue>
    <idCode>AT</idCode>
        <idValue>Appoint</idValue>
    <idCode>AV</idCode>
        <idValue>Cancellation Not Effected</idValue>
    <idCode>AW</idCode>
        <idValue>Mass Cancellation</idValue>
    <idCode>AX</idCode>
        <idValue>Partial Cancellation</idValue>
    <idCode>BD</idCode>
        <idValue>Board</idValue>
    <idCode>BE</idCode>
        <idValue>Producer Reporting Structure Change</idValue>
    <idCode>BF</idCode>
        <idValue>Background Investigation</idValue>
    <idCode>BG</idCode>
        <idValue>License Request</idValue>
    <idCode>BH</idCode>
        <idValue>Book of Business Transfer</idValue>
    <idCode>BI</idCode>
        <idValue>Bifurcate</idValue>
    <idCode>BJ</idCode>
        <idValue>Print Loan Application Only</idValue>
    <idCode>BK</idCode>
        <idValue>Guarantee Application Only</idValue>
    <idCode>BL</idCode>
        <idValue>Guarantee Before Sending Application</idValue>
    <idCode>BM</idCode>
        <idValue>Return Loan Application with Certification Data</idValue>
    <idCode>BN</idCode>
        <idValue>Guarantee After Receiving Application</idValue>
    <idCode>BO</idCode>
        <idValue>Use Both Date and Meter Criteria</idValue>
    <idCode>C1</idCode>
        <idValue>Community Service Required</idValue>
    <idCode>C2</idCode>
        <idValue>Convicted</idValue>
    <idCode>CA</idCode>
        <idValue>Change Name</idValue>
    <idCode>CB</idCode>
        <idValue>Cut</idValue>
    <idCode>CC</idCode>
        <idValue>Concur</idValue>
    <idCode>CD</idCode>
        <idValue>Completed Docket (Proposer Only and on Current Docket)</idValue>
    <idCode>CE</idCode>
        <idValue>Charge</idValue>
    <idCode>CF</idCode>
        <idValue>Confirm</idValue>
    <idCode>CG</idCode>
        <idValue>Conditionally Grant</idValue>
    <idCode>CL</idCode>
        <idValue>Closed</idValue>
    <idCode>CM</idCode>
        <idValue>Commence</idValue>
    <idCode>CN</idCode>
        <idValue>Consolidated</idValue>
    <idCode>CO</idCode>
        <idValue>Correct</idValue>
    <idCode>CP</idCode>
        <idValue>Counter Proposal</idValue>
    <idCode>CR</idCode>
        <idValue>Process Immediate  Critical</idValue>
    <idCode>CS</idCode>
        <idValue>Transfer of Claim for Security</idValue>
    <idCode>CT</idCode>
        <idValue>Contact Payer</idValue>
    <idCode>CU</idCode>
        <idValue>Continue</idValue>
    <idCode>CV</idCode>
        <idValue>Convert</idValue>
    <idCode>CX</idCode>
        <idValue>Claim Transferred</idValue>
    <idCode>D1</idCode>
        <idValue>Deported</idValue>
    <idCode>D2</idCode>
        <idValue>Dismissed</idValue>
    <idCode>DA</idCode>
        <idValue>Division Adjustment Only</idValue>
    <idCode>DB</idCode>
        <idValue>Shorten Expiration Date</idValue>
    <idCode>DC</idCode>
        <idValue>Delivered to Another Carrier</idValue>
    <idCode>DD</idCode>
        <idValue>Delete and Docket (Proposer Only on Unconcurred Docket)</idValue>
    <idCode>DE</idCode>
        <idValue>Deny</idValue>
    <idCode>DF</idCode>
        <idValue>Defer</idValue>
    <idCode>DG</idCode>
        <idValue>Decrease</idValue>
    <idCode>DH</idCode>
        <idValue>Extended Expiration Date</idValue>
    <idCode>DI</idCode>
        <idValue>Dismissed with Prejudice</idValue>
    <idCode>DJ</idCode>
        <idValue>Dismissed without Prejudice</idValue>
    <idCode>DK</idCode>
        <idValue>Dispose</idValue>
    <idCode>DL</idCode>
        <idValue>Divert</idValue>
    <idCode>DP</idCode>
        <idValue>Delivered to Public Warehouse</idValue>
    <idCode>DR</idCode>
        <idValue>Direct</idValue>
    <idCode>DS</idCode>
        <idValue>Discarded</idValue>
    <idCode>DT</idCode>
        <idValue>Discontinue</idValue>
    <idCode>DX</idCode>
        <idValue>Discharged</idValue>
    <idCode>EA</idCode>
        <idValue>Establish Address</idValue>
    <idCode>EB</idCode>
        <idValue>Establish Additional Address</idValue>
    <idCode>EC</idCode>
        <idValue>Establish Electronic Address</idValue>
    <idCode>ED</idCode>
        <idValue>Suppress Correspondence</idValue>
    <idCode>EE</idCode>
        <idValue>Suppress Forms</idValue>
    <idCode>EN</idCode>
        <idValue>Enter</idValue>
    <idCode>EP</idCode>
        <idValue>Entire Patient Information</idValue>
    <idCode>ER</idCode>
        <idValue>Extension Request</idValue>
    <idCode>EV</idCode>
        <idValue>Evaluate</idValue>
    <idCode>EX</idCode>
        <idValue>Extend</idValue>
    <idCode>EZ</idCode>
        <idValue>Exception Occurred</idValue>
    <idCode>F1</idCode>
        <idValue>Fined</idValue>
    <idCode>FA</idCode>
        <idValue>Fail</idValue>
    <idCode>FC</idCode>
        <idValue>Factor Change</idValue>
    <idCode>FI</idCode>
        <idValue>File</idValue>
    <idCode>FO</idCode>
        <idValue>Forfeit</idValue>
    <idCode>FR</idCode>
        <idValue>Patient Follow-Up Required</idValue>
    <idCode>GR</idCode>
        <idValue>Grant</idValue>
    <idCode>HM</idCode>
        <idValue>Process Manually</idValue>
    <idCode>HR</idCode>
        <idValue>Hold Until Released</idValue>
    <idCode>I1</idCode>
        <idValue>Found Not Guilty</idValue>
    <idCode>IA</idCode>
        <idValue>Deactivate</idValue>
    <idCode>IM</idCode>
        <idValue>Increase</idValue>
    <idCode>IN</idCode>
        <idValue>Interim</idValue>
    <idCode>IS</idCode>
        <idValue>Issue</idValue>
    <idCode>IT</idCode>
        <idValue>Initiate</idValue>
    <idCode>JA</idCode>
        <idValue>Jailed</idValue>
    <idCode>JO</idCode>
        <idValue>Join</idValue>
    <idCode>JU</idCode>
        <idValue>Judgment</idValue>
    <idCode>KA</idCode>
        <idValue>Registration Confirmed</idValue>
    <idCode>LC</idCode>
        <idValue>Left at Consignee</idValue>
    <idCode>LQ</idCode>
        <idValue>Liquidate</idValue>
    <idCode>ME</idCode>
        <idValue>Merge</idValue>
    <idCode>MO</idCode>
        <idValue>Mooting</idValue>
    <idCode>NA</idCode>
        <idValue>No Action Required</idValue>
    <idCode>NC</idCode>
        <idValue>Process Routinely  Not Critical</idValue>
    <idCode>ND</idCode>
        <idValue>No Change</idValue>
    <idCode>NP</idCode>
        <idValue>Not Present</idValue>
    <idCode>NS</idCode>
        <idValue>Do Not Send</idValue>
    <idCode>OD</idCode>
        <idValue>Order</idValue>
    <idCode>OP</idCode>
        <idValue>Open</idValue>
    <idCode>OR</idCode>
        <idValue>Use Date or Meter Criteria (whichever occurs first)</idValue>
    <idCode>OT</idCode>
        <idValue>Other Unlisted Action</idValue>
    <idCode>P1</idCode>
        <idValue>Sentenced to Probation</idValue>
    <idCode>PA</idCode>
        <idValue>Tariff Publisher Add</idValue>
    <idCode>PB</idCode>
        <idValue>Partial Transfer of Claim</idValue>
    <idCode>PC</idCode>
        <idValue>Previously Converted</idValue>
    <idCode>PD</idCode>
        <idValue>Tariff Publisher Delete</idValue>
    <idCode>PF</idCode>
        <idValue>Preliminary Final</idValue>
    <idCode>PI</idCode>
        <idValue>Provide Additional Information</idValue>
    <idCode>PJ</idCode>
        <idValue>Progress Payment</idValue>
    <idCode>PO</idCode>
        <idValue>Proposed</idValue>
    <idCode>PP</idCode>
        <idValue>Partial Patient Information</idValue>
    <idCode>PR</idCode>
        <idValue>Present</idValue>
    <idCode>PS</idCode>
        <idValue>Proposal</idValue>
    <idCode>PT</idCode>
        <idValue>Proposal Trace</idValue>
    <idCode>PU</idCode>
        <idValue>Publish Changes</idValue>
    <idCode>PV</idCode>
        <idValue>Provisional Payment</idValue>
    <idCode>R1</idCode>
        <idValue>Reopened</idValue>
    <idCode>R2</idCode>
        <idValue>Send Record Now</idValue>
    <idCode>R3</idCode>
        <idValue>Send Record at End of the Term</idValue>
    <idCode>R4</idCode>
        <idValue>Send Record After Degree is Posted</idValue>
    <idCode>R5</idCode>
        <idValue>Send Vocational Record Only</idValue>
    <idCode>R6</idCode>
        <idValue>Transfer</idValue>
    <idCode>R7</idCode>
        <idValue>Assumption</idValue>
    <idCode>R8</idCode>
        <idValue>Terminate</idValue>
    <idCode>R9</idCode>
        <idValue>Reinstate</idValue>
    <idCode>RA</idCode>
        <idValue>Remove</idValue>
    <idCode>RB</idCode>
        <idValue>Resecure</idValue>
    <idCode>RC</idCode>
        <idValue>Returned to Carrier Facility</idValue>
    <idCode>RD</idCode>
        <idValue>Rate and Division Adjustment</idValue>
    <idCode>RE</idCode>
        <idValue>Released</idValue>
    <idCode>RF</idCode>
        <idValue>Returned to Shipper&apos;s Facility (Other Than Original Shipping Location)</idValue>
    <idCode>RG</idCode>
        <idValue>Refer</idValue>
    <idCode>RH</idCode>
        <idValue>Recall</idValue>
    <idCode>RI</idCode>
        <idValue>Restricted</idValue>
    <idCode>RJ</idCode>
        <idValue>Rate Adjustment</idValue>
    <idCode>RK</idCode>
        <idValue>Rate Adjustment with a Sequence Change</idValue>
    <idCode>RL</idCode>
        <idValue>Reschedule</idValue>
    <idCode>RM</idCode>
        <idValue>Remand</idValue>
    <idCode>RN</idCode>
        <idValue>Reject Proposal with Counter Proposal to Follow</idValue>
    <idCode>RO</idCode>
        <idValue>Returned to Original Shipping Location</idValue>
    <idCode>RP</idCode>
        <idValue>Request To Publish</idValue>
    <idCode>RQ</idCode>
        <idValue>Tariff Publisher Reissue</idValue>
    <idCode>RR</idCode>
        <idValue>Reverse and Remand</idValue>
    <idCode>RS</idCode>
        <idValue>Report Status</idValue>
    <idCode>RT</idCode>
        <idValue>Restrain</idValue>
    <idCode>RU</idCode>
        <idValue>Return</idValue>
    <idCode>RV</idCode>
        <idValue>Revoke</idValue>
    <idCode>RW</idCode>
        <idValue>Rescind</idValue>
    <idCode>RX</idCode>
        <idValue>Replace</idValue>
    <idCode>RZ</idCode>
        <idValue>Reject - Header Level Errors</idValue>
    <idCode>S1</idCode>
        <idValue>Secure</idValue>
    <idCode>S2</idCode>
        <idValue>Suspended</idValue>
    <idCode>SA</idCode>
        <idValue>Satisfy</idValue>
    <idCode>SB</idCode>
        <idValue>Subrogate</idValue>
    <idCode>SC</idCode>
        <idValue>Screen</idValue>
    <idCode>SD</idCode>
        <idValue>Seal</idValue>
    <idCode>SE</idCode>
        <idValue>Settle</idValue>
    <idCode>SL</idCode>
        <idValue>Schedule</idValue>
    <idCode>SR</idCode>
        <idValue>Serve</idValue>
    <idCode>SS</idCode>
        <idValue>Sustain</idValue>
    <idCode>SU</idCode>
        <idValue>Suspend</idValue>
    <idCode>SV</idCode>
        <idValue>Sever</idValue>
    <idCode>SZ</idCode>
        <idValue>Seize</idValue>
    <idCode>TD</idCode>
        <idValue>Temporarily Deny</idValue>
    <idCode>TE</idCode>
        <idValue>Oppose</idValue>
    <idCode>TG</idCode>
        <idValue>Temporarily Grant</idValue>
    <idCode>TN</idCode>
        <idValue>Annul</idValue>
    <idCode>TP</idCode>
        <idValue>Temporarily Grant  in Part</idValue>
    <idCode>TR</idCode>
        <idValue>Trim</idValue>
    <idCode>TS</idCode>
        <idValue>Disallow</idValue>
    <idCode>TU</idCode>
        <idValue>Take Under Advisement</idValue>
    <idCode>VA</idCode>
        <idValue>Vacate</idValue>
    <idCode>W1</idCode>
        <idValue>Reconcile Historical Records</idValue>
    <idCode>WD</idCode>
        <idValue>Withdrawn</idValue>
    <idCode>WI</idCode>
        <idValue>Winterize</idValue>
    <idCode>WQ</idCode>
        <idValue>Accept</idValue>
    <idCode>WV</idCode>
        <idValue>Waive</idValue>
</idList>
