<?xml version="1.0"?>
<!DOCTYPE idList SYSTEM "idList.dtd">
<!-- Revision 3.5.0 data/OBOE, docs,June 1, 2007, -->
<idList>
    <idCode>AA</idCode>
        <idValue>Multiple Pickup Same Destination</idValue>
    <idCode>AB</idCode>
        <idValue>Available to Ship - Billed Quantity</idValue>
    <idCode>AN</idCode>
        <idValue>Available Now - No Shipping Schedule</idValue>
    <idCode>AP</idCode>
        <idValue>Allocation</idValue>
    <idCode>AS</idCode>
        <idValue>Available Now - Scheduled to Ship (date)</idValue>
    <idCode>AU</idCode>
        <idValue>Available to Ship - Unbilled Quantity</idValue>
    <idCode>AV</idCode>
        <idValue>Available</idValue>
    <idCode>BK</idCode>
        <idValue>Back Ordered from Previous Order</idValue>
    <idCode>BM</idCode>
        <idValue>Backordered  Manufacturer  Out-of-Stock</idValue>
    <idCode>BO</idCode>
        <idValue>Back Ordered</idValue>
    <idCode>BP</idCode>
        <idValue>Shipment Partial  Back Order to Ship on (Date)</idValue>
    <idCode>BT</idCode>
        <idValue>Billed total</idValue>
    <idCode>BW</idCode>
        <idValue>Billed week-to-date</idValue>
    <idCode>CA</idCode>
        <idValue>Customer Inquiry - All Items</idValue>
    <idCode>CB</idCode>
        <idValue>Components Missing</idValue>
    <idCode>CC</idCode>
        <idValue>Shipment Complete on (Date)</idValue>
    <idCode>CD</idCode>
        <idValue>Consolidated Freight</idValue>
    <idCode>CE</idCode>
        <idValue>Shipment Includes Extra Items to Meet Price Break</idValue>
    <idCode>CF</idCode>
        <idValue>Consolidated Load</idValue>
    <idCode>CI</idCode>
        <idValue>Customer Inquiry - Shipped Items Only</idValue>
    <idCode>CK</idCode>
        <idValue>Cancelled from Previous Order</idValue>
    <idCode>CL</idCode>
        <idValue>Complete</idValue>
    <idCode>CM</idCode>
        <idValue>Shipment Complete with Additional Quantity</idValue>
    <idCode>CN</idCode>
        <idValue>Next Carrier Move on (Date)</idValue>
    <idCode>CO</idCode>
        <idValue>Customer Inquiry - Unshipped Items Only</idValue>
    <idCode>CP</idCode>
        <idValue>Partial Shipment on (Date)  Considered No Backorder</idValue>
    <idCode>CS</idCode>
        <idValue>Shipment Complete with Substitution</idValue>
    <idCode>CT</idCode>
        <idValue>Combination</idValue>
    <idCode>CU</idCode>
        <idValue>Cancelled Line Item</idValue>
    <idCode>DA</idCode>
        <idValue>Due for Assortment</idValue>
    <idCode>DD</idCode>
        <idValue>Delivered to Destination on (Date)</idValue>
    <idCode>DE</idCode>
        <idValue>Deleted Order</idValue>
    <idCode>DI</idCode>
        <idValue>Discontinued</idValue>
    <idCode>DO</idCode>
        <idValue>Diverted Order</idValue>
    <idCode>DP</idCode>
        <idValue>Dispose</idValue>
    <idCode>DR</idCode>
        <idValue>Dating Requirements</idValue>
    <idCode>DS</idCode>
        <idValue>Out Of Stock Condition</idValue>
    <idCode>EC</idCode>
        <idValue>Equipment Capacity</idValue>
    <idCode>ED</idCode>
        <idValue>Expect to Ship By (Date)</idValue>
    <idCode>EW</idCode>
        <idValue>Expect To Ship Week of (Date)</idValue>
    <idCode>EX</idCode>
        <idValue>Expect to Deliver by</idValue>
    <idCode>FS</idCode>
        <idValue>Units Not Shipped By Agent - To Be Shipped From Factory</idValue>
    <idCode>HQ</idCode>
        <idValue>Held Awaiting Qualification</idValue>
    <idCode>IC</idCode>
        <idValue>Item Canceled</idValue>
    <idCode>ID</idCode>
        <idValue>Insufficient Information</idValue>
    <idCode>IN</idCode>
        <idValue>In Process</idValue>
    <idCode>IP</idCode>
        <idValue>Inquiry by Purchase Order</idValue>
    <idCode>IS</idCode>
        <idValue>Item Represents Substitution from Original Order</idValue>
    <idCode>LM</idCode>
        <idValue>Shipment late</idValue>
    <idCode>LS</idCode>
        <idValue>Last Shipment on (Date)</idValue>
    <idCode>LW</idCode>
        <idValue>Number of Late Weeks</idValue>
    <idCode>MC</idCode>
        <idValue>Missing Components Furnished</idValue>
    <idCode>NF</idCode>
        <idValue>Not Yet Published</idValue>
    <idCode>NN</idCode>
        <idValue>Not in Process - No Shipping Schedule</idValue>
    <idCode>NS</idCode>
        <idValue>Not In Process  Scheduled to Ship on (Date)</idValue>
    <idCode>NY</idCode>
        <idValue>No Shipping Schedule</idValue>
    <idCode>OB</idCode>
        <idValue>Out of Bill &amp; Hold Goods</idValue>
    <idCode>OF</idCode>
        <idValue>Order Sent to Factory for Production on (Date)</idValue>
    <idCode>OP</idCode>
        <idValue>Out of Print</idValue>
    <idCode>OR</idCode>
        <idValue>Temporarily Out of Stock - Reorder</idValue>
    <idCode>PA</idCode>
        <idValue>Purchase Order Inquiry - All Items</idValue>
    <idCode>PC</idCode>
        <idValue>Production</idValue>
    <idCode>PD</idCode>
        <idValue>Purchase Order Complete</idValue>
    <idCode>PH</idCode>
        <idValue>Product On Hold</idValue>
    <idCode>PI</idCode>
        <idValue>Purchase Order Inquiry - Shipped Items Only</idValue>
    <idCode>PK</idCode>
        <idValue>Packed-to-Date as of (Date)</idValue>
    <idCode>PL</idCode>
        <idValue>Part Lot  Stop Off</idValue>
    <idCode>PN</idCode>
        <idValue>In Process - No Shipping Schedule</idValue>
    <idCode>PO</idCode>
        <idValue>Purchase Order Inquiry - Unshipped Items Only</idValue>
    <idCode>PP</idCode>
        <idValue>Purchase Order Inquiry - Specific Items</idValue>
    <idCode>PR</idCode>
        <idValue>Partial Shipment</idValue>
    <idCode>PS</idCode>
        <idValue>In Process  Scheduled to Ship On (Date)</idValue>
    <idCode>PT</idCode>
        <idValue>Part Lot</idValue>
    <idCode>QN</idCode>
        <idValue>Quantity Net Due</idValue>
    <idCode>QP</idCode>
        <idValue>Quantity Past Due</idValue>
    <idCode>RC</idCode>
        <idValue>Released to Carrier (Date)</idValue>
    <idCode>RD</idCode>
        <idValue>Revised Expect to Ship By (Date)</idValue>
    <idCode>RI</idCode>
        <idValue>Recall</idValue>
    <idCode>RT</idCode>
        <idValue>Received Total</idValue>
    <idCode>RW</idCode>
        <idValue>Revised Expect to Ship Week of (Date)</idValue>
    <idCode>SA</idCode>
        <idValue>Shipment Quantity Increase</idValue>
    <idCode>SB</idCode>
        <idValue>Seconds Available to Ship - Billed Quantity</idValue>
    <idCode>SC</idCode>
        <idValue>Shipment Quantity Decrease</idValue>
    <idCode>SD</idCode>
        <idValue>Shipped Damaged</idValue>
    <idCode>SE</idCode>
        <idValue>Replacement Shipment</idValue>
    <idCode>SF</idCode>
        <idValue>Shipped and Held in Bond at Contractor&apos;s Plant</idValue>
    <idCode>SG</idCode>
        <idValue>Shipped and Held as Government-Furnished Property</idValue>
    <idCode>SH</idCode>
        <idValue>Shipped (Date)</idValue>
    <idCode>SI</idCode>
        <idValue>Shipment Late  Scheduled to Ship on (Date)</idValue>
    <idCode>SJ</idCode>
        <idValue>Shipped or Performed as Indicated</idValue>
    <idCode>SK</idCode>
        <idValue>Shipment Underrun Quantity</idValue>
    <idCode>SL</idCode>
        <idValue>Shipped - to - Date through (Date)</idValue>
    <idCode>SP</idCode>
        <idValue>Scheduled for Production at Factory on (Date)</idValue>
    <idCode>SQ</idCode>
        <idValue>Scheduled to ship (Summary quantity)</idValue>
    <idCode>SS</idCode>
        <idValue>Split Shipment</idValue>
    <idCode>ST</idCode>
        <idValue>Stop Off</idValue>
    <idCode>SU</idCode>
        <idValue>Seconds Available to Ship - Unbilled Quantity</idValue>
    <idCode>UB</idCode>
        <idValue>Unbilled Quantity Balance</idValue>
    <idCode>UN</idCode>
        <idValue>Unavailable</idValue>
    <idCode>UR</idCode>
        <idValue>Unsolicited Report</idValue>
    <idCode>WS</idCode>
        <idValue>Item Invoiced - Shipment to Follow</idValue>
    <idCode>ZZ</idCode>
        <idValue>Mutually Defined</idValue>
</idList>
