<?xml version="1.0"?>
<!DOCTYPE idList SYSTEM "idList.dtd">
<!-- Revision 3.5.0 data/OBOE, docs,June 1, 2007, -->
<idList>
    <idCode>1</idCode>
        <idValue>Final Port of Discharge (Operational)</idValue>
    <idCode>2</idCode>
        <idValue>Collect Charge Location (Operational)</idValue>
    <idCode>3</idCode>
        <idValue>Customs Office of Manifest Origin</idValue>
    <idCode>4</idCode>
        <idValue>Customs Office of Manifest Destination</idValue>
    <idCode>5</idCode>
        <idValue>Activity Location (Operational)</idValue>
    <idCode>6</idCode>
        <idValue>Origin Rail Intermodal Terminal</idValue>
    <idCode>7</idCode>
        <idValue>Destination Rail Intermodal Terminal</idValue>
    <idCode>8</idCode>
        <idValue>First Optional Port of Discharge</idValue>
    <idCode>9</idCode>
        <idValue>Second Optional Port of Discharge</idValue>
    <idCode>A</idCode>
        <idValue>Place of Acceptance (Operational)</idValue>
    <idCode>B</idCode>
        <idValue>Reconsolidation Point (Operational)</idValue>
    <idCode>C</idCode>
        <idValue>De-Consolidation Point (Operational)</idValue>
    <idCode>D</idCode>
        <idValue>Port of Discharge (Operational)</idValue>
    <idCode>E</idCode>
        <idValue>Place of Delivery (Contractual)</idValue>
    <idCode>F</idCode>
        <idValue>Freight Payable At (Contractual)</idValue>
    <idCode>G</idCode>
        <idValue>Port of Entry (Operational)</idValue>
    <idCode>H</idCode>
        <idValue>Port of Exit (Operational)</idValue>
    <idCode>I</idCode>
        <idValue>Interim Point (Operational)</idValue>
    <idCode>J</idCode>
        <idValue>Bill of Lading Port of Loading (Contractual)</idValue>
    <idCode>K</idCode>
        <idValue>Bill of Lading Port of Discharge (Contractual)</idValue>
    <idCode>L</idCode>
        <idValue>Port of Loading (Operational)</idValue>
    <idCode>M</idCode>
        <idValue>Destination (Operational)</idValue>
    <idCode>N</idCode>
        <idValue>Final Destination (Operational)</idValue>
    <idCode>O</idCode>
        <idValue>Origin (Operational)</idValue>
    <idCode>P</idCode>
        <idValue>Dispatching Pool (Operational)</idValue>
    <idCode>Q</idCode>
        <idValue>Bill of Lading Origin of Goods (Contractual)</idValue>
    <idCode>R</idCode>
        <idValue>Place of Receipt (Contractual)</idValue>
    <idCode>S</idCode>
        <idValue>Return Pool (Operational)</idValue>
    <idCode>T</idCode>
        <idValue>Transshipment Port (Contractual)</idValue>
    <idCode>V</idCode>
        <idValue>Prepaid Charge Location (Operational)</idValue>
    <idCode>W</idCode>
        <idValue>Bill of Lading Release Office (Operational)</idValue>
    <idCode>X</idCode>
        <idValue>Third Optional Port of Discharge</idValue>
    <idCode>Y</idCode>
        <idValue>Relay Port (Operational)</idValue>
</idList>
