<?xml version="1.0"?>
<!DOCTYPE idList SYSTEM "idList.dtd">
<!-- Revision 3.5.0 data/OBOE, docs,June 1, 2007, -->
<idList>
    <idCode>L</idCode>
        <idValue>Railroad Leased</idValue>
    <idCode>N</idCode>
        <idValue>Not Customer Owned or Leased</idValue>
    <idCode>R</idCode>
        <idValue>Seller Owned  Returnable</idValue>
    <idCode>S</idCode>
        <idValue>Customer Owned or Leased</idValue>
    <idCode>T</idCode>
        <idValue>Trip Leased</idValue>
</idList>
