<?xml version="1.0"?>
<!DOCTYPE idList SYSTEM "idList.dtd">
<!-- Revision 3.5.0 data/OBOE, docs,June 1, 2007, -->
<idList>
    <idCode>A</idCode>
        <idValue>Common Law</idValue>
    <idCode>B</idCode>
        <idValue>Registered Domestic Partner</idValue>
    <idCode>C</idCode>
        <idValue>Not Applicable</idValue>
    <idCode>D</idCode>
        <idValue>Divorced</idValue>
    <idCode>I</idCode>
        <idValue>Single</idValue>
    <idCode>K</idCode>
        <idValue>Unknown</idValue>
    <idCode>M</idCode>
        <idValue>Married</idValue>
    <idCode>R</idCode>
        <idValue>Unreported</idValue>
    <idCode>S</idCode>
        <idValue>Separated</idValue>
    <idCode>U</idCode>
        <idValue>Unmarried (Single or Divorced or Widowed)</idValue>
    <idCode>W</idCode>
        <idValue>Widowed</idValue>
    <idCode>X</idCode>
        <idValue>Legally Separated</idValue>
</idList>
