<?xml version="1.0"?>
<!DOCTYPE idList SYSTEM "idList.dtd">
<!-- Revision 3.5.0 data/OBOE, docs,June 1, 2007, -->
<idList>
    <idCode>AA</idCode>
        <idValue>Paperwork</idValue>
    <idCode>DO</idCode>
        <idValue>Direct Only</idValue>
    <idCode>DW</idCode>
        <idValue>Direct and Wholesaler</idValue>
    <idCode>NR</idCode>
        <idValue>Nonreturnable</idValue>
    <idCode>NS</idCode>
        <idValue>Nonservicable</idValue>
    <idCode>OR</idCode>
        <idValue>Ordering</idValue>
    <idCode>SP</idCode>
        <idValue>Special Order Only</idValue>
    <idCode>SR</idCode>
        <idValue>Shipping</idValue>
    <idCode>WO</idCode>
        <idValue>Wholesaler Only</idValue>
</idList>
