<?xml version="1.0"?>
<!DOCTYPE idList SYSTEM "idList.dtd">
<!-- Revision 3.5.0 data/OBOE, docs,June 1, 2007, -->
<idList>
    <idCode>A</idCode>
        <idValue>Adjustment</idValue>
    <idCode>C</idCode>
        <idValue>Cycle</idValue>
    <idCode>M</idCode>
        <idValue>Current Month</idValue>
    <idCode>N</idCode>
        <idValue>Month</idValue>
    <idCode>P</idCode>
        <idValue>Previous Month</idValue>
    <idCode>Q</idCode>
        <idValue>Quarterly</idValue>
    <idCode>Y</idCode>
        <idValue>Year to Date</idValue>
    <idCode>AM</idCode>
        <idValue>Analysis Month</idValue>
    <idCode>CD</idCode>
        <idValue>Cycle to Date</idValue>
</idList>
