<?xml version="1.0" encoding="ISO-8859-1"?>
<!DOCTYPE idList SYSTEM "idList.dtd">
<!-- Revision 1.6.0 data/OBOE, docs,October 12, 2000, -->
<idList>
    <idCode>A</idCode>
        <idValue>1st shift (normal working hours)</idValue>
    <idCode>B</idCode>
        <idValue>2nd shift</idValue>
    <idCode>C</idCode>
        <idValue>3rd shift</idValue>
    <idCode>D</idCode>
        <idValue>A.M.</idValue>
    <idCode>E</idCode>
        <idValue>P.M.</idValue>
    <idCode>F</idCode>
        <idValue>As directed</idValue>
    <idCode>G</idCode>
        <idValue>Any shift</idValue>
    <idCode>H</idCode>
        <idValue>24 hour clock</idValue>
    <idCode>Y</idCode>
        <idValue>None</idValue>
    <idCode>ZZZ</idCode>
        <idValue>Mutually defined</idValue>
</idList>
