<?xml version="1.0" encoding="ISO-8859-1"?>
<!DOCTYPE idList SYSTEM "idList.dtd">
<!-- Revision 1.6.0 data/OBOE, docs,October 12, 2000, -->
<idList>
    <idCode>1</idCode>
        <idValue>Allowance rate</idValue>
    <idCode>2</idCode>
        <idValue>Charge rate</idValue>
    <idCode>3</idCode>
        <idValue>Actual versus calculated price difference rate</idValue>
    <idCode>4</idCode>
        <idValue>Standard labour rate</idValue>
    <idCode>5</idCode>
        <idValue>Overtime labour rate</idValue>
    <idCode>6</idCode>
        <idValue>Premium labour rate</idValue>
    <idCode>7</idCode>
        <idValue>Calculation rate</idValue>
    <idCode>8</idCode>
        <idValue>Coefficient</idValue>
    <idCode>9</idCode>
        <idValue>Indemnity rate</idValue>
    <idCode>10</idCode>
        <idValue>Guarantee reserved calculation rate</idValue>
</idList>
