<?xml version="1.0" encoding="ISO-8859-1"?>
<!DOCTYPE idList SYSTEM "idList.dtd">
<!-- Revision 1.6.0 data/OBOE, docs,October 12, 2000, -->
<idList>
    <idCode>1</idCode>
        <idValue>Centre</idValue>
    <idCode>2</idCode>
        <idValue>Left</idValue>
    <idCode>3</idCode>
        <idValue>Right</idValue>
    <idCode>4</idCode>
        <idValue>Justified</idValue>
    <idCode>5</idCode>
        <idValue>Preceded by one blank line</idValue>
    <idCode>6</idCode>
        <idValue>Preceded by two blank lines</idValue>
    <idCode>7</idCode>
        <idValue>Preceded by three blank lines</idValue>
    <idCode>8</idCode>
        <idValue>Continuation</idValue>
    <idCode>9</idCode>
        <idValue>New page</idValue>
    <idCode>10</idCode>
        <idValue>End text</idValue>
    <idCode>11</idCode>
        <idValue>New line</idValue>
</idList>
