<?xml version="1.0" encoding="ISO-8859-1"?>
<!DOCTYPE idList SYSTEM "idList.dtd">
<!-- Revision 1.6.0 data/OBOE, docs,October 12, 2000, -->
<idList>
    <idCode>1</idCode>
        <idValue>Price condition</idValue>
    <idCode>2</idCode>
        <idValue>Despatch condition</idValue>
    <idCode>3</idCode>
        <idValue>Price and despatch condition</idValue>
    <idCode>4</idCode>
        <idValue>Collected by customer</idValue>
    <idCode>5</idCode>
        <idValue>Transport condition</idValue>
    <idCode>6</idCode>
        <idValue>Delivery condition</idValue>
</idList>
