<?xml version="1.0" encoding="ISO-8859-1"?>
<!DOCTYPE idList SYSTEM "idList.dtd">
<!-- Revision 1.6.0 data/OBOE, docs,October 12, 2000, -->
<idList>
    <idCode>1</idCode>
        <idValue>Direct payment</idValue>
    <idCode>2</idCode>
        <idValue>Automatic clearing house credit</idValue>
    <idCode>3</idCode>
        <idValue>Automatic clearing house debit</idValue>
    <idCode>4</idCode>
        <idValue>Automatic clearing house credit-savings account</idValue>
    <idCode>5</idCode>
        <idValue>Automatic clearing house debit-demand account</idValue>
    <idCode>6</idCode>
        <idValue>Bank book transfer (credit)</idValue>
    <idCode>7</idCode>
        <idValue>Bank book transfer (debit)</idValue>
    <idCode>8</idCode>
        <idValue>Doc collection via 3rd party with bill of EX</idValue>
    <idCode>9</idCode>
        <idValue>Doc collection via 3rd party no bill of EX</idValue>
    <idCode>10</idCode>
        <idValue>Irrevocable documentary credit</idValue>
    <idCode>11</idCode>
        <idValue>Transferable irrevocable documentary credit</idValue>
    <idCode>12</idCode>
        <idValue>Confirmed irrevocable documentary credit</idValue>
    <idCode>13</idCode>
        <idValue>Transferable confirmed irrevocable documentary credit</idValue>
    <idCode>14</idCode>
        <idValue>Revocable documentary credit</idValue>
    <idCode>15</idCode>
        <idValue>Irrevocable letter of credit-confirmed</idValue>
    <idCode>16</idCode>
        <idValue>Letter of guarantee</idValue>
    <idCode>17</idCode>
        <idValue>Revocable letter of credit</idValue>
    <idCode>18</idCode>
        <idValue>Standby letter of credit</idValue>
    <idCode>19</idCode>
        <idValue>Irrevocable letter of credit unconfirmed</idValue>
    <idCode>20</idCode>
        <idValue>Clean collection (ICC)</idValue>
    <idCode>21</idCode>
        <idValue>Documentary collection (ICC)</idValue>
    <idCode>22</idCode>
        <idValue>Documentary sight collection (ICC)</idValue>
    <idCode>23</idCode>
        <idValue>Documentary collection with date of expiry (ICC)</idValue>
    <idCode>24</idCode>
        <idValue>Documentary collection: bill of exchange against acceptance</idValue>
    <idCode>25</idCode>
        <idValue>Documentary collection: bill of exchange against payment</idValue>
    <idCode>26</idCode>
        <idValue>Collection subject to buyer&apos;s approval (ICC)</idValue>
    <idCode>27</idCode>
        <idValue>Collection by a bank consignee for the goods (ICC)</idValue>
    <idCode>28</idCode>
        <idValue>Collection under CMEA rules with immediate payment and subsequent AC</idValue>
    <idCode>29</idCode>
        <idValue>Collection under CMEA rules with prior acceptance</idValue>
    <idCode>30</idCode>
        <idValue>Other collection</idValue>
    <idCode>31</idCode>
        <idValue>Open account against payment in advance</idValue>
    <idCode>32</idCode>
        <idValue>Open account for contra</idValue>
    <idCode>33</idCode>
        <idValue>Open account for payment</idValue>
    <idCode>34</idCode>
        <idValue>Seller to advise buyer</idValue>
    <idCode>35</idCode>
        <idValue>Documents through banks</idValue>
    <idCode>36</idCode>
        <idValue>Charging (to account)</idValue>
    <idCode>37</idCode>
        <idValue>Available with issuing bank</idValue>
    <idCode>38</idCode>
        <idValue>Available with advising bank</idValue>
    <idCode>39</idCode>
        <idValue>Available with named bank</idValue>
    <idCode>40</idCode>
        <idValue>Available with any bank</idValue>
    <idCode>41</idCode>
        <idValue>Available with any bank in ...</idValue>
    <idCode>42</idCode>
        <idValue>Indirect payment</idValue>
    <idCode>43</idCode>
        <idValue>Reassignment</idValue>
    <idCode>44</idCode>
        <idValue>Offset</idValue>
    <idCode>45</idCode>
        <idValue>Special entries</idValue>
    <idCode>46</idCode>
        <idValue>Instalment payment</idValue>
    <idCode>47</idCode>
        <idValue>Instalment payment with draft</idValue>
    <idCode>48</idCode>
        <idValue>Available with advise through bank</idValue>
    <idCode>49</idCode>
        <idValue>General conditions of sale</idValue>
    <idCode>61</idCode>
        <idValue>Set-off by exchange of documents</idValue>
    <idCode>62</idCode>
        <idValue>Set-off by reciprocal credits</idValue>
    <idCode>63</idCode>
        <idValue>Set-off by &quot;linkage&quot; (against reciprocal benefits)</idValue>
    <idCode>64</idCode>
        <idValue>Set-off by exchange of goods</idValue>
    <idCode>69</idCode>
        <idValue>Other set-off</idValue>
    <idCode>70</idCode>
        <idValue>Supplier to invoice</idValue>
    <idCode>71</idCode>
        <idValue>Recipient to self bill</idValue>
    <idCode>ZZZ</idCode>
        <idValue>Mutually defined</idValue>
</idList>
