<?xml version="1.0" encoding="ISO-8859-1"?>
<!DOCTYPE idList SYSTEM "idList.dtd">
<!-- Revision 1.6.0 data/OBOE, docs,October 12, 2000, -->
<idList>
    <idCode>1</idCode>
        <idValue>Construction industry</idValue>
    <idCode>2</idCode>
        <idValue>Governmental export conditions</idValue>
    <idCode>3</idCode>
        <idValue>Chemical industry</idValue>
    <idCode>4</idCode>
        <idValue>Electronic industry</idValue>
    <idCode>5</idCode>
        <idValue>Automotive industry</idValue>
    <idCode>6</idCode>
        <idValue>Steel industry</idValue>
    <idCode>7</idCode>
        <idValue>Factoring</idValue>
    <idCode>8</idCode>
        <idValue>Defence industry</idValue>
    <idCode>9</idCode>
        <idValue>Alcohol beverage industry</idValue>
    <idCode>10</idCode>
        <idValue>Police</idValue>
    <idCode>11</idCode>
        <idValue>Customs</idValue>
    <idCode>12</idCode>
        <idValue>Health regulation</idValue>
    <idCode>13</idCode>
        <idValue>Balance of payments</idValue>
    <idCode>14</idCode>
        <idValue>National legislation</idValue>
    <idCode>15</idCode>
        <idValue>Government</idValue>
    <idCode>16</idCode>
        <idValue>Standards implementation</idValue>
    <idCode>17</idCode>
        <idValue>Insurance</idValue>
    <idCode>18</idCode>
        <idValue>Credit inquiry</idValue>
    <idCode>19</idCode>
        <idValue>General request</idValue>
    <idCode>20</idCode>
        <idValue>Payment terms</idValue>
</idList>
