<?xml version="1.0" encoding="ISO-8859-1"?>
<!DOCTYPE idList SYSTEM "idList.dtd">
<!-- Revision 1.6.0 data/OBOE, docs,October 12, 2000, -->
<idList>
    <idCode>0</idCode>
        <idValue>Exempt (For Export)</idValue>
    <idCode>1</idCode>
        <idValue>Yes (Tax Exempt)</idValue>
    <idCode>2</idCode>
        <idValue>No (Not Tax Exempt)</idValue>
    <idCode>3</idCode>
        <idValue>Exempt (For Resale)</idValue>
    <idCode>4</idCode>
        <idValue>Not Exempt/For Resale</idValue>
    <idCode>5</idCode>
        <idValue>Exempt (Not For Resale)</idValue>
    <idCode>6</idCode>
        <idValue>Not Exempt, Not For Resale</idValue>
    <idCode>7</idCode>
        <idValue>Direct Pay ID</idValue>
    <idCode>8</idCode>
        <idValue>Exempt (Sale to U.S. Government)</idValue>
    <idCode>9</idCode>
        <idValue>Exempt (Per State Law)</idValue>
    <idCode>A</idCode>
        <idValue>Labor Taxable, Material Exempt</idValue>
    <idCode>B</idCode>
        <idValue>Material Taxable, Labor Exempt</idValue>
    <idCode>C</idCode>
        <idValue>Not Taxable</idValue>
    <idCode>D</idCode>
        <idValue>Disabled</idValue>
    <idCode>E</idCode>
        <idValue>Exempt Toll Service</idValue>
    <idCode>F</idCode>
        <idValue>Exempt (Goods and Services Tax)</idValue>
    <idCode>G</idCode>
        <idValue>Exempt (Provincial Sales Tax)</idValue>
    <idCode>H</idCode>
        <idValue>Homestead</idValue>
    <idCode>I</idCode>
        <idValue>Agriculture</idValue>
    <idCode>J</idCode>
        <idValue>Working Farm</idValue>
    <idCode>K</idCode>
        <idValue>Open Space</idValue>
    <idCode>L</idCode>
        <idValue>Exempt Local Service</idValue>
    <idCode>M</idCode>
        <idValue>Disabled Veteran</idValue>
    <idCode>N</idCode>
        <idValue>Non-Homestead</idValue>
    <idCode>O</idCode>
        <idValue>Over 65</idValue>
    <idCode>P</idCode>
        <idValue>Exempt from School Property Tax</idValue>
    <idCode>Q</idCode>
        <idValue>Exempt from Local Property Tax</idValue>
    <idCode>R</idCode>
        <idValue>Recurring Exempt</idValue>
    <idCode>S</idCode>
        <idValue>Exempt from County Property Tax</idValue>
    <idCode>T</idCode>
        <idValue>Totally Exempt</idValue>
    <idCode>U</idCode>
        <idValue>Usage Exempt</idValue>
    <idCode>V</idCode>
        <idValue>Exempt from State Property Tax</idValue>
    <idCode>W</idCode>
        <idValue>Other Property Tax Exemption</idValue>
    <idCode>X</idCode>
        <idValue>Exempt - Letter on file</idValue>
</idList>
