<?xml version="1.0" encoding="ISO-8859-1"?>
<!DOCTYPE idList SYSTEM "idList.dtd">
<!-- Revision 1.6.0 data/OBOE, docs,October 12, 2000, -->
<idList>
    <idCode>01</idCode>
        <idValue>Diagnosis Related Group (DRG)</idValue>
    <idCode>02</idCode>
        <idValue>Per Diem</idValue>
    <idCode>03</idCode>
        <idValue>Variable Per Diem</idValue>
    <idCode>04</idCode>
        <idValue>Flat</idValue>
    <idCode>05</idCode>
        <idValue>Capitated</idValue>
    <idCode>06</idCode>
        <idValue>Percent</idValue>
    <idCode>09</idCode>
        <idValue>Other</idValue>
    <idCode>AB</idCode>
        <idValue>Negotiated Growing Equity Mortgage (GEM)</idValue>
    <idCode>AC</idCode>
        <idValue>Anticipated Contract</idValue>
    <idCode>AD</idCode>
        <idValue>Federal Housing Authority Adjustable Rate Mortgage</idValue>
    <idCode>AE</idCode>
        <idValue>Federal Housing Authority Veterans Affairs Fixed Rate Mortgage (including standard Growing Equity Mortgages)</idValue>
    <idCode>AF</idCode>
        <idValue>Conventional Second Mortgages</idValue>
    <idCode>AG</idCode>
        <idValue>Conventional Fixed Rate Mortgages</idValue>
    <idCode>AH</idCode>
        <idValue>Federal Housing Authority Veterans Affairs Graduated Payment Mortgage</idValue>
    <idCode>AI</idCode>
        <idValue>Negotiated Conventional, Graduated Payment, or Step Rate Mortgage</idValue>
    <idCode>AJ</idCode>
        <idValue>Conventional Adjustable Rate Mortgage</idValue>
    <idCode>CA</idCode>
        <idValue>Cost Plus Incentive Fee (With Performance Incentives)</idValue>
    <idCode>CB</idCode>
        <idValue>Cost Plus Incentive Fee (Without Performance Incentives)</idValue>
    <idCode>CH</idCode>
        <idValue>Cost Sharing</idValue>
    <idCode>CP</idCode>
        <idValue>Cost Plus</idValue>
    <idCode>CS</idCode>
        <idValue>Cost</idValue>
    <idCode>CW</idCode>
        <idValue>Cost Plus Award Fee</idValue>
    <idCode>CX</idCode>
        <idValue>Cost Plus Fixed Fee</idValue>
    <idCode>CY</idCode>
        <idValue>Cost Plus Incentive Fee</idValue>
    <idCode>DI</idCode>
        <idValue>Distributor</idValue>
    <idCode>EA</idCode>
        <idValue>Exclusive Agency</idValue>
    <idCode>ER</idCode>
        <idValue>Exclusive Right</idValue>
    <idCode>FA</idCode>
        <idValue>Firm or Actual Contract</idValue>
    <idCode>FB</idCode>
        <idValue>Fixed Price Incentive Firm Target (With Performance Incentive)</idValue>
    <idCode>FC</idCode>
        <idValue>Fixed Price Incentive Firm Target (Without Performance Incentive)</idValue>
    <idCode>FD</idCode>
        <idValue>Fixed Price Redetermination</idValue>
    <idCode>FE</idCode>
        <idValue>Fixed Price with Escalation</idValue>
    <idCode>FF</idCode>
        <idValue>Fixed Price Incentive Successive Target (With Performance Incentive)</idValue>
    <idCode>FG</idCode>
        <idValue>Fixed Price Incentive Successive Target (Without Performance Incentive)</idValue>
    <idCode>FH</idCode>
        <idValue>Fixed Price Award Fee</idValue>
    <idCode>FI</idCode>
        <idValue>Fixed Price Incentive</idValue>
    <idCode>FJ</idCode>
        <idValue>Fixed Price Level of Effort</idValue>
    <idCode>FK</idCode>
        <idValue>No Cost</idValue>
    <idCode>FL</idCode>
        <idValue>Flat Amount</idValue>
    <idCode>FM</idCode>
        <idValue>Retroactive Fixed Price Redetermination</idValue>
    <idCode>FR</idCode>
        <idValue>Firm Fixed Price</idValue>
    <idCode>FX</idCode>
        <idValue>Fixed Price with Economic Price Adjustment</idValue>
    <idCode>LA</idCode>
        <idValue>Labor</idValue>
    <idCode>LE</idCode>
        <idValue>Level of Effort</idValue>
    <idCode>LH</idCode>
        <idValue>Labor Hours</idValue>
    <idCode>OC</idCode>
        <idValue>Other Contract Type</idValue>
    <idCode>PR</idCode>
        <idValue>Prospect Reservation</idValue>
    <idCode>SP</idCode>
        <idValue>Same Percentage as Film Rental Earned (SPFRE)</idValue>
    <idCode>TM</idCode>
        <idValue>Time and Materials</idValue>
    <idCode>ZZ</idCode>
        <idValue>Mutually Defined</idValue>
</idList>
