<?xml version="1.0" encoding="ISO-8859-1"?>
<!DOCTYPE idList SYSTEM "idList.dtd">
<!-- Revision 1.6.0 data/OBOE, docs,October 12, 2000, -->
<idList>
    <idCode>L</idCode>
        <idValue>Railroad Leased</idValue>
    <idCode>N</idCode>
        <idValue>Not Customer Owned or Leased</idValue>
    <idCode>R</idCode>
        <idValue>Seller Owned, Returnable</idValue>
    <idCode>S</idCode>
        <idValue>Customer Owned or Leased</idValue>
    <idCode>T</idCode>
        <idValue>Trip Leased</idValue>
</idList>
