<?xml version="1.0" encoding="ISO-8859-1"?>
<!DOCTYPE idList SYSTEM "idList.dtd">
<!-- Revision 1.6.0 data/OBOE, docs,October 12, 2000, -->
<idList>
    <idCode>1</idCode>
        <idValue>Barge chemical tanker</idValue>
    <idCode>2</idCode>
        <idValue>Coaster chemical tanker</idValue>
    <idCode>3</idCode>
        <idValue>Dry bulk carrier</idValue>
    <idCode>4</idCode>
        <idValue>Deep sea chemical tanker</idValue>
    <idCode>5</idCode>
        <idValue>Gas tanker</idValue>
    <idCode>6</idCode>
        <idValue>Aircraft</idValue>
    <idCode>7</idCode>
        <idValue>Car with caravan</idValue>
    <idCode>8</idCode>
        <idValue>Container ship</idValue>
    <idCode>9</idCode>
        <idValue>Exceptional transport</idValue>
    <idCode>10</idCode>
        <idValue>Bus</idValue>
    <idCode>11</idCode>
        <idValue>Ship</idValue>
    <idCode>12</idCode>
        <idValue>Ship tanker</idValue>
    <idCode>13</idCode>
        <idValue>Ocean vessel</idValue>
    <idCode>14</idCode>
        <idValue>Flatbed trailer</idValue>
    <idCode>15</idCode>
        <idValue>Taxi</idValue>
    <idCode>16</idCode>
        <idValue>Barge</idValue>
    <idCode>17</idCode>
        <idValue>Customer determined means of transport</idValue>
    <idCode>18</idCode>
        <idValue>Seller determined means of transport</idValue>
    <idCode>19</idCode>
        <idValue>Tip-up truck</idValue>
    <idCode>20</idCode>
        <idValue>Furniture truck</idValue>
    <idCode>21</idCode>
        <idValue>Rail tanker</idValue>
    <idCode>22</idCode>
        <idValue>Rail silo tanker</idValue>
    <idCode>23</idCode>
        <idValue>Rail bulk car</idValue>
    <idCode>24</idCode>
        <idValue>Customer rail tanker</idValue>
    <idCode>25</idCode>
        <idValue>Rail express</idValue>
    <idCode>26</idCode>
        <idValue>Tip-up articulated truck</idValue>
    <idCode>27</idCode>
        <idValue>Rigid truck with tank</idValue>
    <idCode>28</idCode>
        <idValue>Refrigerated truck and trailer</idValue>
    <idCode>29</idCode>
        <idValue>Freezer truck and trailer</idValue>
    <idCode>30</idCode>
        <idValue>Tautliner 25 tonne, combined with 90 cubic meter trailer with removable roof</idValue>
    <idCode>31</idCode>
        <idValue>Truck</idValue>
    <idCode>32</idCode>
        <idValue>Road tanker</idValue>
    <idCode>33</idCode>
        <idValue>Road silo tanker</idValue>
    <idCode>34</idCode>
        <idValue>Tautliner truck</idValue>
    <idCode>35</idCode>
        <idValue>Truck/trailer with tilt</idValue>
    <idCode>36</idCode>
        <idValue>Pipeline</idValue>
    <idCode>37</idCode>
        <idValue>Hydrant cart</idValue>
    <idCode>38</idCode>
        <idValue>Car</idValue>
    <idCode>39</idCode>
        <idValue>Tautliner truck with removable roof</idValue>
    <idCode>40</idCode>
        <idValue>Truck with opening floor</idValue>
    <idCode>41</idCode>
        <idValue>Freezer truck</idValue>
    <idCode>42</idCode>
        <idValue>Isothermic truck</idValue>
    <idCode>43</idCode>
        <idValue>Refrigerated truck</idValue>
    <idCode>44</idCode>
        <idValue>Freezer van</idValue>
    <idCode>45</idCode>
        <idValue>Isothermic van</idValue>
    <idCode>46</idCode>
        <idValue>Refrigerated van</idValue>
    <idCode>47</idCode>
        <idValue>Bulk truck</idValue>
    <idCode>48</idCode>
        <idValue>Van</idValue>
</idList>
