<?xml version="1.0" encoding="ISO-8859-1"?>
<!DOCTYPE idList SYSTEM "idList.dtd">
<!-- Revision 1.6.0 data/OBOE, docs,October 12, 2000, -->
<idList>
    <idCode>1</idCode>
        <idValue>Inland transport</idValue>
    <idCode>2</idCode>
        <idValue>At the statistical territory limit</idValue>
    <idCode>10</idCode>
        <idValue>Pre-carriage transport</idValue>
    <idCode>11</idCode>
        <idValue>At border</idValue>
    <idCode>12</idCode>
        <idValue>At departure</idValue>
    <idCode>13</idCode>
        <idValue>At destination</idValue>
    <idCode>14</idCode>
        <idValue>At the statistical territory limit</idValue>
    <idCode>20</idCode>
        <idValue>Main-carriage transport</idValue>
    <idCode>21</idCode>
        <idValue>Main carriage - first carrier</idValue>
    <idCode>22</idCode>
        <idValue>Main carriage - second carrier</idValue>
    <idCode>23</idCode>
        <idValue>Main carriage - third carrier</idValue>
    <idCode>24</idCode>
        <idValue>Inland waterway transport</idValue>
    <idCode>25</idCode>
        <idValue>Delivery carrier all transport</idValue>
    <idCode>26</idCode>
        <idValue>Second pre-carriage transport</idValue>
    <idCode>27</idCode>
        <idValue>Pre-acceptance transport</idValue>
    <idCode>28</idCode>
        <idValue>Second on-carriage transport</idValue>
    <idCode>30</idCode>
        <idValue>On-carriage transport</idValue>
</idList>
