<?xml version="1.0" encoding="ISO-8859-1"?>
<!DOCTYPE idList SYSTEM "idList.dtd">
<!-- Revision 1.6.0 data/OBOE, docs,October 12, 2000, -->
<idList>
    <idCode>1</idCode>
        <idValue>Shipper supplied</idValue>
    <idCode>2</idCode>
        <idValue>Carrier supplied</idValue>
    <idCode>3</idCode>
        <idValue>Consolidator supplied</idValue>
    <idCode>4</idCode>
        <idValue>Deconsolidator supplied</idValue>
    <idCode>5</idCode>
        <idValue>Third party supplied</idValue>
</idList>
