<?xml version="1.0" encoding="ISO-8859-1"?>
<!DOCTYPE idList SYSTEM "idList.dtd">
<!-- Revision 1.6.0 data/OBOE, docs,October 12, 2000, -->
<idList>
    <idCode>AA</idCode>
        <idValue>Financial service provider</idValue>
    <idCode>AB</idCode>
        <idValue>Importer</idValue>
    <idCode>AC</idCode>
        <idValue>Vendor</idValue>
    <idCode>AD</idCode>
        <idValue>Exporter</idValue>
    <idCode>AG</idCode>
        <idValue>Agency</idValue>
    <idCode>BG</idCode>
        <idValue>Buying group</idValue>
    <idCode>BR</idCode>
        <idValue>Broker</idValue>
    <idCode>CN</idCode>
        <idValue>Consolidator (master distributor)</idValue>
    <idCode>DE</idCode>
        <idValue>Dealer</idValue>
    <idCode>DI</idCode>
        <idValue>Distributor</idValue>
    <idCode>JB</idCode>
        <idValue>Jobber</idValue>
    <idCode>MF</idCode>
        <idValue>Manufacturer</idValue>
    <idCode>OE</idCode>
        <idValue>OEM (Original equipment manufacturer)</idValue>
    <idCode>RS</idCode>
        <idValue>Resale</idValue>
    <idCode>RT</idCode>
        <idValue>Retailer</idValue>
    <idCode>ST</idCode>
        <idValue>Stationer</idValue>
    <idCode>WH</idCode>
        <idValue>Wholesaler</idValue>
    <idCode>WS</idCode>
        <idValue>User</idValue>
</idList>
