<?xml version="1.0" encoding="ISO-8859-1"?>
<!DOCTYPE idList SYSTEM "idList.dtd">
<!-- Revision 1.6.0 data/OBOE, docs,October 12, 2000, -->
<idList>
    <idCode>BY</idCode>
        <idValue>Risk of Loss in Transit to Destination is Buyer&apos;s</idValue>
    <idCode>FE</idCode>
        <idValue>Risk of Loss in Transit to Freight Equalization Point is Seller&apos;s</idValue>
    <idCode>IM</idCode>
        <idValue>Shared Risk and Investor Markets</idValue>
    <idCode>IR</idCode>
        <idValue>Investor Risk</idValue>
    <idCode>LR</idCode>
        <idValue>Lender Risk</idValue>
    <idCode>PP</idCode>
        <idValue>Risk of Loss in Transit to Pool Point is Seller&apos;s</idValue>
    <idCode>SE</idCode>
        <idValue>Risk of Loss in Transit to Destination is Seller&apos;s</idValue>
    <idCode>SR</idCode>
        <idValue>Shared Risk and Lender Markets</idValue>
    <idCode>ZZ</idCode>
        <idValue>Mutually Defined</idValue>
</idList>
