<?xml version="1.0" encoding="ISO-8859-1"?>
<!DOCTYPE idList SYSTEM "idList.dtd">
<!-- Revision 1.6.0 data/OBOE, docs,October 12, 2000, -->
<idList>
    <idCode>1</idCode>
        <idValue>Do not mark suppliers company name</idValue>
    <idCode>2</idCode>
        <idValue>Mark customers company name</idValue>
    <idCode>3</idCode>
        <idValue>Mark customers references</idValue>
    <idCode>4</idCode>
        <idValue>Mark additionally customers article description</idValue>
    <idCode>5</idCode>
        <idValue>Mark exclusively customers article description</idValue>
    <idCode>6</idCode>
        <idValue>Mark packages dimensions</idValue>
    <idCode>7</idCode>
        <idValue>Mark net weight</idValue>
    <idCode>8</idCode>
        <idValue>Mark gross weight</idValue>
    <idCode>9</idCode>
        <idValue>Mark tare weight</idValue>
    <idCode>10</idCode>
        <idValue>Mark batch number</idValue>
    <idCode>11</idCode>
        <idValue>Mark article number customer</idValue>
    <idCode>12</idCode>
        <idValue>Mark running number of packages</idValue>
    <idCode>13</idCode>
        <idValue>Mark date of production</idValue>
    <idCode>14</idCode>
        <idValue>Mark expiry date</idValue>
    <idCode>15</idCode>
        <idValue>Mark supplier number</idValue>
    <idCode>16</idCode>
        <idValue>Buyer&apos;s instructions</idValue>
    <idCode>17</idCode>
        <idValue>Seller&apos;s instructions</idValue>
    <idCode>18</idCode>
        <idValue>Carrier&apos;s instructions</idValue>
    <idCode>19</idCode>
        <idValue>Legal requirements</idValue>
    <idCode>20</idCode>
        <idValue>Industry instructions</idValue>
    <idCode>21</idCode>
        <idValue>Line item only</idValue>
    <idCode>22</idCode>
        <idValue>Pre-marked by buyer</idValue>
    <idCode>23</idCode>
        <idValue>Entire shipment</idValue>
    <idCode>24</idCode>
        <idValue>Shipper assigned</idValue>
    <idCode>25</idCode>
        <idValue>Shipper assigned roll number</idValue>
    <idCode>26</idCode>
        <idValue>Shipper assigned skid number</idValue>
    <idCode>27</idCode>
        <idValue>Uniform Code Council (UCC) format</idValue>
    <idCode>28</idCode>
        <idValue>Mark free text</idValue>
    <idCode>29</idCode>
        <idValue>Mark case number</idValue>
    <idCode>30</idCode>
        <idValue>Mark serial shipping container code</idValue>
    <idCode>ZZZ</idCode>
        <idValue>Mutually defined</idValue>
</idList>
