<?xml version="1.0" encoding="ISO-8859-1"?>
<!DOCTYPE idList SYSTEM "idList.dtd">
<!-- Revision 1.6.0 data/OBOE, docs,October 12, 2000, -->
<idList>
    <idCode>1</idCode>
        <idValue>To be done</idValue>
    <idCode>2</idCode>
        <idValue>Done</idValue>
    <idCode>3</idCode>
        <idValue>Passed on</idValue>
    <idCode>4</idCode>
        <idValue>Final</idValue>
    <idCode>5</idCode>
        <idValue>Subject to final payment</idValue>
    <idCode>6</idCode>
        <idValue>Minimum</idValue>
    <idCode>7</idCode>
        <idValue>Fixed</idValue>
    <idCode>8</idCode>
        <idValue>Maximum</idValue>
    <idCode>9</idCode>
        <idValue>Information</idValue>
    <idCode>10</idCode>
        <idValue>0 day available</idValue>
    <idCode>11</idCode>
        <idValue>1 day available</idValue>
    <idCode>12</idCode>
        <idValue>2 days available</idValue>
    <idCode>13</idCode>
        <idValue>3 days available</idValue>
    <idCode>14</idCode>
        <idValue>Uncollected funds</idValue>
    <idCode>15</idCode>
        <idValue>Nil</idValue>
    <idCode>16</idCode>
        <idValue>None advised</idValue>
    <idCode>17</idCode>
        <idValue>Requested</idValue>
    <idCode>18</idCode>
        <idValue>Free of charge</idValue>
    <idCode>19</idCode>
        <idValue>Rounded</idValue>
    <idCode>20</idCode>
        <idValue>Permanent</idValue>
    <idCode>21</idCode>
        <idValue>Temporary</idValue>
    <idCode>22</idCode>
        <idValue>Subject to agreed condition</idValue>
    <idCode>23</idCode>
        <idValue>Added</idValue>
    <idCode>24</idCode>
        <idValue>Deducted</idValue>
    <idCode>25</idCode>
        <idValue>Included</idValue>
    <idCode>26</idCode>
        <idValue>Subject to clearing</idValue>
    <idCode>27</idCode>
        <idValue>Subject to bilaterally agreed condition</idValue>
    <idCode>28</idCode>
        <idValue>Transaction expected to be executed</idValue>
    <idCode>29</idCode>
        <idValue>Debit</idValue>
    <idCode>30</idCode>
        <idValue>Credit</idValue>
    <idCode>31</idCode>
        <idValue>Positive debit</idValue>
    <idCode>32</idCode>
        <idValue>Negative debit</idValue>
    <idCode>33</idCode>
        <idValue>Positive credit</idValue>
    <idCode>34</idCode>
        <idValue>Negative credit</idValue>
    <idCode>35</idCode>
        <idValue>Started</idValue>
    <idCode>36</idCode>
        <idValue>Revised</idValue>
    <idCode>37</idCode>
        <idValue>Stolen</idValue>
    <idCode>38</idCode>
        <idValue>Assigned</idValue>
    <idCode>39</idCode>
        <idValue>Approved</idValue>
    <idCode>40</idCode>
        <idValue>Withdrawn</idValue>
    <idCode>41</idCode>
        <idValue>Rejected</idValue>
    <idCode>42</idCode>
        <idValue>Approval pending</idValue>
    <idCode>43</idCode>
        <idValue>Postponed</idValue>
    <idCode>44</idCode>
        <idValue>Replaced</idValue>
    <idCode>45</idCode>
        <idValue>No status</idValue>
    <idCode>46</idCode>
        <idValue>Does not exist</idValue>
    <idCode>47</idCode>
        <idValue>Draft version</idValue>
    <idCode>48</idCode>
        <idValue>Live version</idValue>
    <idCode>49</idCode>
        <idValue>Expired version</idValue>
    <idCode>57</idCode>
        <idValue>Undefined incident</idValue>
    <idCode>58</idCode>
        <idValue>Quantity error</idValue>
    <idCode>59</idCode>
        <idValue>Monetary amount error</idValue>
    <idCode>60</idCode>
        <idValue>Product not ordered</idValue>
    <idCode>63</idCode>
        <idValue>Not accepted</idValue>
    <idCode>64</idCode>
        <idValue>Order or request cancelled</idValue>
    <idCode>71</idCode>
        <idValue>Available for ordering</idValue>
    <idCode>72</idCode>
        <idValue>Not available for ordering</idValue>
    <idCode>74</idCode>
        <idValue>Expiry date exceeded</idValue>
    <idCode>76</idCode>
        <idValue>All published issues since subscription start</idValue>
    <idCode>77</idCode>
        <idValue>All published issues since issue specified in claim</idValue>
    <idCode>78</idCode>
        <idValue>All published issues from and including issue specified in claim</idValue>
    <idCode>79</idCode>
        <idValue>Specified published issue only</idValue>
    <idCode>80</idCode>
        <idValue>Publication issue cancelled</idValue>
    <idCode>83</idCode>
        <idValue>Under legal appeal</idValue>
    <idCode>84</idCode>
        <idValue>Legally assigned</idValue>
    <idCode>85</idCode>
        <idValue>Updated</idValue>
    <idCode>86</idCode>
        <idValue>Ratified</idValue>
    <idCode>87</idCode>
        <idValue>Under consideration</idValue>
    <idCode>88</idCode>
        <idValue>Countersued</idValue>
    <idCode>89</idCode>
        <idValue>Legal item dismissed</idValue>
    <idCode>90</idCode>
        <idValue>Disputed</idValue>
    <idCode>91</idCode>
        <idValue>Enforced</idValue>
    <idCode>92</idCode>
        <idValue>Legal documentation filed</idValue>
    <idCode>93</idCode>
        <idValue>Judgement for defendant</idValue>
    <idCode>94</idCode>
        <idValue>Judgement for plaintiff</idValue>
    <idCode>95</idCode>
        <idValue>Unchanged</idValue>
    <idCode>96</idCode>
        <idValue>Legal documentation not filed</idValue>
    <idCode>97</idCode>
        <idValue>Pending</idValue>
    <idCode>98</idCode>
        <idValue>Debt released</idValue>
    <idCode>99</idCode>
        <idValue>Law suit filed</idValue>
    <idCode>100</idCode>
        <idValue>Satisfied</idValue>
    <idCode>101</idCode>
        <idValue>Set aside</idValue>
    <idCode>102</idCode>
        <idValue>Settled</idValue>
    <idCode>103</idCode>
        <idValue>Settled out of court</idValue>
    <idCode>104</idCode>
        <idValue>Stayed</idValue>
    <idCode>105</idCode>
        <idValue>Terminated</idValue>
</idList>
