<?xml version="1.0" encoding="ISO-8859-1"?>
<!DOCTYPE idList SYSTEM "idList.dtd">
<!-- Revision 1.6.0 data/OBOE, docs,October 12, 2000, -->
<idList>
    <idCode>IMF</idCode>
        <idValue>International Monetary Fund</idValue>
    <idCode>LNF</idCode>
        <idValue>London (England) Exchange - First Closing</idValue>
    <idCode>LNS</idCode>
        <idValue>London (England) Exchange - Second Closing</idValue>
    <idCode>NYC</idCode>
        <idValue>New York Foreign Exchange</idValue>
    <idCode>PHI</idCode>
        <idValue>Philadelphia Foreign Exchange</idValue>
    <idCode>ZUR</idCode>
        <idValue>Zurich (Switzerland) Exchange</idValue>
</idList>
