<?xml version="1.0" encoding="ISO-8859-1"?>
<!DOCTYPE idList SYSTEM "idList.dtd">
<!-- Revision 1.6.0 data/OBOE, docs,October 12, 2000, -->
<idList>
    <idCode>A</idCode>
        <idValue>Allowance</idValue>
    <idCode>B</idCode>
        <idValue>Total other</idValue>
    <idCode>C</idCode>
        <idValue>Charge</idValue>
    <idCode>D</idCode>
        <idValue>Allowance per call of</idValue>
    <idCode>E</idCode>
        <idValue>Charge per call of</idValue>
    <idCode>F</idCode>
        <idValue>Allowance message</idValue>
    <idCode>G</idCode>
        <idValue>Allowance line items</idValue>
    <idCode>H</idCode>
        <idValue>Line item allowance</idValue>
    <idCode>J</idCode>
        <idValue>Adjustment</idValue>
    <idCode>K</idCode>
        <idValue>Charge message</idValue>
    <idCode>L</idCode>
        <idValue>Charge line items</idValue>
    <idCode>M</idCode>
        <idValue>Line item charge</idValue>
    <idCode>N</idCode>
        <idValue>No allowance or charge</idValue>
    <idCode>O</idCode>
        <idValue>About</idValue>
    <idCode>P</idCode>
        <idValue>Minus (percentage)</idValue>
    <idCode>Q</idCode>
        <idValue>Minus (amount)</idValue>
    <idCode>R</idCode>
        <idValue>Plus (percentage)</idValue>
    <idCode>S</idCode>
        <idValue>Plus (amount)</idValue>
    <idCode>T</idCode>
        <idValue>Plus/minus (percentage)</idValue>
    <idCode>U</idCode>
        <idValue>Plus/minus (amount)</idValue>
    <idCode>V</idCode>
        <idValue>No allowance</idValue>
    <idCode>W</idCode>
        <idValue>No charge</idValue>
    <idCode>X</idCode>
        <idValue>Maximum</idValue>
    <idCode>Y</idCode>
        <idValue>Exact</idValue>
</idList>
