<?xml version="1.0" encoding="ISO-8859-1"?>
<!DOCTYPE idList SYSTEM "idList.dtd">
<!-- Revision 1.6.0 data/OBOE, docs,October 12, 2000, -->
<idList>
    <idCode>1</idCode>
        <idValue>Factor guarantee</idValue>
    <idCode>10</idCode>
        <idValue>Bank guarantee</idValue>
    <idCode>11</idCode>
        <idValue>Public authority guarantee</idValue>
    <idCode>12</idCode>
        <idValue>Third party guarantee</idValue>
    <idCode>13</idCode>
        <idValue>Standby letter of credit</idValue>
    <idCode>14</idCode>
        <idValue>No guarantee</idValue>
    <idCode>20</idCode>
        <idValue>Goods as security</idValue>
    <idCode>21</idCode>
        <idValue>Business as security</idValue>
    <idCode>23</idCode>
        <idValue>Warrant or similar (warehouse receipts)</idValue>
    <idCode>24</idCode>
        <idValue>Mortgage</idValue>
    <idCode>41</idCode>
        <idValue>Book guarantee/book bond</idValue>
    <idCode>44</idCode>
        <idValue>Group guarantee</idValue>
    <idCode>45</idCode>
        <idValue>Insurance certificate</idValue>
    <idCode>ZZZ</idCode>
        <idValue>Mutually defined</idValue>
</idList>
