<?xml version="1.0" encoding="ISO-8859-1"?>
<!DOCTYPE idList SYSTEM "idList.dtd">
<!-- Revision 1.6.0 data/OBOE, docs,October 12, 2000, -->
<idList>
    <idCode>1</idCode>
        <idValue>Algebraic total of the quantity values in line items in a message</idValue>
    <idCode>2</idCode>
        <idValue>Number of line items in message</idValue>
    <idCode>3</idCode>
        <idValue>Number of line and sub items in message</idValue>
    <idCode>4</idCode>
        <idValue>Number of invoice lines</idValue>
    <idCode>5</idCode>
        <idValue>Number of Customs item detail lines</idValue>
    <idCode>6</idCode>
        <idValue>Number of Customs entries</idValue>
    <idCode>7</idCode>
        <idValue>Total gross weight</idValue>
    <idCode>8</idCode>
        <idValue>Total pieces</idValue>
    <idCode>9</idCode>
        <idValue>Total number of ULD (Unit Load Device)</idValue>
    <idCode>10</idCode>
        <idValue>Total number of consignments</idValue>
    <idCode>11</idCode>
        <idValue>Total number of packages</idValue>
    <idCode>12</idCode>
        <idValue>Invoice total amount</idValue>
    <idCode>13</idCode>
        <idValue>Number of loading lists</idValue>
    <idCode>14</idCode>
        <idValue>Number of Customs commercial detail lines</idValue>
    <idCode>15</idCode>
        <idValue>Total consignment, cube</idValue>
    <idCode>16</idCode>
        <idValue>Total number of equipment</idValue>
    <idCode>17</idCode>
        <idValue>Declared total Customs value</idValue>
    <idCode>18</idCode>
        <idValue>Total reported quantity in net weight</idValue>
    <idCode>19</idCode>
        <idValue>Total reported quantity in supplementary units</idValue>
    <idCode>20</idCode>
        <idValue>Total reported invoice(s) value</idValue>
    <idCode>21</idCode>
        <idValue>Total reported ancillary costs</idValue>
    <idCode>22</idCode>
        <idValue>Total reported statistical value</idValue>
    <idCode>23</idCode>
        <idValue>Total ordered quantity</idValue>
    <idCode>24</idCode>
        <idValue>Number of orders referenced in this message</idValue>
    <idCode>25</idCode>
        <idValue>Number of rejected order lines</idValue>
    <idCode>26</idCode>
        <idValue>Total gross measurement/cube</idValue>
    <idCode>27</idCode>
        <idValue>Total number of credit items given for control purposes</idValue>
    <idCode>28</idCode>
        <idValue>Total number of debit items given for control purposes</idValue>
    <idCode>29</idCode>
        <idValue>Total net weight of consignment</idValue>
    <idCode>30</idCode>
        <idValue>Total number of empty containers</idValue>
    <idCode>31</idCode>
        <idValue>Number of messages</idValue>
    <idCode>32</idCode>
        <idValue>Total gross weight of the goods within the means of transport</idValue>
    <idCode>33</idCode>
        <idValue>Total number of original Bills of Lading</idValue>
    <idCode>34</idCode>
        <idValue>Total number of copy Bills of Lading</idValue>
    <idCode>35</idCode>
        <idValue>Number of containers to be discharged</idValue>
    <idCode>36</idCode>
        <idValue>Number of containers to be loaded</idValue>
    <idCode>37</idCode>
        <idValue>Number of containers to be restowed</idValue>
    <idCode>38</idCode>
        <idValue>Number of containers to be shifted</idValue>
    <idCode>39</idCode>
        <idValue>Total number of individual transactions</idValue>
    <idCode>40</idCode>
        <idValue>Total number of sequence details in message</idValue>
    <idCode>41</idCode>
        <idValue>Total number of crew</idValue>
    <idCode>42</idCode>
        <idValue>Total number of passengers</idValue>
    <idCode>43</idCode>
        <idValue>Total number of work tasks</idValue>
    <idCode>44</idCode>
        <idValue>Total number of milestones</idValue>
    <idCode>45</idCode>
        <idValue>Total number of available resources</idValue>
    <idCode>46</idCode>
        <idValue>Total number of constraints</idValue>
    <idCode>47</idCode>
        <idValue>Total wholesaler unsold quantity</idValue>
    <idCode>48</idCode>
        <idValue>Total quantity held by delivery vehicles</idValue>
    <idCode>49</idCode>
        <idValue>Total quantity held by retail outlets</idValue>
    <idCode>50</idCode>
        <idValue>Total rejected return quantity</idValue>
    <idCode>51</idCode>
        <idValue>Number of goods items in the message</idValue>
</idList>
