<?xml version="1.0" encoding="ISO-8859-1"?>
<!DOCTYPE idList SYSTEM "idList.dtd">
<!-- Revision 1.6.0 data/OBOE, docs,October 12, 2000, -->
<idList>
    <idCode>A010</idCode>
        <idValue>Absolute Minimum Charge</idValue>
    <idCode>A020</idCode>
        <idValue>Access Charge - Federal</idValue>
    <idCode>A030</idCode>
        <idValue>Access Charge - State</idValue>
    <idCode>A040</idCode>
        <idValue>Access Charges</idValue>
    <idCode>A050</idCode>
        <idValue>Account Number Correction Charge</idValue>
    <idCode>A060</idCode>
        <idValue>Acid (Battery)</idValue>
    <idCode>A070</idCode>
        <idValue>Acknowledgement of Delivery Fee (AOD)</idValue>
    <idCode>A080</idCode>
        <idValue>Activation of Carnet</idValue>
    <idCode>A090</idCode>
        <idValue>Ad Valorem</idValue>
    <idCode>A100</idCode>
        <idValue>Add on - Destination</idValue>
    <idCode>A110</idCode>
        <idValue>Add on - Origin</idValue>
    <idCode>A112</idCode>
        <idValue>Add to Make Market Value</idValue>
    <idCode>A120</idCode>
        <idValue>Additional Copies of Freight Bill</idValue>
    <idCode>A121</idCode>
        <idValue>Additional Commercial Invoices</idValue>
    <idCode>A122</idCode>
        <idValue>Additional Tariff Classifications</idValue>
    <idCode>A130</idCode>
        <idValue>Additional Material</idValue>
    <idCode>A140</idCode>
        <idValue>Address Correction</idValue>
    <idCode>A150</idCode>
        <idValue>Adjustment for Maximum Charges Billing</idValue>
    <idCode>A160</idCode>
        <idValue>Adjustment for Minimum Average Time Requirement Billing</idValue>
    <idCode>A170</idCode>
        <idValue>Adjustments</idValue>
    <idCode>A172</idCode>
        <idValue>Administrative</idValue>
    <idCode>A180</idCode>
        <idValue>Advance Charges Handling</idValue>
    <idCode>A190</idCode>
        <idValue>Advance Destination Amount</idValue>
    <idCode>A200</idCode>
        <idValue>Advance Destination Fee</idValue>
    <idCode>A210</idCode>
        <idValue>Advance Fee</idValue>
    <idCode>A220</idCode>
        <idValue>Advance Lading Charge</idValue>
    <idCode>A230</idCode>
        <idValue>Advance Origin Amount</idValue>
    <idCode>A240</idCode>
        <idValue>Advance Origin Fee</idValue>
    <idCode>A250</idCode>
        <idValue>Advances</idValue>
    <idCode>A260</idCode>
        <idValue>Advertising Allowance</idValue>
    <idCode>A270</idCode>
        <idValue>Affidavit</idValue>
    <idCode>A280</idCode>
        <idValue>Agent Disbursement - Destination</idValue>
    <idCode>A290</idCode>
        <idValue>Agent Disbursement - Origin</idValue>
    <idCode>A300</idCode>
        <idValue>Air Export Certificate</idValue>
    <idCode>A310</idCode>
        <idValue>Air Express Charge</idValue>
    <idCode>A320</idCode>
        <idValue>Air Transportation Charge</idValue>
    <idCode>A330</idCode>
        <idValue>Aircraft On Ground (AOG)</idValue>
    <idCode>A340</idCode>
        <idValue>Airline Opening Fee</idValue>
    <idCode>A350</idCode>
        <idValue>Airport Terminal Handling Charge</idValue>
    <idCode>A360</idCode>
        <idValue>Alcoholic Beverage Report Charge</idValue>
    <idCode>A370</idCode>
        <idValue>Allegheny County, PA Delivery Charge</idValue>
    <idCode>A380</idCode>
        <idValue>Allowance Advance</idValue>
    <idCode>A390</idCode>
        <idValue>Allowance for Consignment Merchandise</idValue>
    <idCode>A400</idCode>
        <idValue>Allowance Non-performance</idValue>
    <idCode>A410</idCode>
        <idValue>&quot;Alterations&quot;</idValue>
    <idCode>A420</idCode>
        <idValue>Amending Export Documentation</idValue>
    <idCode>A430</idCode>
        <idValue>Anneal/Heat (Steel or Glass Treatment)</idValue>
    <idCode>A440</idCode>
        <idValue>Anodizing Charge</idValue>
    <idCode>A445</idCode>
        <idValue>Anti-dumping Duty</idValue>
    <idCode>A450</idCode>
        <idValue>Appointment (Notification)</idValue>
    <idCode>A460</idCode>
        <idValue>Arbitrary (In Addition to Through Rates and Charges)</idValue>
    <idCode>A470</idCode>
        <idValue>Art Work</idValue>
    <idCode>A480</idCode>
        <idValue>Assembly</idValue>
    <idCode>A485</idCode>
        <idValue>Assist Amount</idValue>
    <idCode>A490</idCode>
        <idValue>Attachments to Bill of Lading Charge</idValue>
    <idCode>A500</idCode>
        <idValue>Bad Debt</idValue>
    <idCode>A510</idCode>
        <idValue>Banking Drafts</idValue>
    <idCode>A520</idCode>
        <idValue>Base Charge</idValue>
    <idCode>A530</idCode>
        <idValue>Basic Reorder Allowance</idValue>
    <idCode>A540</idCode>
        <idValue>Beaming Charge</idValue>
    <idCode>A550</idCode>
        <idValue>Bedding/Feeding/Disinfecting</idValue>
    <idCode>A555</idCode>
        <idValue>Beef Fee</idValue>
    <idCode>A560</idCode>
        <idValue>Beyond Charge</idValue>
    <idCode>A570</idCode>
        <idValue>Beyond Freight Charges</idValue>
    <idCode>A580</idCode>
        <idValue>Bill and Hold</idValue>
    <idCode>A590</idCode>
        <idValue>Bill of Lading Attendancy</idValue>
    <idCode>A600</idCode>
        <idValue>Bill of Lading Charge</idValue>
    <idCode>A610</idCode>
        <idValue>Billed Demand</idValue>
    <idCode>A620</idCode>
        <idValue>Black Lung Tax</idValue>
    <idCode>A630</idCode>
        <idValue>Blocking and Bracing Charge</idValue>
    <idCode>A640</idCode>
        <idValue>Blower Charge</idValue>
    <idCode>A650</idCode>
        <idValue>Bobtail Charges</idValue>
    <idCode>A658</idCode>
        <idValue>Bond Amount</idValue>
    <idCode>A660</idCode>
        <idValue>Bond Charge</idValue>
    <idCode>A670</idCode>
        <idValue>Bordeaux Arbitraries</idValue>
    <idCode>A680</idCode>
        <idValue>Both-Flat</idValue>
    <idCode>A690</idCode>
        <idValue>Break Bulk Surface Charge</idValue>
    <idCode>A691</idCode>
        <idValue>Breakbulk Services</idValue>
    <idCode>A700</idCode>
        <idValue>Bridge Toll</idValue>
    <idCode>A710</idCode>
        <idValue>Broken Lot</idValue>
    <idCode>A720</idCode>
        <idValue>Broken Package Charge</idValue>
    <idCode>A721</idCode>
        <idValue>Brokerage</idValue>
    <idCode>A730</idCode>
        <idValue>Brokerage or Duty</idValue>
    <idCode>A740</idCode>
        <idValue>Bunker Surcharge</idValue>
    <idCode>A750</idCode>
        <idValue>Burning</idValue>
    <idCode>A760</idCode>
        <idValue>Buyer Hand Carry</idValue>
    <idCode>A770</idCode>
        <idValue>Buyers Car Allowance</idValue>
    <idCode>A780</idCode>
        <idValue>Cable Pressurization</idValue>
    <idCode>A790</idCode>
        <idValue>Cables (sending of)</idValue>
    <idCode>A800</idCode>
        <idValue>Call Tag</idValue>
    <idCode>A810</idCode>
        <idValue>Camp Arbitrary</idValue>
    <idCode>A820</idCode>
        <idValue>Canada Great Lakes Additionals</idValue>
    <idCode>A830</idCode>
        <idValue>Canadian C.Q.Customs Clearance</idValue>
    <idCode>A840</idCode>
        <idValue>Canadian Currency Exchange</idValue>
    <idCode>A850</idCode>
        <idValue>Canadian Import Termination Fee</idValue>
    <idCode>A860</idCode>
        <idValue>Canadian Reconsignment Fee</idValue>
    <idCode>A870</idCode>
        <idValue>Canadian Remanifest Fee</idValue>
    <idCode>A880</idCode>
        <idValue>Cancellation Charge</idValue>
    <idCode>A890</idCode>
        <idValue>Cancelled Order, Heavy Duty Flatcar</idValue>
    <idCode>A900</idCode>
        <idValue>Capping</idValue>
    <idCode>A910</idCode>
        <idValue>Car Loading</idValue>
    <idCode>A920</idCode>
        <idValue>Car Rental</idValue>
    <idCode>A930</idCode>
        <idValue>Carrier Credit Allowance</idValue>
    <idCode>A940</idCode>
        <idValue>Carrier Debit Allowance</idValue>
    <idCode>A950</idCode>
        <idValue>Carrier Notification Charge</idValue>
    <idCode>A960</idCode>
        <idValue>Carrier</idValue>
    <idCode>A970</idCode>
        <idValue>Cartage Charge</idValue>
    <idCode>A980</idCode>
        <idValue>Cartage</idValue>
    <idCode>A990</idCode>
        <idValue>Cataloging Services</idValue>
    <idCode>ADOW</idCode>
        <idValue>Payroll Additives, Overtime Labor</idValue>
    <idCode>ADRW</idCode>
        <idValue>Payroll Additives, Straight Time Labor</idValue>
    <idCode>AFEE</idCode>
        <idValue>Fee</idValue>
    <idCode>ALPT</idCode>
        <idValue>Port Changes</idValue>
    <idCode>B000</idCode>
        <idValue>Central Buy</idValue>
    <idCode>B010</idCode>
        <idValue>Cents Off</idValue>
    <idCode>B015</idCode>
        <idValue>Bop Sheet</idValue>
    <idCode>B020</idCode>
        <idValue>Certificate of Conformance</idValue>
    <idCode>B030</idCode>
        <idValue>Certificate of Origin</idValue>
    <idCode>B040</idCode>
        <idValue>Certificate of Registration</idValue>
    <idCode>B050</idCode>
        <idValue>Certification</idValue>
    <idCode>B060</idCode>
        <idValue>Chain and Binders</idValue>
    <idCode>B070</idCode>
        <idValue>Chamber of Commerce Service Charge</idValue>
    <idCode>B080</idCode>
        <idValue>Change of Airbill - Service Fee</idValue>
    <idCode>B090</idCode>
        <idValue>Charges Forward/Advance Charge</idValue>
    <idCode>B091</idCode>
        <idValue>Charter Services</idValue>
    <idCode>B100</idCode>
        <idValue>Chassis Transfer</idValue>
    <idCode>B110</idCode>
        <idValue>Chemical Milling Charge</idValue>
    <idCode>B120</idCode>
        <idValue>Chicago Loop Charge</idValue>
    <idCode>B130</idCode>
        <idValue>Cigarette Stamping</idValue>
    <idCode>B140</idCode>
        <idValue>City Delivery</idValue>
    <idCode>B150</idCode>
        <idValue>City maintenance fee</idValue>
    <idCode>B160</idCode>
        <idValue>City Pick-up</idValue>
    <idCode>B170</idCode>
        <idValue>City Terminal Charge</idValue>
    <idCode>B180</idCode>
        <idValue>Cleaning Charge</idValue>
    <idCode>B190</idCode>
        <idValue>Closing &amp; Sealing</idValue>
    <idCode>B200</idCode>
        <idValue>Co-manufacturing Discount</idValue>
    <idCode>B210</idCode>
        <idValue>Co-op Credit</idValue>
    <idCode>B220</idCode>
        <idValue>Coating (Dip, Rustproof, EDP)</idValue>
    <idCode>B230</idCode>
        <idValue>COD Amount</idValue>
    <idCode>B240</idCode>
        <idValue>COD Charges</idValue>
    <idCode>B250</idCode>
        <idValue>Collect on Delivery Alteration Charge</idValue>
    <idCode>B260</idCode>
        <idValue>Collect on Delivery Deletion Charge</idValue>
    <idCode>B270</idCode>
        <idValue>Collect Surcharge</idValue>
    <idCode>B280</idCode>
        <idValue>Combination Performance and Non-performance</idValue>
    <idCode>B290</idCode>
        <idValue>Combination</idValue>
    <idCode>B300</idCode>
        <idValue>Combine All Same Day Shipment</idValue>
    <idCode>B310</idCode>
        <idValue>Commission Amount</idValue>
    <idCode>B320</idCode>
        <idValue>Competitive Allowance</idValue>
    <idCode>B330</idCode>
        <idValue>Competitive Car Allowance</idValue>
    <idCode>B340</idCode>
        <idValue>Competitive Price</idValue>
    <idCode>B350</idCode>
        <idValue>Compressor Charge</idValue>
    <idCode>B360</idCode>
        <idValue>Concession Credit</idValue>
    <idCode>B370</idCode>
        <idValue>Concession Money</idValue>
    <idCode>B380</idCode>
        <idValue>Congestion Surcharge</idValue>
    <idCode>B390</idCode>
        <idValue>Connect Charge</idValue>
    <idCode>B400</idCode>
        <idValue>Conservation research fee</idValue>
    <idCode>B500</idCode>
        <idValue>Consignee Unload</idValue>
    <idCode>B510</idCode>
        <idValue>Consolidation</idValue>
    <idCode>B520</idCode>
        <idValue>Constant Surveillance Service - Armed</idValue>
    <idCode>B530</idCode>
        <idValue>Constant Surveillance Service</idValue>
    <idCode>B540</idCode>
        <idValue>Consular Legalization Service</idValue>
    <idCode>B550</idCode>
        <idValue>Consularization Fee</idValue>
    <idCode>B551</idCode>
        <idValue>Consulting Service</idValue>
    <idCode>B560</idCode>
        <idValue>Container Allowance</idValue>
    <idCode>B570</idCode>
        <idValue>Container Deposits</idValue>
    <idCode>B580</idCode>
        <idValue>Container Destuffing</idValue>
    <idCode>B581</idCode>
        <idValue>Container Discount</idValue>
    <idCode>B590</idCode>
        <idValue>Container Leasing</idValue>
    <idCode>B600</idCode>
        <idValue>Container Service Charge UK/EUR</idValue>
    <idCode>B610</idCode>
        <idValue>Container Service Charge USA/Canada</idValue>
    <idCode>B620</idCode>
        <idValue>Container Stuffing</idValue>
    <idCode>B630</idCode>
        <idValue>Container/Trailer Allowance</idValue>
    <idCode>B650</idCode>
        <idValue>Continuous Mileage</idValue>
    <idCode>B660</idCode>
        <idValue>Contract Allowance</idValue>
    <idCode>B670</idCode>
        <idValue>Contract Escalation</idValue>
    <idCode>B680</idCode>
        <idValue>Contract Service Charge</idValue>
    <idCode>B690</idCode>
        <idValue>Controlled Atmosphere</idValue>
    <idCode>B700</idCode>
        <idValue>Converting</idValue>
    <idCode>B720</idCode>
        <idValue>Cooperative Advertising/Merchandising Allowance (Performance)</idValue>
    <idCode>B730</idCode>
        <idValue>Copy of Bill of Lading Charge</idValue>
    <idCode>B740</idCode>
        <idValue>Copy of Delivery Receipt Charge</idValue>
    <idCode>B742</idCode>
        <idValue>Copying</idValue>
    <idCode>B750</idCode>
        <idValue>Core Charge</idValue>
    <idCode>B760</idCode>
        <idValue>Cost Recovery Factor</idValue>
    <idCode>B770</idCode>
        <idValue>Cost recovery/adjustment</idValue>
    <idCode>B775</idCode>
        <idValue>Cotton Fee</idValue>
    <idCode>B780</idCode>
        <idValue>Count and Recount</idValue>
    <idCode>B785</idCode>
        <idValue>Coupon Reimbursement</idValue>
    <idCode>B787</idCode>
        <idValue>Countervailing Duty</idValue>
    <idCode>B790</idCode>
        <idValue>Crafting</idValue>
    <idCode>B791</idCode>
        <idValue>Crating</idValue>
    <idCode>B800</idCode>
        <idValue>Credit</idValue>
    <idCode>B810</idCode>
        <idValue>Currency Adjustment Factor</idValue>
    <idCode>B820</idCode>
        <idValue>Currency Adjustment</idValue>
    <idCode>B830</idCode>
        <idValue>Currency Discount</idValue>
    <idCode>B840</idCode>
        <idValue>Customer Account Identification</idValue>
    <idCode>B850</idCode>
        <idValue>Customer Equipment Allowance</idValue>
    <idCode>B860</idCode>
        <idValue>Customs Broker Fee</idValue>
    <idCode>B870</idCode>
        <idValue>Customs Charge</idValue>
    <idCode>B872</idCode>
        <idValue>Customs Duty</idValue>
    <idCode>B880</idCode>
        <idValue>Customs Entry</idValue>
    <idCode>B881</idCode>
        <idValue>Customs Exam</idValue>
    <idCode>B890</idCode>
        <idValue>Customs Formalities</idValue>
    <idCode>B900</idCode>
        <idValue>Customs Invoice - Additional Page</idValue>
    <idCode>B910</idCode>
        <idValue>Customs Invoice</idValue>
    <idCode>B911</idCode>
        <idValue>Customs Penalty</idValue>
    <idCode>B920</idCode>
        <idValue>Cut and Parallel</idValue>
    <idCode>B930</idCode>
        <idValue>Cut</idValue>
    <idCode>B940</idCode>
        <idValue>Cutting Charge</idValue>
    <idCode>B950</idCode>
        <idValue>Damaged Merchandise</idValue>
    <idCode>B960</idCode>
        <idValue>Data/Drawing Charge</idValue>
    <idCode>B970</idCode>
        <idValue>De-Installation</idValue>
    <idCode>B980</idCode>
        <idValue>Deadhead Mileage Charge</idValue>
    <idCode>B990</idCode>
        <idValue>Deaf and Disabled Surcharge</idValue>
    <idCode>B992</idCode>
        <idValue>Declared Value for Carriage</idValue>
    <idCode>B994</idCode>
        <idValue>Declared Value for Customs</idValue>
    <idCode>B996</idCode>
        <idValue>Declared Value for Insurance</idValue>
    <idCode>B998</idCode>
        <idValue>Deduct to Make Market Value</idValue>
    <idCode>BU2T</idCode>
        <idValue>Bunker Adjustment - 20 Foot Container</idValue>
    <idCode>BU4T</idCode>
        <idValue>Bunker Adjustment - 40 Foot Container</idValue>
    <idCode>BUAT</idCode>
        <idValue>Bunker Adjustment</idValue>
    <idCode>BURD</idCode>
        <idValue>Burden, Overhead, or Allowance for Indirect Costs</idValue>
    <idCode>C000</idCode>
        <idValue>Defective Allowance</idValue>
    <idCode>C010</idCode>
        <idValue>Deficit Freight</idValue>
    <idCode>C020</idCode>
        <idValue>Delay Furnishing Destination Weights</idValue>
    <idCode>C030</idCode>
        <idValue>Delivery Surcharge</idValue>
    <idCode>C040</idCode>
        <idValue>Delivery</idValue>
    <idCode>C050</idCode>
        <idValue>Demand charge</idValue>
    <idCode>C060</idCode>
        <idValue>Demurrage - Average Agreement</idValue>
    <idCode>C070</idCode>
        <idValue>Demurrage - Special</idValue>
    <idCode>C080</idCode>
        <idValue>Demurrage</idValue>
    <idCode>C090</idCode>
        <idValue>Deposit Charges</idValue>
    <idCode>C100</idCode>
        <idValue>Deposit in Lieu of Order</idValue>
    <idCode>C110</idCode>
        <idValue>Deposit</idValue>
    <idCode>C120</idCode>
        <idValue>Deramping</idValue>
    <idCode>C130</idCode>
        <idValue>Derrick Charge</idValue>
    <idCode>C140</idCode>
        <idValue>Designated Supplier Inspection</idValue>
    <idCode>C150</idCode>
        <idValue>Destination Charge</idValue>
    <idCode>C160</idCode>
        <idValue>Detention - Special Type Flat Car</idValue>
    <idCode>C170</idCode>
        <idValue>Detention Loading</idValue>
    <idCode>C180</idCode>
        <idValue>Detention of Power Units</idValue>
    <idCode>C190</idCode>
        <idValue>Detention of Trailers</idValue>
    <idCode>C200</idCode>
        <idValue>Detention Unloading</idValue>
    <idCode>C210</idCode>
        <idValue>Determined Freight</idValue>
    <idCode>C220</idCode>
        <idValue>Development Charge</idValue>
    <idCode>C230</idCode>
        <idValue>Die Service Charge</idValue>
    <idCode>C231</idCode>
        <idValue>Disbursement</idValue>
    <idCode>C240</idCode>
        <idValue>Disconnect Charge</idValue>
    <idCode>C250</idCode>
        <idValue>Discount - Drop Box/Convenience Ctr.</idValue>
    <idCode>C260</idCode>
        <idValue>Discount - Incentive</idValue>
    <idCode>C270</idCode>
        <idValue>Discount - Multiple Shipment</idValue>
    <idCode>C280</idCode>
        <idValue>Discount - Service Option (Delivery)</idValue>
    <idCode>C290</idCode>
        <idValue>Discount - Service Option (Pickup)</idValue>
    <idCode>C300</idCode>
        <idValue>Discount - Special</idValue>
    <idCode>C310</idCode>
        <idValue>Discount</idValue>
    <idCode>C320</idCode>
        <idValue>Display Allowance</idValue>
    <idCode>C330</idCode>
        <idValue>Distribution Fee</idValue>
    <idCode>C340</idCode>
        <idValue>Distribution Service</idValue>
    <idCode>C350</idCode>
        <idValue>Distributor Discount/Allowance</idValue>
    <idCode>C360</idCode>
        <idValue>Diversion and Reconsignment</idValue>
    <idCode>C370</idCode>
        <idValue>Diversion Charge</idValue>
    <idCode>C380</idCode>
        <idValue>Diversion to Air Charge</idValue>
    <idCode>C390</idCode>
        <idValue>Dockage - Boat Detention</idValue>
    <idCode>C400</idCode>
        <idValue>Documentation Charge</idValue>
    <idCode>C401</idCode>
        <idValue>Document Handling</idValue>
    <idCode>C402</idCode>
        <idValue>Door-to-Door</idValue>
    <idCode>C410</idCode>
        <idValue>Dowel Pin Charge</idValue>
    <idCode>C420</idCode>
        <idValue>Drayage</idValue>
    <idCode>C430</idCode>
        <idValue>Drayage/Line Haul</idValue>
    <idCode>C440</idCode>
        <idValue>Driver Assisted Unloading</idValue>
    <idCode>C450</idCode>
        <idValue>Driver&apos;s Wages</idValue>
    <idCode>C460</idCode>
        <idValue>Drop Dock</idValue>
    <idCode>C470</idCode>
        <idValue>Drop Yard</idValue>
    <idCode>C480</idCode>
        <idValue>Drum Cost</idValue>
    <idCode>C490</idCode>
        <idValue>Drum Deposit</idValue>
    <idCode>C500</idCode>
        <idValue>Drum Up Charge</idValue>
    <idCode>C510</idCode>
        <idValue>Dry Ice</idValue>
    <idCode>C520</idCode>
        <idValue>Dryer Charge</idValue>
    <idCode>C530</idCode>
        <idValue>Duty Charge</idValue>
    <idCode>C531</idCode>
        <idValue>Duty Drawback</idValue>
    <idCode>C540</idCode>
        <idValue>Early Buy Allowance</idValue>
    <idCode>C550</idCode>
        <idValue>Early Payment Allowance</idValue>
    <idCode>C560</idCode>
        <idValue>Early Ship Allowance</idValue>
    <idCode>C570</idCode>
        <idValue>Emergency Port Charge</idValue>
    <idCode>C580</idCode>
        <idValue>Emergency Service</idValue>
    <idCode>C590</idCode>
        <idValue>Emergency Surcharge</idValue>
    <idCode>C600</idCode>
        <idValue>Empty Weighing Charge</idValue>
    <idCode>C610</idCode>
        <idValue>Enclosure</idValue>
    <idCode>C630</idCode>
        <idValue>Endorsement Fee</idValue>
    <idCode>C640</idCode>
        <idValue>Energy charge</idValue>
    <idCode>C650</idCode>
        <idValue>Energy Surcharge (Fuel Adjustment Factor)</idValue>
    <idCode>C660</idCode>
        <idValue>Engineering Charge</idValue>
    <idCode>C670</idCode>
        <idValue>Engraving</idValue>
    <idCode>C675</idCode>
        <idValue>Entered Value</idValue>
    <idCode>C680</idCode>
        <idValue>Environmental Protection Service</idValue>
    <idCode>C690</idCode>
        <idValue>Escalation</idValue>
    <idCode>C700</idCode>
        <idValue>Escort Service</idValue>
    <idCode>C710</idCode>
        <idValue>Eur1 Presentation Fee</idValue>
    <idCode>C720</idCode>
        <idValue>European Port Charges</idValue>
    <idCode>C730</idCode>
        <idValue>Excess Mileage Charge</idValue>
    <idCode>C740</idCode>
        <idValue>Excess Periods</idValue>
    <idCode>C750</idCode>
        <idValue>Excess Value Fee</idValue>
    <idCode>C760</idCode>
        <idValue>Excess Weight</idValue>
    <idCode>C770</idCode>
        <idValue>Excessive Value Charge</idValue>
    <idCode>C780</idCode>
        <idValue>Exchange Access Credit</idValue>
    <idCode>C790</idCode>
        <idValue>Exclusive Use Of Equipment</idValue>
    <idCode>C800</idCode>
        <idValue>Exclusive Use</idValue>
    <idCode>C810</idCode>
        <idValue>Exhibition Delivery Charge</idValue>
    <idCode>C820</idCode>
        <idValue>Exhibition Pickup Charge</idValue>
    <idCode>C830</idCode>
        <idValue>Expanded Service</idValue>
    <idCode>C840</idCode>
        <idValue>Expedited One Day Consular Service</idValue>
    <idCode>C850</idCode>
        <idValue>Expedited Service Charge</idValue>
    <idCode>C860</idCode>
        <idValue>Expedited Shipments</idValue>
    <idCode>C870</idCode>
        <idValue>Expediting Fee</idValue>
    <idCode>C880</idCode>
        <idValue>Expediting Premium</idValue>
    <idCode>C890</idCode>
        <idValue>Export Customs Clearance</idValue>
    <idCode>C900</idCode>
        <idValue>Export Declarations - Automated</idValue>
    <idCode>C910</idCode>
        <idValue>Export Declarations - U.S. Shippers</idValue>
    <idCode>C920</idCode>
        <idValue>Export License Application</idValue>
    <idCode>C930</idCode>
        <idValue>Export Shipping Charge</idValue>
    <idCode>C940</idCode>
        <idValue>Export/Import Charge</idValue>
    <idCode>C950</idCode>
        <idValue>Extra Copies and Mailings</idValue>
    <idCode>C960</idCode>
        <idValue>Extra Labor (Helper Service)</idValue>
    <idCode>C970</idCode>
        <idValue>Extra Length</idValue>
    <idCode>C980</idCode>
        <idValue>Extra Service - Counter-to-Counter</idValue>
    <idCode>C990</idCode>
        <idValue>Fabrication Charge</idValue>
    <idCode>CA2T</idCode>
        <idValue>Currency Adjustment - 20 Foot Container</idValue>
    <idCode>CA4T</idCode>
        <idValue>Currency Adjustment - 40 Foot Container</idValue>
    <idCode>CFCT</idCode>
        <idValue>Customs Fees - Container Level</idValue>
    <idCode>CFLT</idCode>
        <idValue>Customs Fees - Lift Level</idValue>
    <idCode>CGTT</idCode>
        <idValue>Cargo Taxes</idValue>
    <idCode>CLDT</idCode>
        <idValue>Container Loss/Damage</idValue>
    <idCode>COMM</idCode>
        <idValue>Communications Charges</idValue>
    <idCode>CRLT</idCode>
        <idValue>Container Lease</idValue>
    <idCode>CTLT</idCode>
        <idValue>Controlled Atmosphere</idValue>
    <idCode>CUFT</idCode>
        <idValue>Currency Adjustment - Break Bulk</idValue>
    <idCode>D000</idCode>
        <idValue>Facsimile Charges - Additional Pages</idValue>
    <idCode>D010</idCode>
        <idValue>Facsimile Charges</idValue>
    <idCode>D015</idCode>
        <idValue>Dunnage</idValue>
    <idCode>D020</idCode>
        <idValue>Failed Lamp Panel Charge</idValue>
    <idCode>D025</idCode>
        <idValue>Fax Pre-alert</idValue>
    <idCode>D030</idCode>
        <idValue>Federal Transfer Surcharge</idValue>
    <idCode>D040</idCode>
        <idValue>Finance Charge</idValue>
    <idCode>D050</idCode>
        <idValue>First Article Charge</idValue>
    <idCode>D060</idCode>
        <idValue>First Flight Out</idValue>
    <idCode>D070</idCode>
        <idValue>Flat Rate</idValue>
    <idCode>D080</idCode>
        <idValue>Floor Stock Protection</idValue>
    <idCode>D100</idCode>
        <idValue>Food and Lodging</idValue>
    <idCode>D101</idCode>
        <idValue>Foreign Office Advance</idValue>
    <idCode>D103</idCode>
        <idValue>Foreign Customs Duty</idValue>
    <idCode>D110</idCode>
        <idValue>Foreign Military Sales (FMS) Rental</idValue>
    <idCode>D120</idCode>
        <idValue>Foreign Military Sales (FMS) Special Charge</idValue>
    <idCode>D130</idCode>
        <idValue>Forwarding Agent Commission</idValue>
    <idCode>D140</idCode>
        <idValue>Forwarding Charge</idValue>
    <idCode>D141</idCode>
        <idValue>Forward Coupons</idValue>
    <idCode>D142</idCode>
        <idValue>Capture Additional Data</idValue>
    <idCode>D143</idCode>
        <idValue>Provide Name and Address</idValue>
    <idCode>D144</idCode>
        <idValue>Provide Household Identifier</idValue>
    <idCode>D150</idCode>
        <idValue>Franchise fee</idValue>
    <idCode>D160</idCode>
        <idValue>Free Domicile Shipment Processing</idValue>
    <idCode>D170</idCode>
        <idValue>Free Goods</idValue>
    <idCode>D180</idCode>
        <idValue>Freight Based on Dollar Minimum</idValue>
    <idCode>D190</idCode>
        <idValue>Freight Charges to Border</idValue>
    <idCode>D200</idCode>
        <idValue>Freight Charges to Destination</idValue>
    <idCode>D210</idCode>
        <idValue>Freight Equalization</idValue>
    <idCode>D220</idCode>
        <idValue>Freight Passthrough</idValue>
    <idCode>D230</idCode>
        <idValue>Freight Surcharge</idValue>
    <idCode>D240</idCode>
        <idValue>Freight</idValue>
    <idCode>D242</idCode>
        <idValue>Freight, International</idValue>
    <idCode>D244</idCode>
        <idValue>Freight, International, U.S. Dollars</idValue>
    <idCode>D246</idCode>
        <idValue>Freight, International, Non-U.S. Dollars</idValue>
    <idCode>D250</idCode>
        <idValue>Freshness/Leaker Allowance</idValue>
    <idCode>D260</idCode>
        <idValue>Fuel Charge</idValue>
    <idCode>D270</idCode>
        <idValue>Fuel Surcharge</idValue>
    <idCode>D280</idCode>
        <idValue>Full Service</idValue>
    <idCode>D290</idCode>
        <idValue>Full Truckload Allowance</idValue>
    <idCode>D292</idCode>
        <idValue>Fumigation</idValue>
    <idCode>D300</idCode>
        <idValue>Garment District</idValue>
    <idCode>D301</idCode>
        <idValue>Gateway Fee</idValue>
    <idCode>D310</idCode>
        <idValue>Gas Pressure</idValue>
    <idCode>D320</idCode>
        <idValue>Glaze</idValue>
    <idCode>D330</idCode>
        <idValue>Gold Factor</idValue>
    <idCode>D340</idCode>
        <idValue>Goods and Services Charge</idValue>
    <idCode>D350</idCode>
        <idValue>Goods and Services Credit Allowance</idValue>
    <idCode>D360</idCode>
        <idValue>Goods and Services Tax Charge</idValue>
    <idCode>D370</idCode>
        <idValue>Government Inspection</idValue>
    <idCode>D380</idCode>
        <idValue>Government Warehouse Fee - Destination</idValue>
    <idCode>D390</idCode>
        <idValue>Government Warehouse Fee - Origin</idValue>
    <idCode>D400</idCode>
        <idValue>Grain Doors</idValue>
    <idCode>D410</idCode>
        <idValue>Grain Flow Charge</idValue>
    <idCode>D420</idCode>
        <idValue>Grinding</idValue>
    <idCode>D430</idCode>
        <idValue>Gross Receipts Surcharge</idValue>
    <idCode>D440</idCode>
        <idValue>Groupage Discount</idValue>
    <idCode>D450</idCode>
        <idValue>Grouped Items</idValue>
    <idCode>D460</idCode>
        <idValue>Guaranteed Inspection Technical Service</idValue>
    <idCode>D470</idCode>
        <idValue>Gulf Port Delivery Charge</idValue>
    <idCode>D480</idCode>
        <idValue>Handling Charges on Distribution Freight Forwarded Beyond</idValue>
    <idCode>D490</idCode>
        <idValue>Handling Freight At Positions Not Immediately Adjacent To Vehicle Charge</idValue>
    <idCode>D500</idCode>
        <idValue>Handling</idValue>
    <idCode>D501</idCode>
        <idValue>Harbor Maintenance Report</idValue>
    <idCode>D502</idCode>
        <idValue>Harbor Maintenance Fee</idValue>
    <idCode>D510</idCode>
        <idValue>Hauling and Hoisting to be Direct Billed</idValue>
    <idCode>D520</idCode>
        <idValue>Hauling and Hoisting</idValue>
    <idCode>D530</idCode>
        <idValue>Hazardous Cargo Charge</idValue>
    <idCode>D540</idCode>
        <idValue>Hazardous Materials Handling Fee - Domestic</idValue>
    <idCode>D550</idCode>
        <idValue>Hazardous Materials Handling Fee - International</idValue>
    <idCode>D560</idCode>
        <idValue>Hazardous Storage</idValue>
    <idCode>D570</idCode>
        <idValue>Heat in Transit Charges</idValue>
    <idCode>D580</idCode>
        <idValue>Heat Treat Charge</idValue>
    <idCode>D590</idCode>
        <idValue>Heavy Duty Flat Car Charge</idValue>
    <idCode>D600</idCode>
        <idValue>Heavy Lift</idValue>
    <idCode>D610</idCode>
        <idValue>High Security Red In-bond Seal Charge</idValue>
    <idCode>D620</idCode>
        <idValue>Highway Interchange</idValue>
    <idCode>D630</idCode>
        <idValue>Hointins and Hauling</idValue>
    <idCode>D640</idCode>
        <idValue>Holding Charge</idValue>
    <idCode>D650</idCode>
        <idValue>Home Line Freight Charge</idValue>
    <idCode>D655</idCode>
        <idValue>Honey Fee</idValue>
    <idCode>D660</idCode>
        <idValue>Hook-up charge</idValue>
    <idCode>D670</idCode>
        <idValue>Hose Charge Special</idValue>
    <idCode>D680</idCode>
        <idValue>Hose Charge</idValue>
    <idCode>D690</idCode>
        <idValue>Household Goods Pick-up or Delivery</idValue>
    <idCode>D700</idCode>
        <idValue>IATA Airbill Preparation</idValue>
    <idCode>D701</idCode>
        <idValue>International Air Transport Association (IATA) Commission</idValue>
    <idCode>D710</idCode>
        <idValue>IATA Fee</idValue>
    <idCode>D711</idCode>
        <idValue>International Air Transport Association (IATA) Markup</idValue>
    <idCode>D720</idCode>
        <idValue>Identification</idValue>
    <idCode>D730</idCode>
        <idValue>Import Service Fee</idValue>
    <idCode>D740</idCode>
        <idValue>In Transit Price Protection</idValue>
    <idCode>D750</idCode>
        <idValue>Inbound Freight Charges</idValue>
    <idCode>D760</idCode>
        <idValue>Income Freight (Manufacturing to Shipping Point)</idValue>
    <idCode>D770</idCode>
        <idValue>Incorrect Billing Account Charge</idValue>
    <idCode>D780</idCode>
        <idValue>Industry Price Allowance</idValue>
    <idCode>D790</idCode>
        <idValue>Initial License Fee</idValue>
    <idCode>D800</idCode>
        <idValue>Inland Transportation</idValue>
    <idCode>D810</idCode>
        <idValue>Inside Cable Connectors</idValue>
    <idCode>D820</idCode>
        <idValue>Inside Delivery</idValue>
    <idCode>D830</idCode>
        <idValue>Inside Pick-up</idValue>
    <idCode>D840</idCode>
        <idValue>Inspect at Destination</idValue>
    <idCode>D850</idCode>
        <idValue>Inspect at Origin</idValue>
    <idCode>D860</idCode>
        <idValue>Inspection Fee</idValue>
    <idCode>D870</idCode>
        <idValue>Inspection</idValue>
    <idCode>D880</idCode>
        <idValue>Installation &amp; Warranty</idValue>
    <idCode>D890</idCode>
        <idValue>Installation and Training</idValue>
    <idCode>D900</idCode>
        <idValue>Installation</idValue>
    <idCode>D910</idCode>
        <idValue>Insulated Tank Charge</idValue>
    <idCode>D920</idCode>
        <idValue>Insurance Fee</idValue>
    <idCode>D930</idCode>
        <idValue>Insurance Placement Cost Charge</idValue>
    <idCode>D940</idCode>
        <idValue>Insurance Premium</idValue>
    <idCode>D950</idCode>
        <idValue>Insurance Provided by Lessee</idValue>
    <idCode>D960</idCode>
        <idValue>Insurance Provided by Lessor</idValue>
    <idCode>D970</idCode>
        <idValue>Insurance Surcharge</idValue>
    <idCode>D980</idCode>
        <idValue>Insurance</idValue>
    <idCode>D990</idCode>
        <idValue>Interdivision Profit</idValue>
    <idCode>D995</idCode>
        <idValue>Interest Amount</idValue>
    <idCode>DCET</idCode>
        <idValue>Damage to Carrier Equipment</idValue>
    <idCode>DCVT</idCode>
        <idValue>Damage to Carrier Vessel</idValue>
    <idCode>DDZT</idCode>
        <idValue>Drayage at Port of Debarkation (Rate Zone)</idValue>
    <idCode>DEZT</idCode>
        <idValue>Drayage at Port of Embarkation (Rate Zone)</idValue>
    <idCode>DFDT</idCode>
        <idValue>Keep From Freezing Percent Differential</idValue>
    <idCode>DGET</idCode>
        <idValue>Damage to Government Equipment</idValue>
    <idCode>DOVT</idCode>
        <idValue>Container Diversion</idValue>
    <idCode>DPDT</idCode>
        <idValue>Drayage at Port of Debarkation</idValue>
    <idCode>DPET</idCode>
        <idValue>Drayage at Port of Embarkation</idValue>
    <idCode>E000</idCode>
        <idValue>Interest on refund</idValue>
    <idCode>E010</idCode>
        <idValue>Interest on Security Deposit</idValue>
    <idCode>E020</idCode>
        <idValue>Interim Use Permitted at Special Rate</idValue>
    <idCode>E022</idCode>
        <idValue>International Courier</idValue>
    <idCode>E030</idCode>
        <idValue>International Door-to-Door Handling Fee</idValue>
    <idCode>E040</idCode>
        <idValue>Interplant Charge</idValue>
    <idCode>E050</idCode>
        <idValue>Interstate/Highway Toll</idValue>
    <idCode>E060</idCode>
        <idValue>Intra-plant Charge</idValue>
    <idCode>E063</idCode>
        <idValue>Invoice Additional Amount</idValue>
    <idCode>E065</idCode>
        <idValue>Invoice Adjustment</idValue>
    <idCode>E067</idCode>
        <idValue>Invoice At-Cost Amount</idValue>
    <idCode>E068</idCode>
        <idValue>Invoice Delivery Terms Amount</idValue>
    <idCode>E069</idCode>
        <idValue>Invoice No-Charge Amount</idValue>
    <idCode>E070</idCode>
        <idValue>Invoice Services</idValue>
    <idCode>E080</idCode>
        <idValue>Invoice with Goods</idValue>
    <idCode>E090</idCode>
        <idValue>Irish Arbitraries</idValue>
    <idCode>E100</idCode>
        <idValue>Island Delivery Charge</idValue>
    <idCode>E110</idCode>
        <idValue>Island Pick-Up Charge</idValue>
    <idCode>E120</idCode>
        <idValue>Italian Release Charge</idValue>
    <idCode>E130</idCode>
        <idValue>Item Percentage</idValue>
    <idCode>E140</idCode>
        <idValue>Item-Unit</idValue>
    <idCode>E150</idCode>
        <idValue>Koshering</idValue>
    <idCode>E160</idCode>
        <idValue>Label Allowance</idValue>
    <idCode>E170</idCode>
        <idValue>Labeling</idValue>
    <idCode>E180</idCode>
        <idValue>Labor (Repair and Return Orders)</idValue>
    <idCode>E190</idCode>
        <idValue>Labor Charges</idValue>
    <idCode>E191</idCode>
        <idValue>Labor, Straight-time</idValue>
    <idCode>E192</idCode>
        <idValue>Labor, Overtime</idValue>
    <idCode>E193</idCode>
        <idValue>Labor, Premium Overtime</idValue>
    <idCode>E200</idCode>
        <idValue>Labor Cost of Removal</idValue>
    <idCode>E210</idCode>
        <idValue>Labor Service</idValue>
    <idCode>E220</idCode>
        <idValue>Labor, Modify</idValue>
    <idCode>E230</idCode>
        <idValue>Labor, No Trouble Found</idValue>
    <idCode>E240</idCode>
        <idValue>Labor, Test and Calibrate</idValue>
    <idCode>E250</idCode>
        <idValue>Lading Adjustment Charge</idValue>
    <idCode>E260</idCode>
        <idValue>Lashing</idValue>
    <idCode>E270</idCode>
        <idValue>Late Order Charge</idValue>
    <idCode>E280</idCode>
        <idValue>Late Payment Charge</idValue>
    <idCode>E290</idCode>
        <idValue>Layout/Design</idValue>
    <idCode>E300</idCode>
        <idValue>Layover Charges</idValue>
    <idCode>E310</idCode>
        <idValue>Lead Factor</idValue>
    <idCode>E320</idCode>
        <idValue>Leaking Underground Storage Tax (LUST)</idValue>
    <idCode>E330</idCode>
        <idValue>Lease Shortfall Consideration</idValue>
    <idCode>E340</idCode>
        <idValue>Less Than Truckload (LTL) Charge</idValue>
    <idCode>E350</idCode>
        <idValue>Letter of Credit Processing</idValue>
    <idCode>E360</idCode>
        <idValue>License and Title</idValue>
    <idCode>E370</idCode>
        <idValue>Lifeline Surcharge</idValue>
    <idCode>E380</idCode>
        <idValue>Lift Gate (Truck) or Forklift Service at Pick-up/Delivery</idValue>
    <idCode>E381</idCode>
        <idValue>Lime Fee</idValue>
    <idCode>E382</idCode>
        <idValue>Liquidation Anti-Dumping Duty</idValue>
    <idCode>E384</idCode>
        <idValue>Liquidation Countervailing Duty</idValue>
    <idCode>E386</idCode>
        <idValue>Liquidation Tax Amount</idValue>
    <idCode>E388</idCode>
        <idValue>Liquidation Total Due U.S. Customs Service (USCS)</idValue>
    <idCode>E389</idCode>
        <idValue>Liquidation Total Fees</idValue>
    <idCode>E390</idCode>
        <idValue>Load Weighing Charge</idValue>
    <idCode>E400</idCode>
        <idValue>Loading (Labor Charges)</idValue>
    <idCode>E410</idCode>
        <idValue>Loading</idValue>
    <idCode>E420</idCode>
        <idValue>Loan Fee</idValue>
    <idCode>E430</idCode>
        <idValue>Local Delivery/Drayage</idValue>
    <idCode>E440</idCode>
        <idValue>Locomotive Delayed in Switching Service</idValue>
    <idCode>E450</idCode>
        <idValue>Locomotive Under Own Power</idValue>
    <idCode>E460</idCode>
        <idValue>Lot Charge</idValue>
    <idCode>E470</idCode>
        <idValue>Lump Sum</idValue>
    <idCode>E480</idCode>
        <idValue>Machining Charge</idValue>
    <idCode>E485</idCode>
        <idValue>Mail Fee</idValue>
    <idCode>E490</idCode>
        <idValue>Mail Invoice to Each Location</idValue>
    <idCode>E500</idCode>
        <idValue>Mail Invoice</idValue>
    <idCode>E510</idCode>
        <idValue>Mailing - Postage Cost</idValue>
    <idCode>E520</idCode>
        <idValue>Mailing - Service Fee</idValue>
    <idCode>E530</idCode>
        <idValue>Manifest Charge</idValue>
    <idCode>E540</idCode>
        <idValue>Manufacturing</idValue>
    <idCode>E550</idCode>
        <idValue>Market Development Funds</idValue>
    <idCode>E560</idCode>
        <idValue>Marking or Tagging Charge</idValue>
    <idCode>E570</idCode>
        <idValue>Marriage Rule</idValue>
    <idCode>E580</idCode>
        <idValue>Memo Returnable Container</idValue>
    <idCode>E585</idCode>
        <idValue>Merchandise Processing Fee</idValue>
    <idCode>E590</idCode>
        <idValue>Message Charge</idValue>
    <idCode>E600</idCode>
        <idValue>Message Rate Adjustment</idValue>
    <idCode>E610</idCode>
        <idValue>Messenger Service</idValue>
    <idCode>E620</idCode>
        <idValue>Metals Surcharge</idValue>
    <idCode>E630</idCode>
        <idValue>Meter Charge</idValue>
    <idCode>E640</idCode>
        <idValue>Mileage Fee (For Repair and Return)</idValue>
    <idCode>E650</idCode>
        <idValue>Mileage or Travel</idValue>
    <idCode>E660</idCode>
        <idValue>Monthly Rental</idValue>
    <idCode>E670</idCode>
        <idValue>Mount/Demount</idValue>
    <idCode>E680</idCode>
        <idValue>Mounting</idValue>
    <idCode>E690</idCode>
        <idValue>Municipal Surcharge</idValue>
    <idCode>E695</idCode>
        <idValue>Mushroom Fee</idValue>
    <idCode>E700</idCode>
        <idValue>N.H.D. Wharfage</idValue>
    <idCode>E710</idCode>
        <idValue>New Discount</idValue>
    <idCode>E720</idCode>
        <idValue>New Distribution Allowance</idValue>
    <idCode>E730</idCode>
        <idValue>New Item Allowance</idValue>
    <idCode>E740</idCode>
        <idValue>New Store Allowance</idValue>
    <idCode>E750</idCode>
        <idValue>New Store Discount</idValue>
    <idCode>E760</idCode>
        <idValue>New Warehouse Discount</idValue>
    <idCode>E770</idCode>
        <idValue>New Warehouse</idValue>
    <idCode>E780</idCode>
        <idValue>New York Delivery Charge</idValue>
    <idCode>E790</idCode>
        <idValue>New York Pick-up Charge</idValue>
    <idCode>E800</idCode>
        <idValue>No Return Credit Allowance</idValue>
    <idCode>E805</idCode>
        <idValue>Non-Dutiable Charges</idValue>
    <idCode>E810</idCode>
        <idValue>Non Generated Freight</idValue>
    <idCode>E820</idCode>
        <idValue>Non-returnable Containers</idValue>
    <idCode>E830</idCode>
        <idValue>Normal Pump Charge</idValue>
    <idCode>E840</idCode>
        <idValue>Notarized Affidavit</idValue>
    <idCode>E850</idCode>
        <idValue>Notify Consignee Before Delivery</idValue>
    <idCode>E860</idCode>
        <idValue>Notify Consignee</idValue>
    <idCode>E870</idCode>
        <idValue>Nozzle Charge</idValue>
    <idCode>E880</idCode>
        <idValue>Ocean Charges - Hazardous</idValue>
    <idCode>E890</idCode>
        <idValue>Ocean Freight</idValue>
    <idCode>E900</idCode>
        <idValue>Offshore - Alaska/Hawaii</idValue>
    <idCode>E910</idCode>
        <idValue>On Carriage</idValue>
    <idCode>E920</idCode>
        <idValue>On Hand Service</idValue>
    <idCode>E930</idCode>
        <idValue>One - Day Service</idValue>
    <idCode>E940</idCode>
        <idValue>One Time Engineering Charge</idValue>
    <idCode>E950</idCode>
        <idValue>One-Time License Fee</idValue>
    <idCode>E960</idCode>
        <idValue>One-Time-Only Charge</idValue>
    <idCode>E970</idCode>
        <idValue>Onetime Tooling</idValue>
    <idCode>E980</idCode>
        <idValue>Operator Credit</idValue>
    <idCode>E990</idCode>
        <idValue>Option Charge (Color Fabric Office Furniture)</idValue>
    <idCode>ENGA</idCode>
        <idValue>Engineering Supplies</idValue>
    <idCode>EXLT</idCode>
        <idValue>Extra Length Surcharge</idValue>
    <idCode>F000</idCode>
        <idValue>Optional Charge</idValue>
    <idCode>F010</idCode>
        <idValue>Optional Software Support for Operational Support Systems</idValue>
    <idCode>F020</idCode>
        <idValue>Optional Software Support for Switching Systems</idValue>
    <idCode>F030</idCode>
        <idValue>Order Notify Charge</idValue>
    <idCode>F040</idCode>
        <idValue>Order-Flat</idValue>
    <idCode>F050</idCode>
        <idValue>Other (See related description)</idValue>
    <idCode>F060</idCode>
        <idValue>Other Accessorial Service Charge</idValue>
    <idCode>F061</idCode>
        <idValue>Other Advances</idValue>
    <idCode>F062</idCode>
        <idValue>Other Export Charges</idValue>
    <idCode>F063</idCode>
        <idValue>Other Government Agency Declaration</idValue>
    <idCode>F065</idCode>
        <idValue>Other Government Agency Exam</idValue>
    <idCode>F067</idCode>
        <idValue>Other Import Charge</idValue>
    <idCode>F070</idCode>
        <idValue>Out of Route Miles</idValue>
    <idCode>F080</idCode>
        <idValue>Out of Zone Pick-up or Delivery</idValue>
    <idCode>F090</idCode>
        <idValue>Outside Cable Connectors</idValue>
    <idCode>F100</idCode>
        <idValue>Over Dimension</idValue>
    <idCode>F110</idCode>
        <idValue>Overrun Charge</idValue>
    <idCode>F120</idCode>
        <idValue>Oversized Premium</idValue>
    <idCode>F130</idCode>
        <idValue>Overtime Loading</idValue>
    <idCode>F140</idCode>
        <idValue>Pack Invoice with Shipment</idValue>
    <idCode>F150</idCode>
        <idValue>Packaging Service</idValue>
    <idCode>F155</idCode>
        <idValue>Packaging</idValue>
    <idCode>F160</idCode>
        <idValue>Painting (Primer or Finish)</idValue>
    <idCode>F170</idCode>
        <idValue>Pallet Exchange Charge</idValue>
    <idCode>F180</idCode>
        <idValue>Pallet</idValue>
    <idCode>F190</idCode>
        <idValue>Palletizing</idValue>
    <idCode>F200</idCode>
        <idValue>Paralleling</idValue>
    <idCode>F210</idCode>
        <idValue>Parish/County Sales Tax (only)</idValue>
    <idCode>F220</idCode>
        <idValue>Passing Shippers Export Entry</idValue>
    <idCode>F225</idCode>
        <idValue>Pecan Fee</idValue>
    <idCode>F230</idCode>
        <idValue>Penalty Charge</idValue>
    <idCode>F240</idCode>
        <idValue>Per Item Charge</idValue>
    <idCode>F250</idCode>
        <idValue>Per Order Charge</idValue>
    <idCode>F260</idCode>
        <idValue>Per Pound Charge</idValue>
    <idCode>F270</idCode>
        <idValue>Percent of Product</idValue>
    <idCode>F271</idCode>
        <idValue>Percent of Shipped Quantity that is Returnable</idValue>
    <idCode>F272</idCode>
        <idValue>Percent of Shipment Value that is Returnable</idValue>
    <idCode>F280</idCode>
        <idValue>Performance Allowance</idValue>
    <idCode>F290</idCode>
        <idValue>Performance Award</idValue>
    <idCode>F300</idCode>
        <idValue>Permit Charge</idValue>
    <idCode>F310</idCode>
        <idValue>Permits Bonds Escort Attendant</idValue>
    <idCode>F320</idCode>
        <idValue>Phosphatizing (Steel Treatment)</idValue>
    <idCode>F330</idCode>
        <idValue>Pick-up and Delivery</idValue>
    <idCode>F340</idCode>
        <idValue>Pick/Up</idValue>
    <idCode>F350</idCode>
        <idValue>Pickle and Oil</idValue>
    <idCode>F360</idCode>
        <idValue>Pickup - Out of Area</idValue>
    <idCode>F370</idCode>
        <idValue>Pickup Surcharge</idValue>
    <idCode>F380</idCode>
        <idValue>Pier Charges - Wharfage</idValue>
    <idCode>F390</idCode>
        <idValue>Pier Charges Other Than Wharfage</idValue>
    <idCode>F400</idCode>
        <idValue>Pier Pick-up and/or Delivery</idValue>
    <idCode>F401</idCode>
        <idValue>Pier Unloading</idValue>
    <idCode>F410</idCode>
        <idValue>Pilot Inspection</idValue>
    <idCode>F420</idCode>
        <idValue>Placement and/or Removal Charge</idValue>
    <idCode>F430</idCode>
        <idValue>Plating</idValue>
    <idCode>F440</idCode>
        <idValue>Pole, Wood-service Charge</idValue>
    <idCode>F445</idCode>
        <idValue>Pork Fee</idValue>
    <idCode>F450</idCode>
        <idValue>Positioning at Origin</idValue>
    <idCode>F460</idCode>
        <idValue>Postage</idValue>
    <idCode>F465</idCode>
        <idValue>Potato Fee</idValue>
    <idCode>F470</idCode>
        <idValue>Power Factor Adjustment</idValue>
    <idCode>F480</idCode>
        <idValue>Pre-carriage Excess</idValue>
    <idCode>F490</idCode>
        <idValue>Pre-carriage</idValue>
    <idCode>F500</idCode>
        <idValue>Pre-Positioned Inventory Service</idValue>
    <idCode>F510</idCode>
        <idValue>Precious Metal Content</idValue>
    <idCode>F520</idCode>
        <idValue>Preloading Charge</idValue>
    <idCode>F530</idCode>
        <idValue>Prelodge Charge</idValue>
    <idCode>F540</idCode>
        <idValue>Premise Use</idValue>
    <idCode>F550</idCode>
        <idValue>Premium Charge</idValue>
    <idCode>F560</idCode>
        <idValue>Premium Transportation</idValue>
    <idCode>F570</idCode>
        <idValue>Prepaid Usage Allowance</idValue>
    <idCode>F580</idCode>
        <idValue>Preparation and Delivery</idValue>
    <idCode>F590</idCode>
        <idValue>Preparation of Air Waybill - Origin</idValue>
    <idCode>F600</idCode>
        <idValue>Preparation of Canadian Customs Invoice</idValue>
    <idCode>F610</idCode>
        <idValue>Preparation of Commercial Invoice</idValue>
    <idCode>F620</idCode>
        <idValue>Preparation of Export Entry</idValue>
    <idCode>F630</idCode>
        <idValue>Preparation of Insurance Certificate</idValue>
    <idCode>F640</idCode>
        <idValue>Preparation of U.S. Export Documentation</idValue>
    <idCode>F650</idCode>
        <idValue>Preparation</idValue>
    <idCode>F660</idCode>
        <idValue>Previous Billing</idValue>
    <idCode>F670</idCode>
        <idValue>Price and Marketing Allowance</idValue>
    <idCode>F680</idCode>
        <idValue>Price Deviation</idValue>
    <idCode>F690</idCode>
        <idValue>Prior Balance</idValue>
    <idCode>F700</idCode>
        <idValue>Prior Billing Amount</idValue>
    <idCode>F710</idCode>
        <idValue>Prior Delivery Of Bill Charge</idValue>
    <idCode>F720</idCode>
        <idValue>Prior Month Credit</idValue>
    <idCode>F730</idCode>
        <idValue>Priority Service</idValue>
    <idCode>F740</idCode>
        <idValue>Process in Transit Privilege</idValue>
    <idCode>F750</idCode>
        <idValue>Processing Charge</idValue>
    <idCode>F760</idCode>
        <idValue>Processing</idValue>
    <idCode>F770</idCode>
        <idValue>Professional Fees</idValue>
    <idCode>F780</idCode>
        <idValue>Proforma Invoice</idValue>
    <idCode>F790</idCode>
        <idValue>Progress Payment Requirement</idValue>
    <idCode>F800</idCode>
        <idValue>Promotional Allowance</idValue>
    <idCode>F810</idCode>
        <idValue>Promotional Discount</idValue>
    <idCode>F820</idCode>
        <idValue>Proof &amp; Composition</idValue>
    <idCode>F830</idCode>
        <idValue>Proof of Delivery</idValue>
    <idCode>F840</idCode>
        <idValue>Protective Service - Cold</idValue>
    <idCode>F850</idCode>
        <idValue>Protective Service - Heat</idValue>
    <idCode>F860</idCode>
        <idValue>Protective Service Charge</idValue>
    <idCode>F870</idCode>
        <idValue>Pulling Eyes</idValue>
    <idCode>F880</idCode>
        <idValue>Pump Air Charge</idValue>
    <idCode>F890</idCode>
        <idValue>Pump Charge</idValue>
    <idCode>F900</idCode>
        <idValue>Purchase Option</idValue>
    <idCode>F910</idCode>
        <idValue>Quantity Discount</idValue>
    <idCode>F920</idCode>
        <idValue>Quantity Surcharge</idValue>
    <idCode>F930</idCode>
        <idValue>Equipment Manufacturer Restoration Audit</idValue>
    <idCode>F940</idCode>
        <idValue>Ramping</idValue>
    <idCode>F950</idCode>
        <idValue>Rate Code</idValue>
    <idCode>F960</idCode>
        <idValue>Re-Bill Charge</idValue>
    <idCode>F970</idCode>
        <idValue>Rebate</idValue>
    <idCode>F980</idCode>
        <idValue>Rebilled Drayage - Destination</idValue>
    <idCode>F990</idCode>
        <idValue>Rebilled Drayage - Origin</idValue>
    <idCode>F991</idCode>
        <idValue>Receiving</idValue>
    <idCode>FAKT</idCode>
        <idValue>Barge Freight All Kinds Service</idValue>
    <idCode>FLST</idCode>
        <idValue>Flatrack Surcharge</idValue>
    <idCode>G000</idCode>
        <idValue>Recipient Address Correction</idValue>
    <idCode>G010</idCode>
        <idValue>Reclamation, Federal</idValue>
    <idCode>G020</idCode>
        <idValue>Reclamation, State</idValue>
    <idCode>G025</idCode>
        <idValue>Reconciliation</idValue>
    <idCode>G030</idCode>
        <idValue>Reconnect charge</idValue>
    <idCode>G040</idCode>
        <idValue>Reconsign Consignee Charge</idValue>
    <idCode>G050</idCode>
        <idValue>Reconsign Delivery Charge</idValue>
    <idCode>G060</idCode>
        <idValue>Reconsignment Charge</idValue>
    <idCode>G070</idCode>
        <idValue>Recoopering (at Owner&apos;s or Shipper&apos;s Expense)</idValue>
    <idCode>G080</idCode>
        <idValue>Record/Filing</idValue>
    <idCode>G090</idCode>
        <idValue>Recovery Fee</idValue>
    <idCode>G100</idCode>
        <idValue>Recovery</idValue>
    <idCode>G110</idCode>
        <idValue>Recrating/Recoopering - Destination</idValue>
    <idCode>G120</idCode>
        <idValue>Recrating/Recoopering - Origin</idValue>
    <idCode>G130</idCode>
        <idValue>Recurring Hardware Maintenance Charge</idValue>
    <idCode>G140</idCode>
        <idValue>Recurring License Fee</idValue>
    <idCode>G150</idCode>
        <idValue>Recurring Software Maintenance Charge</idValue>
    <idCode>G160</idCode>
        <idValue>Redelivery</idValue>
    <idCode>G170</idCode>
        <idValue>Redistribution Allowance</idValue>
    <idCode>G180</idCode>
        <idValue>Reduction Prepalletized Cargo</idValue>
    <idCode>G190</idCode>
        <idValue>Reel Cable</idValue>
    <idCode>G200</idCode>
        <idValue>Reel Deposit</idValue>
    <idCode>G210</idCode>
        <idValue>Reel</idValue>
    <idCode>G220</idCode>
        <idValue>Refrigeration</idValue>
    <idCode>G230</idCode>
        <idValue>Refrigeration/Mechanical Detention</idValue>
    <idCode>G240</idCode>
        <idValue>Refund</idValue>
    <idCode>G250</idCode>
        <idValue>Refurbishing Charge</idValue>
    <idCode>G260</idCode>
        <idValue>Regain</idValue>
    <idCode>G270</idCode>
        <idValue>Registration of Export for Reentry</idValue>
    <idCode>G280</idCode>
        <idValue>Registration of Export Shipments</idValue>
    <idCode>G290</idCode>
        <idValue>Regulatory Fee</idValue>
    <idCode>G300</idCode>
        <idValue>Regulatory required refund</idValue>
    <idCode>G310</idCode>
        <idValue>Reliability Charge</idValue>
    <idCode>G320</idCode>
        <idValue>Relinquishment Charge</idValue>
    <idCode>G322</idCode>
        <idValue>Reliquidation Anti-Dumping Duty</idValue>
    <idCode>G324</idCode>
        <idValue>Reliquidation Countervailing Duty</idValue>
    <idCode>G326</idCode>
        <idValue>Reliquidation Tax Amount</idValue>
    <idCode>G328</idCode>
        <idValue>Reliquidation Total Due U.S. Customs Service (USCS)</idValue>
    <idCode>G329</idCode>
        <idValue>Reliquidation Total Fees</idValue>
    <idCode>G330</idCode>
        <idValue>Rental Charge</idValue>
    <idCode>G340</idCode>
        <idValue>Rental Deduction</idValue>
    <idCode>G350</idCode>
        <idValue>Rents and Leases</idValue>
    <idCode>G360</idCode>
        <idValue>Repack Charge</idValue>
    <idCode>G370</idCode>
        <idValue>Repair at Buyers Expense Charge</idValue>
    <idCode>G380</idCode>
        <idValue>Repair at Customer Expense Charge</idValue>
    <idCode>G390</idCode>
        <idValue>Repair at Government Expense Charge</idValue>
    <idCode>G400</idCode>
        <idValue>Repair</idValue>
    <idCode>G410</idCode>
        <idValue>Repickup</idValue>
    <idCode>G420</idCode>
        <idValue>Request Via Canada</idValue>
    <idCode>G430</idCode>
        <idValue>Research &amp; Development Fee</idValue>
    <idCode>G440</idCode>
        <idValue>Resellers Discount</idValue>
    <idCode>G450</idCode>
        <idValue>Residential Delivery</idValue>
    <idCode>G460</idCode>
        <idValue>Residential Pick-up</idValue>
    <idCode>G470</idCode>
        <idValue>Restocking Charge</idValue>
    <idCode>G480</idCode>
        <idValue>Restricted Article Fee</idValue>
    <idCode>G490</idCode>
        <idValue>Retainer</idValue>
    <idCode>G500</idCode>
        <idValue>Return Cargo Charge</idValue>
    <idCode>G510</idCode>
        <idValue>Returnable Container</idValue>
    <idCode>G520</idCode>
        <idValue>Returned Load</idValue>
    <idCode>G530</idCode>
        <idValue>Rework</idValue>
    <idCode>G540</idCode>
        <idValue>Riding Attendant Charge</idValue>
    <idCode>G550</idCode>
        <idValue>Rocky Mountain Bureau 583 Item 1100 Arbitrary Charge</idValue>
    <idCode>G560</idCode>
        <idValue>Roll Out Adjustment</idValue>
    <idCode>G570</idCode>
        <idValue>Roll Rebate</idValue>
    <idCode>G580</idCode>
        <idValue>Royalties</idValue>
    <idCode>G590</idCode>
        <idValue>Salvage</idValue>
    <idCode>G600</idCode>
        <idValue>Same - Day Service</idValue>
    <idCode>G610</idCode>
        <idValue>Saturday Delivery</idValue>
    <idCode>G620</idCode>
        <idValue>Saturday Pick-up or Delivery Charge</idValue>
    <idCode>G630</idCode>
        <idValue>Saturday Pick-Up</idValue>
    <idCode>G640</idCode>
        <idValue>Scale Charge Unloading</idValue>
    <idCode>G650</idCode>
        <idValue>Scale Charge</idValue>
    <idCode>G660</idCode>
        <idValue>Scrap Allowance</idValue>
    <idCode>G670</idCode>
        <idValue>Security Signature Service</idValue>
    <idCode>G680</idCode>
        <idValue>Segregating (Sorting)</idValue>
    <idCode>G690</idCode>
        <idValue>Select Charge</idValue>
    <idCode>G700</idCode>
        <idValue>Self Unloader</idValue>
    <idCode>G710</idCode>
        <idValue>Seller Hand Carry</idValue>
    <idCode>G720</idCode>
        <idValue>Service Assistance Program Surcharge</idValue>
    <idCode>G730</idCode>
        <idValue>Service Charge (with Cash Discount)</idValue>
    <idCode>G740</idCode>
        <idValue>Service Charge</idValue>
    <idCode>G750</idCode>
        <idValue>Service Upgrade</idValue>
    <idCode>G760</idCode>
        <idValue>Set-up</idValue>
    <idCode>G770</idCode>
        <idValue>Shearing</idValue>
    <idCode>G775</idCode>
        <idValue>Sheep Fee</idValue>
    <idCode>G780</idCode>
        <idValue>Ship to Stock Quality Audit</idValue>
    <idCode>G790</idCode>
        <idValue>Shipper Load and Count</idValue>
    <idCode>G800</idCode>
        <idValue>Shipper Load Carrier Count</idValue>
    <idCode>G810</idCode>
        <idValue>Shipper Load Consignee Unload</idValue>
    <idCode>G820</idCode>
        <idValue>Shipper Load</idValue>
    <idCode>G821</idCode>
        <idValue>Shipping</idValue>
    <idCode>G830</idCode>
        <idValue>Shipping and Handling</idValue>
    <idCode>G840</idCode>
        <idValue>Shipside Pickup</idValue>
    <idCode>G850</idCode>
        <idValue>Shotblasting</idValue>
    <idCode>G860</idCode>
        <idValue>Shrink Allowance</idValue>
    <idCode>G870</idCode>
        <idValue>Shrink-Wrap Charge</idValue>
    <idCode>G880</idCode>
        <idValue>Shrinkage Allowance</idValue>
    <idCode>G890</idCode>
        <idValue>Single Invoice Allowance</idValue>
    <idCode>G900</idCode>
        <idValue>Single Pick-up</idValue>
    <idCode>G910</idCode>
        <idValue>Single Shipment Fee</idValue>
    <idCode>G920</idCode>
        <idValue>Sleeving</idValue>
    <idCode>G930</idCode>
        <idValue>Slip Sheet Unloading Allowance</idValue>
    <idCode>G940</idCode>
        <idValue>Slip Sheet, Rail</idValue>
    <idCode>G950</idCode>
        <idValue>Slip Sheet, Truck</idValue>
    <idCode>G960</idCode>
        <idValue>Slotting Allowance</idValue>
    <idCode>G970</idCode>
        <idValue>Small Order Charge</idValue>
    <idCode>G980</idCode>
        <idValue>Software Support Service</idValue>
    <idCode>G990</idCode>
        <idValue>Source Inspection</idValue>
    <idCode>GMST</idCode>
        <idValue>Garment Surcharge</idValue>
    <idCode>H000</idCode>
        <idValue>Special Allowance</idValue>
    <idCode>H010</idCode>
        <idValue>Special Buy</idValue>
    <idCode>H020</idCode>
        <idValue>Special Circus Trains</idValue>
    <idCode>H030</idCode>
        <idValue>Special Credit</idValue>
    <idCode>H040</idCode>
        <idValue>Special Delivery</idValue>
    <idCode>H050</idCode>
        <idValue>Special Detention Charge</idValue>
    <idCode>H060</idCode>
        <idValue>Special Equipment Charge</idValue>
    <idCode>H070</idCode>
        <idValue>Special Finish Charge</idValue>
    <idCode>H080</idCode>
        <idValue>Special Freight Supplements</idValue>
    <idCode>H090</idCode>
        <idValue>Special Handling</idValue>
    <idCode>H100</idCode>
        <idValue>Special Mileage Movements</idValue>
    <idCode>H110</idCode>
        <idValue>Special Packaging</idValue>
    <idCode>H120</idCode>
        <idValue>Special Permits</idValue>
    <idCode>H130</idCode>
        <idValue>Special Pickup</idValue>
    <idCode>H140</idCode>
        <idValue>Special Pump Charge</idValue>
    <idCode>H150</idCode>
        <idValue>Special Seal Charge</idValue>
    <idCode>H151</idCode>
        <idValue>Special Services</idValue>
    <idCode>H160</idCode>
        <idValue>Special Test Equipment Charge</idValue>
    <idCode>H170</idCode>
        <idValue>Special Tooling Charge</idValue>
    <idCode>H180</idCode>
        <idValue>Special Tooling rework charge</idValue>
    <idCode>H190</idCode>
        <idValue>Special Train Movement</idValue>
    <idCode>H200</idCode>
        <idValue>Special Use</idValue>
    <idCode>H210</idCode>
        <idValue>Special Vehicle Rent</idValue>
    <idCode>H215</idCode>
        <idValue>Specific Duty</idValue>
    <idCode>H220</idCode>
        <idValue>Specification Review</idValue>
    <idCode>H230</idCode>
        <idValue>Split Delivery</idValue>
    <idCode>H240</idCode>
        <idValue>Split Pick-Up at Pier Charge</idValue>
    <idCode>H250</idCode>
        <idValue>Split Pick-up</idValue>
    <idCode>H260</idCode>
        <idValue>Spool Charge</idValue>
    <idCode>H270</idCode>
        <idValue>Spotting of Trailer</idValue>
    <idCode>H280</idCode>
        <idValue>Spreader Charge</idValue>
    <idCode>H290</idCode>
        <idValue>Stamp Fee</idValue>
    <idCode>H300</idCode>
        <idValue>Stamping</idValue>
    <idCode>H310</idCode>
        <idValue>Standby Charge</idValue>
    <idCode>H320</idCode>
        <idValue>State Motor Fuel</idValue>
    <idCode>H330</idCode>
        <idValue>State Sales Charge</idValue>
    <idCode>H340</idCode>
        <idValue>State Surcharge</idValue>
    <idCode>H350</idCode>
        <idValue>State/Metropolitan Transit Authority Surcharge</idValue>
    <idCode>H360</idCode>
        <idValue>Steaming Charge</idValue>
    <idCode>H370</idCode>
        <idValue>Stenciling Charge</idValue>
    <idCode>H380</idCode>
        <idValue>Stop-off at Pier Charge</idValue>
    <idCode>H390</idCode>
        <idValue>Stop-off Charge</idValue>
    <idCode>H400</idCode>
        <idValue>Stopcharge</idValue>
    <idCode>H410</idCode>
        <idValue>Stopping in Transit</idValue>
    <idCode>H420</idCode>
        <idValue>Storage in Transit</idValue>
    <idCode>H430</idCode>
        <idValue>Storage</idValue>
    <idCode>H440</idCode>
        <idValue>Straightening Charge</idValue>
    <idCode>H450</idCode>
        <idValue>Strapping</idValue>
    <idCode>H460</idCode>
        <idValue>Street lamps charge</idValue>
    <idCode>H470</idCode>
        <idValue>Stripping, Sorting, and Consolidation</idValue>
    <idCode>H480</idCode>
        <idValue>Subject to Cooperative Advertising Allowance</idValue>
    <idCode>H490</idCode>
        <idValue>Subject To Tax On Resale</idValue>
    <idCode>H500</idCode>
        <idValue>Sufferance Warehouse Charge (Export or Import)</idValue>
    <idCode>H505</idCode>
        <idValue>Sugar Fee</idValue>
    <idCode>H507</idCode>
        <idValue>Sum of Adds and Deducts to Make Market Value</idValue>
    <idCode>H510</idCode>
        <idValue>Sunday or Holiday Pick-up or Delivery</idValue>
    <idCode>H520</idCode>
        <idValue>Super Bag Charge</idValue>
    <idCode>H530</idCode>
        <idValue>Supervisor Charge</idValue>
    <idCode>H535</idCode>
        <idValue>Supplemental Duty</idValue>
    <idCode>H540</idCode>
        <idValue>Supplemental Items</idValue>
    <idCode>H550</idCode>
        <idValue>Surcharge</idValue>
    <idCode>H551</idCode>
        <idValue>Surety Bond</idValue>
    <idCode>H560</idCode>
        <idValue>Swell</idValue>
    <idCode>H570</idCode>
        <idValue>Switch Charge</idValue>
    <idCode>H580</idCode>
        <idValue>Switching Charge</idValue>
    <idCode>H590</idCode>
        <idValue>Tank Car Allowance</idValue>
    <idCode>H600</idCode>
        <idValue>Tank Rental</idValue>
    <idCode>H605</idCode>
        <idValue>Tarping</idValue>
    <idCode>H610</idCode>
        <idValue>Tax - Airport Tax, Destination</idValue>
    <idCode>H620</idCode>
        <idValue>Tax - Airport Tax, Origin</idValue>
    <idCode>H625</idCode>
        <idValue>Tax - Beverage Tax</idValue>
    <idCode>H630</idCode>
        <idValue>Tax - City Sales Tax (Only)</idValue>
    <idCode>H640</idCode>
        <idValue>Tax - Excise Tax - Destination</idValue>
    <idCode>H650</idCode>
        <idValue>Tax - Excise Tax - Origin</idValue>
    <idCode>H660</idCode>
        <idValue>Tax - Federal Excise Tax, FET</idValue>
    <idCode>H670</idCode>
        <idValue>Tax - Federal Excise Tax, FET, on Tires</idValue>
    <idCode>H680</idCode>
        <idValue>Tax - Governmental</idValue>
    <idCode>H690</idCode>
        <idValue>Tax - Handling Charge Tax</idValue>
    <idCode>H700</idCode>
        <idValue>Tax - Local Tax</idValue>
    <idCode>H710</idCode>
        <idValue>Tax - Metropolitan Transit Tax</idValue>
    <idCode>H720</idCode>
        <idValue>Tax - Regulatory Tax</idValue>
    <idCode>H730</idCode>
        <idValue>Tax - Local Sales Tax</idValue>
    <idCode>H740</idCode>
        <idValue>Tax - Sales and Use</idValue>
    <idCode>H750</idCode>
        <idValue>Tax - Sales Tax (State and Local)</idValue>
    <idCode>H760</idCode>
        <idValue>Tax - State Hazardous Substance</idValue>
    <idCode>H770</idCode>
        <idValue>Tax - State Tax</idValue>
    <idCode>H780</idCode>
        <idValue>Tax - Super Fund Excise Tax</idValue>
    <idCode>H790</idCode>
        <idValue>Tax - Use Tax</idValue>
    <idCode>H800</idCode>
        <idValue>Tax - Value Added Tax (VAT)</idValue>
    <idCode>H806</idCode>
        <idValue>Tax Credit</idValue>
    <idCode>H810</idCode>
        <idValue>Tax Liability - Amortized</idValue>
    <idCode>H820</idCode>
        <idValue>Tax Liability - One Time</idValue>
    <idCode>H830</idCode>
        <idValue>Tax on Miscellaneous Charges</idValue>
    <idCode>H840</idCode>
        <idValue>Tax on Transportation</idValue>
    <idCode>H850</idCode>
        <idValue>Tax</idValue>
    <idCode>H855</idCode>
        <idValue>Tea Fee</idValue>
    <idCode>H860</idCode>
        <idValue>Technology Exchange</idValue>
    <idCode>H870</idCode>
        <idValue>Telegram Chargeback</idValue>
    <idCode>H880</idCode>
        <idValue>Telephone - Destination</idValue>
    <idCode>H890</idCode>
        <idValue>Telephone - Origin</idValue>
    <idCode>H900</idCode>
        <idValue>Telephone Charge</idValue>
    <idCode>H910</idCode>
        <idValue>Temperature Protection</idValue>
    <idCode>H920</idCode>
        <idValue>Temporary Allowance</idValue>
    <idCode>H930</idCode>
        <idValue>Temporary Voluntary Allowance</idValue>
    <idCode>H935</idCode>
        <idValue>Tendered as Truckload</idValue>
    <idCode>H940</idCode>
        <idValue>Terminal Charge</idValue>
    <idCode>H950</idCode>
        <idValue>Terminal Differential</idValue>
    <idCode>H960</idCode>
        <idValue>Terminal Service Fee</idValue>
    <idCode>H970</idCode>
        <idValue>Terms Allowance</idValue>
    <idCode>H980</idCode>
        <idValue>Test/Qualification Charge</idValue>
    <idCode>H990</idCode>
        <idValue>Testing Services Charge</idValue>
    <idCode>HZDT</idCode>
        <idValue>Hazardous Cargo on Deck</idValue>
    <idCode>I000</idCode>
        <idValue>Testing</idValue>
    <idCode>I010</idCode>
        <idValue>Third Party Allowance</idValue>
    <idCode>I020</idCode>
        <idValue>Third Party Pallets</idValue>
    <idCode>I030</idCode>
        <idValue>Throughput Allowance</idValue>
    <idCode>I040</idCode>
        <idValue>Throughput Container Charge</idValue>
    <idCode>I050</idCode>
        <idValue>Thruway Charge</idValue>
    <idCode>I060</idCode>
        <idValue>Ticketing Service</idValue>
    <idCode>I070</idCode>
        <idValue>Tobacco Products Report Charge</idValue>
    <idCode>I080</idCode>
        <idValue>TOFC Service Charge</idValue>
    <idCode>I090</idCode>
        <idValue>Tool Charge</idValue>
    <idCode>I100</idCode>
        <idValue>Tooling Rework Charge</idValue>
    <idCode>I110</idCode>
        <idValue>Tooling</idValue>
    <idCode>I120</idCode>
        <idValue>Tools for Printing</idValue>
    <idCode>I130</idCode>
        <idValue>Total Assessorial Charges</idValue>
    <idCode>I131</idCode>
        <idValue>Total Fees</idValue>
    <idCode>I132</idCode>
        <idValue>Total Invoice Amount</idValue>
    <idCode>I133</idCode>
        <idValue>Total Due U.S. Customs Service (USCS)</idValue>
    <idCode>I134</idCode>
        <idValue>Total Invoice Amount, U.S. Dollars</idValue>
    <idCode>I136</idCode>
        <idValue>Total Invoice Amount, Non-U.S. Dollars</idValue>
    <idCode>I138</idCode>
        <idValue>Total Material Invoice Amount</idValue>
    <idCode>I140</idCode>
        <idValue>Tracing Inbound Via Other Carriers</idValue>
    <idCode>I150</idCode>
        <idValue>Tracing Service Fee</idValue>
    <idCode>I160</idCode>
        <idValue>Track Storage</idValue>
    <idCode>I170</idCode>
        <idValue>Trade Discount</idValue>
    <idCode>I180</idCode>
        <idValue>Trade In</idValue>
    <idCode>I190</idCode>
        <idValue>Trailer Rental Charge</idValue>
    <idCode>I200</idCode>
        <idValue>Transfer Charge</idValue>
    <idCode>I210</idCode>
        <idValue>Transfer of Lading Charge</idValue>
    <idCode>I220</idCode>
        <idValue>Transferred Charges</idValue>
    <idCode>I230</idCode>
        <idValue>Transit</idValue>
    <idCode>I240</idCode>
        <idValue>Transportation And Setup</idValue>
    <idCode>I250</idCode>
        <idValue>Transportation Charge (Minimum Rate)</idValue>
    <idCode>I260</idCode>
        <idValue>Transportation Direct Billing</idValue>
    <idCode>I270</idCode>
        <idValue>Transportation Third Party Billing</idValue>
    <idCode>I280</idCode>
        <idValue>Transportation Vendor Provided</idValue>
    <idCode>I290</idCode>
        <idValue>Trimming Charge</idValue>
    <idCode>I300</idCode>
        <idValue>Truck Detention</idValue>
    <idCode>I310</idCode>
        <idValue>Truckload Discount</idValue>
    <idCode>I320</idCode>
        <idValue>Turning Charge</idValue>
    <idCode>I330</idCode>
        <idValue>Two - Day Service</idValue>
    <idCode>I340</idCode>
        <idValue>Two Door Pick Up</idValue>
    <idCode>I350</idCode>
        <idValue>U.S. Vehicles</idValue>
    <idCode>I360</idCode>
        <idValue>Unabsorbed Switching</idValue>
    <idCode>I370</idCode>
        <idValue>Unitized</idValue>
    <idCode>I380</idCode>
        <idValue>Unloading (Labor Charges)</idValue>
    <idCode>I390</idCode>
        <idValue>Unloading</idValue>
    <idCode>I400</idCode>
        <idValue>Unloading/Reloading Charge</idValue>
    <idCode>I410</idCode>
        <idValue>Unsaleable Merchandise Allowance</idValue>
    <idCode>I411</idCode>
        <idValue>Unscheduled Fee</idValue>
    <idCode>I420</idCode>
        <idValue>Up Charge</idValue>
    <idCode>I430</idCode>
        <idValue>Usage Plan Detail Charge</idValue>
    <idCode>I431</idCode>
        <idValue>U.S. Customs Service (USCS) Flat Assist Amount</idValue>
    <idCode>I432</idCode>
        <idValue>U.S. Customs Service (USCS) Maximum Assist Amount</idValue>
    <idCode>I440</idCode>
        <idValue>USDA Inspected, Stamping Certification</idValue>
    <idCode>I450</idCode>
        <idValue>Use - Special Type Flat Car</idValue>
    <idCode>I460</idCode>
        <idValue>Use Charge Tooling/Personnel</idValue>
    <idCode>I470</idCode>
        <idValue>Valuation Fee</idValue>
    <idCode>I480</idCode>
        <idValue>Vehicle Ordered but Not Used</idValue>
    <idCode>I490</idCode>
        <idValue>Vehicle Prep Charge (Courtesy Delivery)</idValue>
    <idCode>I495</idCode>
        <idValue>Vehicle Road Charge</idValue>
    <idCode>I500</idCode>
        <idValue>Vendor Freight</idValue>
    <idCode>I510</idCode>
        <idValue>Venting Instructions</idValue>
    <idCode>I520</idCode>
        <idValue>Virgin Island Transfer Charge</idValue>
    <idCode>I530</idCode>
        <idValue>Volume Discount</idValue>
    <idCode>I540</idCode>
        <idValue>Voluntary Contribution Charge</idValue>
    <idCode>I550</idCode>
        <idValue>Waiting Time</idValue>
    <idCode>I560</idCode>
        <idValue>War Risk Surcharge</idValue>
    <idCode>I570</idCode>
        <idValue>Warehouse</idValue>
    <idCode>I580</idCode>
        <idValue>Warehousing</idValue>
    <idCode>I590</idCode>
        <idValue>Warranties</idValue>
    <idCode>I595</idCode>
        <idValue>Watermelon Fee</idValue>
    <idCode>I600</idCode>
        <idValue>Waybill and Invoice Distribution</idValue>
    <idCode>I610</idCode>
        <idValue>Weather Protection</idValue>
    <idCode>I620</idCode>
        <idValue>Weight Verification Charge</idValue>
    <idCode>I630</idCode>
        <idValue>Wharfage &amp; Handling</idValue>
    <idCode>I640</idCode>
        <idValue>Wharfage Charge</idValue>
    <idCode>I650</idCode>
        <idValue>Wide Area Telephone Service (WATS) Usage Credit</idValue>
    <idCode>I660</idCode>
        <idValue>Will Call Charge</idValue>
    <idCode>I670</idCode>
        <idValue>Written Proof of Delivery</idValue>
    <idCode>I680</idCode>
        <idValue>X-ray Charge</idValue>
    <idCode>I690</idCode>
        <idValue>Gratuity</idValue>
    <idCode>I700</idCode>
        <idValue>Escrow</idValue>
    <idCode>I710</idCode>
        <idValue>Payment</idValue>
    <idCode>I720</idCode>
        <idValue>Direct Product Handling (DPC)</idValue>
    <idCode>I730</idCode>
        <idValue>Price Adjustment Percent (PCT)</idValue>
    <idCode>I740</idCode>
        <idValue>Post Damaged Handling (PDC)</idValue>
    <idCode>I750</idCode>
        <idValue>Reclamation Center Handling (Chute)</idValue>
    <idCode>I760</idCode>
        <idValue>Reclamation Shared Responsibility (SRS)</idValue>
    <idCode>IDCT</idCode>
        <idValue>Improper Documentation</idValue>
    <idCode>LC2T</idCode>
        <idValue>Land Currency Adjustment Factor - 20 Foot Container</idValue>
    <idCode>LC4T</idCode>
        <idValue>Land Currency Adjustment Factor - 40 Foot Container</idValue>
    <idCode>LCLT</idCode>
        <idValue>Percent Differential - Less Than Container</idValue>
    <idCode>LECT</idCode>
        <idValue>Less Than Container</idValue>
    <idCode>LFDT</idCode>
        <idValue>Linehaul from Port of Debarkation</idValue>
    <idCode>LMDT</idCode>
        <idValue>Liner Terms at Port of Embarkation</idValue>
    <idCode>LNDT</idCode>
        <idValue>Liner Terms at Port of Debarkation</idValue>
    <idCode>LPDT</idCode>
        <idValue>Linehaul Percent Differential</idValue>
    <idCode>LQDT</idCode>
        <idValue>Liquidated Damages</idValue>
    <idCode>LTET</idCode>
        <idValue>Linehaul to Port of Embarkation</idValue>
    <idCode>MATT</idCode>
        <idValue>Modified Atmosphere</idValue>
    <idCode>OCNT</idCode>
        <idValue>Over Height Container</idValue>
    <idCode>OFFA</idCode>
        <idValue>Office Supplies</idValue>
    <idCode>OODT</idCode>
        <idValue>On Deck Break Bulk Differential</idValue>
    <idCode>OTHR</idCode>
        <idValue>Other Miscellaneous Earning or Additive</idValue>
    <idCode>OWCT</idCode>
        <idValue>Over Width Container</idValue>
    <idCode>PRST</idCode>
        <idValue>Stuffing Charge</idValue>
    <idCode>PTAX</idCode>
        <idValue>Payroll Taxes</idValue>
    <idCode>PVPT</idCode>
        <idValue>Private Owned Vehicle Processing</idValue>
    <idCode>R020</idCode>
        <idValue>Personal Property, Member</idValue>
    <idCode>R030</idCode>
        <idValue>Personal Property, Spouse</idValue>
    <idCode>R040</idCode>
        <idValue>Port Handling and Unloading</idValue>
    <idCode>R060</idCode>
        <idValue>Packing, Crating, and Handling Charge</idValue>
    <idCode>R080</idCode>
        <idValue>Packing, Crating, Handling, and Transportation Charge</idValue>
    <idCode>RDHT</idCode>
        <idValue>Railhead Handling</idValue>
    <idCode>RFMT</idCode>
        <idValue>Reefer Maintenance</idValue>
    <idCode>RPDT</idCode>
        <idValue>Reefer Cargo Percent Differential</idValue>
    <idCode>RSTT</idCode>
        <idValue>Respotting</idValue>
    <idCode>SFBT</idCode>
        <idValue>Single Factor Origination/Destination</idValue>
    <idCode>SFDT</idCode>
        <idValue>Single Factor Origination/Port of Debarkation</idValue>
    <idCode>SFET</idCode>
        <idValue>Single Factor Port of Embarkation/Destination</idValue>
    <idCode>SSCT</idCode>
        <idValue>Stripping, Sorting and Consolidation</idValue>
    <idCode>SSUT</idCode>
        <idValue>Pole Lashing Equipment (PLE) Surcharge</idValue>
    <idCode>STDT</idCode>
        <idValue>Stop-off at Destination</idValue>
    <idCode>STFT</idCode>
        <idValue>Stuffing</idValue>
    <idCode>STOT</idCode>
        <idValue>Stop-off at Origination</idValue>
    <idCode>TERT</idCode>
        <idValue>Terminal Handling Charges</idValue>
    <idCode>VCLT</idCode>
        <idValue>Van Cleaning</idValue>
    <idCode>WBBT</idCode>
        <idValue>Wharfage - Breakbulk</idValue>
    <idCode>WCFT</idCode>
        <idValue>Wharfage - Container</idValue>
    <idCode>WFTT</idCode>
        <idValue>Wasted/Futile Trip</idValue>
    <idCode>WRBT</idCode>
        <idValue>War Risk Crew Insurance</idValue>
    <idCode>WRIT</idCode>
        <idValue>War Risk Insurance</idValue>
    <idCode>ZZZZ</idCode>
        <idValue>Mutually Defined</idValue>
</idList>
