<?xml version="1.0" encoding="ISO-8859-1"?>
<!DOCTYPE idList SYSTEM "idList.dtd">
<!-- Revision 1.6.0 data/OBOE, docs,October 12, 2000, -->
<idList>
    <idCode>1</idCode>
        <idValue>Status 1 version</idValue>
    <idCode>2</idCode>
        <idValue>Status 2 version</idValue>
    <idCode>88</idCode>
        <idValue>1988 version</idValue>
    <idCode>89</idCode>
        <idValue>1989 version</idValue>
    <idCode>90</idCode>
        <idValue>1990 version</idValue>
    <idCode>D</idCode>
        <idValue>Draft version/UN/EDIFACT Directory</idValue>
    <idCode>S</idCode>
        <idValue>Standard version</idValue>
</idList>
