<?xml version="1.0" encoding="ISO-8859-1"?>
<!DOCTYPE idList SYSTEM "idList.dtd">
<!-- Revision 1.6.0 data/OBOE, docs,October 12, 2000, -->
<idList>
    <idCode>1</idCode>
        <idValue>Allowance range</idValue>
    <idCode>2</idCode>
        <idValue>Charge range</idValue>
    <idCode>3</idCode>
        <idValue>Monetary range</idValue>
    <idCode>4</idCode>
        <idValue>Quantity range</idValue>
    <idCode>5</idCode>
        <idValue>Temperature range</idValue>
    <idCode>6</idCode>
        <idValue>Order quantity range</idValue>
    <idCode>7</idCode>
        <idValue>Delivery quantity range</idValue>
    <idCode>8</idCode>
        <idValue>Production batch range</idValue>
    <idCode>9</idCode>
        <idValue>Monthly quantity range</idValue>
    <idCode>10</idCode>
        <idValue>Annual quantity range</idValue>
    <idCode>11</idCode>
        <idValue>Package stacking range</idValue>
    <idCode>12</idCode>
        <idValue>Transport temperature range</idValue>
    <idCode>13</idCode>
        <idValue>Equipment pre-tripping temperature range</idValue>
    <idCode>14</idCode>
        <idValue>Terms discount range</idValue>
</idList>
