<?xml version="1.0" encoding="ISO-8859-1"?>
<!DOCTYPE idList SYSTEM "idList.dtd">
<!-- Revision 1.6.0 data/OBOE, docs,October 12, 2000, -->
<idList>
    <idCode>1</idCode>
        <idValue>More than one quarter volume available</idValue>
    <idCode>2</idCode>
        <idValue>More than half volume available</idValue>
    <idCode>3</idCode>
        <idValue>More than three quarters volume available</idValue>
    <idCode>4</idCode>
        <idValue>Empty</idValue>
    <idCode>5</idCode>
        <idValue>Full</idValue>
    <idCode>6</idCode>
        <idValue>No volume available</idValue>
    <idCode>7</idCode>
        <idValue>Full, mixed consignment</idValue>
    <idCode>8</idCode>
        <idValue>Full, single consignment</idValue>
</idList>
