<?xml version="1.0" encoding="ISO-8859-1"?>
<!DOCTYPE idList SYSTEM "idList.dtd">
<!-- Revision 1.6.0 data/OBOE, docs,October 12, 2000, -->
<idList>
    <idCode>1</idCode>
        <idValue>Charge payment currency</idValue>
    <idCode>2</idCode>
        <idValue>Reference currency</idValue>
    <idCode>3</idCode>
        <idValue>Target currency</idValue>
    <idCode>4</idCode>
        <idValue>Transport document currency</idValue>
    <idCode>5</idCode>
        <idValue>Calculation base currency</idValue>
    <idCode>6</idCode>
        <idValue>Information Currency</idValue>
    <idCode>7</idCode>
        <idValue>Currency of the account</idValue>
</idList>
