<?xml version="1.0" encoding="ISO-8859-1"?>
<!DOCTYPE idList SYSTEM "idList.dtd">
<!-- Revision 1.6.0 data/OBOE, docs,October 12, 2000, -->
<idList>
    <idCode>6</idCode>
        <idValue>Military Official Mail</idValue>
    <idCode>7</idCode>
        <idValue>Mail</idValue>
    <idCode>A</idCode>
        <idValue>Air</idValue>
    <idCode>AC</idCode>
        <idValue>Air Charter</idValue>
    <idCode>AE</idCode>
        <idValue>Air Express</idValue>
    <idCode>AF</idCode>
        <idValue>Air Freight</idValue>
    <idCode>AH</idCode>
        <idValue>Air Taxi</idValue>
    <idCode>AR</idCode>
        <idValue>Armed Forces Courier Service (ARFCOS)</idValue>
    <idCode>B</idCode>
        <idValue>Barge</idValue>
    <idCode>BP</idCode>
        <idValue>Book Postal</idValue>
    <idCode>BU</idCode>
        <idValue>Bus</idValue>
    <idCode>C</idCode>
        <idValue>Consolidation</idValue>
    <idCode>CE</idCode>
        <idValue>Customer Pickup / Customer&apos;s Expense</idValue>
    <idCode>D</idCode>
        <idValue>Parcel Post</idValue>
    <idCode>DA</idCode>
        <idValue>Driveaway Service</idValue>
    <idCode>DW</idCode>
        <idValue>Driveaway, Truckaway, Towaway</idValue>
    <idCode>E</idCode>
        <idValue>Expedited Truck</idValue>
    <idCode>ED</idCode>
        <idValue>European or Pacific Distribution System</idValue>
    <idCode>F</idCode>
        <idValue>Flyaway</idValue>
    <idCode>FA</idCode>
        <idValue>Air Freight Forwarder</idValue>
    <idCode>FL</idCode>
        <idValue>Motor (Flatbed)</idValue>
    <idCode>GG</idCode>
        <idValue>Geographic Receiving/Shipping</idValue>
    <idCode>GR</idCode>
        <idValue>Geographic Receiving</idValue>
    <idCode>GS</idCode>
        <idValue>Geographic Shipping</idValue>
    <idCode>H</idCode>
        <idValue>Customer Pickup</idValue>
    <idCode>HH</idCode>
        <idValue>Household Goods Truck</idValue>
    <idCode>I</idCode>
        <idValue>Common Irregular Carrier</idValue>
    <idCode>J</idCode>
        <idValue>Motor</idValue>
    <idCode>K</idCode>
        <idValue>Backhaul</idValue>
    <idCode>L</idCode>
        <idValue>Contract Carrier</idValue>
    <idCode>LA</idCode>
        <idValue>Logair</idValue>
    <idCode>LT</idCode>
        <idValue>Less Than Trailer Load (LTL)</idValue>
    <idCode>M</idCode>
        <idValue>Motor (Common Carrier)</idValue>
    <idCode>MB</idCode>
        <idValue>Motor (Bulk Carrier)</idValue>
    <idCode>MP</idCode>
        <idValue>Motor (Package Carrier)</idValue>
    <idCode>N</idCode>
        <idValue>Private Vessel</idValue>
    <idCode>O</idCode>
        <idValue>Containerized Ocean</idValue>
    <idCode>P</idCode>
        <idValue>Private Carrier</idValue>
    <idCode>PA</idCode>
        <idValue>Pooled Air</idValue>
    <idCode>PG</idCode>
        <idValue>Pooled Piggyback</idValue>
    <idCode>PL</idCode>
        <idValue>Pipeline</idValue>
    <idCode>PP</idCode>
        <idValue>Pool to Pool</idValue>
    <idCode>PR</idCode>
        <idValue>Pooled Rail</idValue>
    <idCode>PT</idCode>
        <idValue>Pooled Truck</idValue>
    <idCode>Q</idCode>
        <idValue>Conventional Ocean</idValue>
    <idCode>R</idCode>
        <idValue>Rail</idValue>
    <idCode>RC</idCode>
        <idValue>Rail, Less than Carload</idValue>
    <idCode>RR</idCode>
        <idValue>Roadrailer</idValue>
    <idCode>S</idCode>
        <idValue>Ocean</idValue>
    <idCode>SB</idCode>
        <idValue>Shipper Agent</idValue>
    <idCode>SC</idCode>
        <idValue>Shipper Agent (Truck)</idValue>
    <idCode>SD</idCode>
        <idValue>Shipper Association</idValue>
    <idCode>SE</idCode>
        <idValue>Sea/Air</idValue>
    <idCode>SR</idCode>
        <idValue>Supplier Truck</idValue>
    <idCode>SS</idCode>
        <idValue>Steamship</idValue>
    <idCode>ST</idCode>
        <idValue>Stack Train</idValue>
    <idCode>T</idCode>
        <idValue>Best Way (Shippers Option)</idValue>
    <idCode>TA</idCode>
        <idValue>Towaway Service</idValue>
    <idCode>TC</idCode>
        <idValue>Cab (Taxi)</idValue>
    <idCode>TT</idCode>
        <idValue>Tank Truck</idValue>
    <idCode>U</idCode>
        <idValue>Private Parcel Service</idValue>
    <idCode>VA</idCode>
        <idValue>Motor (Van)</idValue>
    <idCode>VE</idCode>
        <idValue>Vessel, Ocean</idValue>
    <idCode>VL</idCode>
        <idValue>Vessel, Lake</idValue>
    <idCode>W</idCode>
        <idValue>Inland Waterway</idValue>
    <idCode>WP</idCode>
        <idValue>Water or Pipeline Intermodal Movement</idValue>
    <idCode>X</idCode>
        <idValue>Intermodal (Piggyback)</idValue>
    <idCode>Y</idCode>
        <idValue>Military Intratheater Airlift Service</idValue>
    <idCode>Y1</idCode>
        <idValue>Ocean Conference Carrier</idValue>
    <idCode>Y2</idCode>
        <idValue>Ocean Non-Conference Carrier</idValue>
    <idCode>ZZ</idCode>
        <idValue>Mutually defined</idValue>
</idList>
