<?xml version="1.0" encoding="ISO-8859-1"?>
<!DOCTYPE idList SYSTEM "idList.dtd">
<!-- Revision 1.6.0 data/OBOE, docs,October 12, 2000, -->
<idList>
    <idCode>1</idCode>
        <idValue>Origin subject to EC/EFTA preference</idValue>
    <idCode>2</idCode>
        <idValue>Origin subject to other preference agreement</idValue>
    <idCode>3</idCode>
        <idValue>No preference origin</idValue>
    <idCode>8</idCode>
        <idValue>Excluded origin</idValue>
    <idCode>9</idCode>
        <idValue>Imposed origin</idValue>
</idList>
