<?xml version="1.0" encoding="ISO-8859-1"?>
<!DOCTYPE idList SYSTEM "idList.dtd">
<!-- Revision 1.6.0 data/OBOE, docs,October 12, 2000, -->
<idList>
    <idCode>01</idCode>
        <idValue>Shipment Method of Payment</idValue>
    <idCode>02</idCode>
        <idValue>Transportation Responsibility Location</idValue>
    <idCode>03</idCode>
        <idValue>Title Passage Location</idValue>
    <idCode>04</idCode>
        <idValue>Sales Contact</idValue>
    <idCode>05</idCode>
        <idValue>Special Services that will be Required</idValue>
    <idCode>06</idCode>
        <idValue>Special Charges that will be Required</idValue>
    <idCode>07</idCode>
        <idValue>Allowance or Charge Method of Handling</idValue>
    <idCode>08</idCode>
        <idValue>Allowance or Charge Rate per Unit, Basis of Calculation or Total Amount</idValue>
    <idCode>09</idCode>
        <idValue>Type of Payment Terms</idValue>
    <idCode>10</idCode>
        <idValue>Beginning of Terms Period</idValue>
    <idCode>11</idCode>
        <idValue>Complete Discount Detail (Terms, Base/Value, Limits)</idValue>
    <idCode>12</idCode>
        <idValue>Hazardous Material</idValue>
    <idCode>13</idCode>
        <idValue>Non-Hazardous Material</idValue>
    <idCode>14</idCode>
        <idValue>As Indicated by the Cited Reference</idValue>
    <idCode>15</idCode>
        <idValue>Affiliated Companies</idValue>
    <idCode>16</idCode>
        <idValue>All Information</idValue>
    <idCode>17</idCode>
        <idValue>Background</idValue>
    <idCode>18</idCode>
        <idValue>Bank Name and Address</idValue>
    <idCode>19</idCode>
        <idValue>Bankruptcy</idValue>
    <idCode>20</idCode>
        <idValue>Bankruptcy Plan</idValue>
    <idCode>21</idCode>
        <idValue>Bankruptcy Schedule</idValue>
    <idCode>22</idCode>
        <idValue>Branches</idValue>
    <idCode>23</idCode>
        <idValue>Buying Details</idValue>
    <idCode>24</idCode>
        <idValue>Companies Dealt With</idValue>
    <idCode>25</idCode>
        <idValue>Completed Projects</idValue>
    <idCode>26</idCode>
        <idValue>Corporate Registration</idValue>
    <idCode>27</idCode>
        <idValue>Credit Score</idValue>
    <idCode>28</idCode>
        <idValue>Criminal Proceedings</idValue>
    <idCode>29</idCode>
        <idValue>Employees</idValue>
    <idCode>30</idCode>
        <idValue>Equipment</idValue>
    <idCode>31</idCode>
        <idValue>Financial Information</idValue>
    <idCode>32</idCode>
        <idValue>Legal Claim</idValue>
    <idCode>33</idCode>
        <idValue>Legal Details and Capital</idValue>
    <idCode>34</idCode>
        <idValue>Lien</idValue>
    <idCode>35</idCode>
        <idValue>Line of Business Codes</idValue>
    <idCode>36</idCode>
        <idValue>Line of Credit Details</idValue>
    <idCode>37</idCode>
        <idValue>Management Comments</idValue>
    <idCode>38</idCode>
        <idValue>Management Partial Figures</idValue>
    <idCode>39</idCode>
        <idValue>Other Public Record</idValue>
    <idCode>40</idCode>
        <idValue>Outside Comments</idValue>
    <idCode>41</idCode>
        <idValue>Ownership</idValue>
    <idCode>42</idCode>
        <idValue>Payment Breakdown</idValue>
    <idCode>43</idCode>
        <idValue>Payment Breakdown by Industry</idValue>
    <idCode>44</idCode>
        <idValue>Payment Score</idValue>
    <idCode>45</idCode>
        <idValue>Placed for Collection Details</idValue>
    <idCode>46</idCode>
        <idValue>Pledging</idValue>
    <idCode>47</idCode>
        <idValue>Preferential Claims</idValue>
    <idCode>48</idCode>
        <idValue>Protested Bills</idValue>
    <idCode>49</idCode>
        <idValue>Financial Update</idValue>
    <idCode>50</idCode>
        <idValue>Financing Statement (Uniform Commercial Code)</idValue>
    <idCode>51</idCode>
        <idValue>Full Financial Statement</idValue>
    <idCode>52</idCode>
        <idValue>General Information</idValue>
    <idCode>53</idCode>
        <idValue>Identification Numbers</idValue>
    <idCode>54</idCode>
        <idValue>Indirect Affiliate</idValue>
    <idCode>55</idCode>
        <idValue>Individual Experience</idValue>
    <idCode>56</idCode>
        <idValue>Judgment</idValue>
    <idCode>57</idCode>
        <idValue>Law Suit</idValue>
    <idCode>58</idCode>
        <idValue>Rating</idValue>
    <idCode>59</idCode>
        <idValue>Record Item</idValue>
    <idCode>60</idCode>
        <idValue>Reporting Agency Analysis</idValue>
    <idCode>61</idCode>
        <idValue>Secured Charges</idValue>
    <idCode>62</idCode>
        <idValue>Selling Details</idValue>
    <idCode>63</idCode>
        <idValue>Special Events</idValue>
    <idCode>64</idCode>
        <idValue>Subsidiaries</idValue>
    <idCode>65</idCode>
        <idValue>Summary Information</idValue>
    <idCode>66</idCode>
        <idValue>Work in Progress</idValue>
    <idCode>67</idCode>
        <idValue>Operation Details</idValue>
    <idCode>68</idCode>
        <idValue>Interview</idValue>
    <idCode>69</idCode>
        <idValue>Vendors</idValue>
    <idCode>70</idCode>
        <idValue>Slowness Comments</idValue>
    <idCode>71</idCode>
        <idValue>Subordination Agreement</idValue>
    <idCode>72</idCode>
        <idValue>Guarantees</idValue>
    <idCode>73</idCode>
        <idValue>Signing Authority</idValue>
    <idCode>74</idCode>
        <idValue>Ratios</idValue>
    <idCode>75</idCode>
        <idValue>Industry Averages</idValue>
    <idCode>76</idCode>
        <idValue>Petitions</idValue>
    <idCode>77</idCode>
        <idValue>Claims on Other Companies</idValue>
    <idCode>78</idCode>
        <idValue>Specific Details</idValue>
    <idCode>79</idCode>
        <idValue>Acquisitions</idValue>
    <idCode>80</idCode>
        <idValue>Financial Embarrassment Details</idValue>
    <idCode>81</idCode>
        <idValue>Offshore Company Details</idValue>
    <idCode>82</idCode>
        <idValue>Receivership</idValue>
    <idCode>83</idCode>
        <idValue>Ship Details</idValue>
</idList>
