<?xml version="1.0" encoding="ISO-8859-1"?>
<!DOCTYPE idList SYSTEM "idList.dtd">
<!-- Revision 1.6.0 data/OBOE, docs,October 12, 2000, -->
<idList>
    <idCode>A</idCode>
        <idValue>Allowance</idValue>
    <idCode>C</idCode>
        <idValue>Charge</idValue>
    <idCode>N</idCode>
        <idValue>No Allowance or Charge</idValue>
    <idCode>P</idCode>
        <idValue>Promotion</idValue>
    <idCode>Q</idCode>
        <idValue>Charge Request</idValue>
    <idCode>R</idCode>
        <idValue>Allowance Request</idValue>
    <idCode>S</idCode>
        <idValue>Service</idValue>
</idList>
