<?xml version="1.0" encoding="ISO-8859-1"?>
<!DOCTYPE idList SYSTEM "idList.dtd">
<!-- Revision 1.6.0 data/OBOE, docs,October 12, 2000, -->
<idList>
    <idCode>AA</idCode>
        <idValue>EDICONSTRUCT</idValue>
    <idCode>AB</idCode>
        <idValue>DIN (Deutsches Institut fuer Normung)</idValue>
    <idCode>AC</idCode>
        <idValue>ICS (International Chamber of Shipping)</idValue>
    <idCode>AD</idCode>
        <idValue>UPU (Union Postale Universelle)</idValue>
    <idCode>AE</idCode>
        <idValue>United Kingdom ANA (Article Numbering Association)</idValue>
    <idCode>AF</idCode>
        <idValue>ANSI ASC X12 (American National Standard Institute Accredited Standards Committee X12)</idValue>
    <idCode>CC</idCode>
        <idValue>CCC (Customs Co-operation Council)</idValue>
    <idCode>CE</idCode>
        <idValue>CEFIC (Conseil Europeen des Federations de l&apos;Industrie Chimique)</idValue>
    <idCode>EC</idCode>
        <idValue>EDICON</idValue>
    <idCode>ED</idCode>
        <idValue>EDIFICE (Electronic industries project)</idValue>
    <idCode>EE</idCode>
        <idValue>EC + EFTA (European Communities and European Free Trade Association)</idValue>
    <idCode>EN</idCode>
        <idValue>EAN (European Article Numbering Association)</idValue>
    <idCode>ER</idCode>
        <idValue>UIC (International Union of railways)</idValue>
    <idCode>EU</idCode>
        <idValue>European Union</idValue>
    <idCode>EX</idCode>
        <idValue>IECC (International Express Carriers Conference)</idValue>
    <idCode>IA</idCode>
        <idValue>IATA (International Air Transport Association)</idValue>
    <idCode>KE</idCode>
        <idValue>KEC (Korea EDIFACT Committee)</idValue>
    <idCode>LI</idCode>
        <idValue>LIMNET</idValue>
    <idCode>OD</idCode>
        <idValue>ODETTE (Organization for Data Exchange through Tele- Transmission in Europe)</idValue>
    <idCode>RI</idCode>
        <idValue>RINET (Reinsurance and Insurance Network)</idValue>
    <idCode>RT</idCode>
        <idValue>UN/ECE/TRADE/WP.4/GE.1/EDIFACT Rapporteurs&apos; Teams</idValue>
    <idCode>UN</idCode>
        <idValue>UN/ECE/TRADE/WP.4</idValue>
</idList>
