<?xml version="1.0" encoding="ISO-8859-1"?>
<!DOCTYPE idList SYSTEM "idList.dtd">
<!-- Revision 1.6.0 data/OBOE, docs,October 12, 2000, -->
<idList>
    <idCode>01</idCode>
        <idValue>Where Air = 1</idValue>
    <idCode>02</idCode>
        <idValue>Where Butyl Acetate = 1</idValue>
    <idCode>03</idCode>
        <idValue>Approximately</idValue>
    <idCode>04</idCode>
        <idValue>Equal to</idValue>
    <idCode>05</idCode>
        <idValue>Greater than or equal to</idValue>
    <idCode>06</idCode>
        <idValue>Greater than</idValue>
    <idCode>07</idCode>
        <idValue>Less than</idValue>
    <idCode>08</idCode>
        <idValue>Less than or equal to</idValue>
    <idCode>09</idCode>
        <idValue>Where H2O = 1 or Water = 1</idValue>
    <idCode>10</idCode>
        <idValue>Not equal to</idValue>
    <idCode>11</idCode>
        <idValue>Corrected to 60 Degrees Fahrenheit</idValue>
    <idCode>12</idCode>
        <idValue>Where Toluene = 1</idValue>
    <idCode>13</idCode>
        <idValue>Vapor in Air</idValue>
    <idCode>14</idCode>
        <idValue>Vapor in Other Than Air</idValue>
    <idCode>15</idCode>
        <idValue>Standard Temperature and Pressure</idValue>
    <idCode>16</idCode>
        <idValue>Conditions Other Than Standard Temperature and Pressure</idValue>
    <idCode>17</idCode>
        <idValue>In Ethyl Alcohol</idValue>
    <idCode>18</idCode>
        <idValue>In Ethyl Ether</idValue>
    <idCode>19</idCode>
        <idValue>In Water</idValue>
    <idCode>20</idCode>
        <idValue>At 1 Atmosphere Pressure</idValue>
    <idCode>21</idCode>
        <idValue>Where Ether = 1</idValue>
    <idCode>22</idCode>
        <idValue>Actual</idValue>
    <idCode>23</idCode>
        <idValue>Predicted</idValue>
    <idCode>24</idCode>
        <idValue>Air-dried Basis</idValue>
    <idCode>25</idCode>
        <idValue>As-received Basis</idValue>
    <idCode>26</idCode>
        <idValue>Dry Basis</idValue>
    <idCode>27</idCode>
        <idValue>Equilibrium Basis</idValue>
    <idCode>28</idCode>
        <idValue>Moisture and Ash-Free Basis</idValue>
    <idCode>29</idCode>
        <idValue>Oxidizing Atmosphere</idValue>
    <idCode>30</idCode>
        <idValue>Reducing Atmosphere</idValue>
    <idCode>31</idCode>
        <idValue>Calculated</idValue>
    <idCode>32</idCode>
        <idValue>Scaled Weight</idValue>
    <idCode>34</idCode>
        <idValue>Ratchet</idValue>
    <idCode>35</idCode>
        <idValue>Saturated Vapor</idValue>
    <idCode>36</idCode>
        <idValue>Unconditional</idValue>
    <idCode>37</idCode>
        <idValue>Short-term</idValue>
    <idCode>38</idCode>
        <idValue>Time-weighted</idValue>
    <idCode>39</idCode>
        <idValue>Corrected</idValue>
    <idCode>40</idCode>
        <idValue>Uncorrected</idValue>
    <idCode>41</idCode>
        <idValue>Off Peak</idValue>
    <idCode>42</idCode>
        <idValue>On Peak</idValue>
    <idCode>43</idCode>
        <idValue>Intermediate</idValue>
    <idCode>44</idCode>
        <idValue>Average</idValue>
    <idCode>45</idCode>
        <idValue>Per Gallon</idValue>
    <idCode>46</idCode>
        <idValue>Estimated</idValue>
    <idCode>47</idCode>
        <idValue>Minimum</idValue>
    <idCode>49</idCode>
        <idValue>Mist</idValue>
    <idCode>50</idCode>
        <idValue>Predominant</idValue>
    <idCode>51</idCode>
        <idValue>Total</idValue>
    <idCode>52</idCode>
        <idValue>Cost</idValue>
    <idCode>53</idCode>
        <idValue>Owner</idValue>
    <idCode>54</idCode>
        <idValue>Owner</idValue>
    <idCode>55</idCode>
        <idValue>For Sale</idValue>
    <idCode>56</idCode>
        <idValue>Real Estate Owned or Corporate Owned</idValue>
    <idCode>57</idCode>
        <idValue>Boarded or Blocked Up</idValue>
    <idCode>58</idCode>
        <idValue>Planned</idValue>
    <idCode>59</idCode>
        <idValue>Completed</idValue>
    <idCode>60</idCode>
        <idValue>Sold</idValue>
    <idCode>61</idCode>
        <idValue>Rented</idValue>
    <idCode>62</idCode>
        <idValue>Current</idValue>
    <idCode>63</idCode>
        <idValue>Current List</idValue>
    <idCode>64</idCode>
        <idValue>Effective</idValue>
    <idCode>65</idCode>
        <idValue>List When Sold</idValue>
    <idCode>66</idCode>
        <idValue>Sales</idValue>
    <idCode>67</idCode>
        <idValue>Final List</idValue>
    <idCode>68</idCode>
        <idValue>As Is</idValue>
    <idCode>69</idCode>
        <idValue>As Repaired or Improved</idValue>
    <idCode>70</idCode>
        <idValue>Instantaneous</idValue>
    <idCode>71</idCode>
        <idValue>Low</idValue>
    <idCode>72</idCode>
        <idValue>Low to Good</idValue>
    <idCode>73</idCode>
        <idValue>Low to High</idValue>
    <idCode>74</idCode>
        <idValue>Low to Medium</idValue>
    <idCode>75</idCode>
        <idValue>Low to Moderate</idValue>
    <idCode>76</idCode>
        <idValue>Medium</idValue>
    <idCode>77</idCode>
        <idValue>Medium to Good</idValue>
    <idCode>78</idCode>
        <idValue>Medium to High</idValue>
    <idCode>79</idCode>
        <idValue>Moderate</idValue>
    <idCode>80</idCode>
        <idValue>Moderate to Good</idValue>
    <idCode>81</idCode>
        <idValue>Moderate to High</idValue>
    <idCode>82</idCode>
        <idValue>Moderate to Medium</idValue>
    <idCode>83</idCode>
        <idValue>Good</idValue>
    <idCode>84</idCode>
        <idValue>Good to High</idValue>
    <idCode>85</idCode>
        <idValue>High</idValue>
    <idCode>86</idCode>
        <idValue>Budgeted</idValue>
    <idCode>87</idCode>
        <idValue>Forecast</idValue>
    <idCode>88</idCode>
        <idValue>Adjusted</idValue>
    <idCode>89</idCode>
        <idValue>Allocated</idValue>
    <idCode>90</idCode>
        <idValue>Increasing</idValue>
    <idCode>91</idCode>
        <idValue>Stable</idValue>
    <idCode>92</idCode>
        <idValue>Declining</idValue>
    <idCode>93</idCode>
        <idValue>Previous</idValue>
    <idCode>94</idCode>
        <idValue>Potential</idValue>
    <idCode>95</idCode>
        <idValue>Modeled</idValue>
    <idCode>96</idCode>
        <idValue>Measured</idValue>
    <idCode>97</idCode>
        <idValue>Maximum</idValue>
    <idCode>ZZ</idCode>
        <idValue>Mutually Defined</idValue>
</idList>
