<?xml version="1.0" encoding="ISO-8859-1"?>
<!DOCTYPE idList SYSTEM "idList.dtd">
<!-- Revision 1.6.0 data/OBOE, docs,October 12, 2000, -->
<idList>
    <idCode>1</idCode>
        <idValue>1st Carrier after Origin Carrier</idValue>
    <idCode>2</idCode>
        <idValue>2nd Carrier after Origin Carrier</idValue>
    <idCode>3</idCode>
        <idValue>3rd Carrier after Origin Carrier</idValue>
    <idCode>4</idCode>
        <idValue>4th Carrier after Origin Carrier</idValue>
    <idCode>5</idCode>
        <idValue>5th Carrier after Origin Carrier</idValue>
    <idCode>6</idCode>
        <idValue>6th Carrier after Origin Carrier</idValue>
    <idCode>7</idCode>
        <idValue>7th Carrier after Origin Carrier</idValue>
    <idCode>8</idCode>
        <idValue>8th Carrier after Origin Carrier</idValue>
    <idCode>9</idCode>
        <idValue>9th Carrier after Origin Carrier</idValue>
    <idCode>A</idCode>
        <idValue>Origin Carrier, Agent&apos;s Routing (Rail)</idValue>
    <idCode>B</idCode>
        <idValue>Origin/Delivery Carrier (Any Mode)</idValue>
    <idCode>D</idCode>
        <idValue>DELY (Delivery Switch Carrier)</idValue>
    <idCode>H</idCode>
        <idValue>Haulage Rights Carrier and Junction</idValue>
    <idCode>I</idCode>
        <idValue>Origin Switch Carrier</idValue>
    <idCode>JD</idCode>
        <idValue>Junction Settlement Carrier Following (Destination carrier receiving revenues resulting from junction contract)</idValue>
    <idCode>JO</idCode>
        <idValue>Junction Settlement Carrier Predecessor (Origin carrier receiving revenues resulting from junction contract)</idValue>
    <idCode>M</idCode>
        <idValue>Haulage Movement Carrier and Junction</idValue>
    <idCode>O</idCode>
        <idValue>Origin Carrier (Air, Motor, or Ocean)</idValue>
    <idCode>R</idCode>
        <idValue>Origin Carrier, Rule 11 Shipment</idValue>
    <idCode>S</idCode>
        <idValue>Origin Carrier, Shipper&apos;s Routing (Rail)</idValue>
    <idCode>V</idCode>
        <idValue>Intermediate Switch Carrier</idValue>
    <idCode>X</idCode>
        <idValue>Last Carrier in Route on Return Route Move</idValue>
    <idCode>Z</idCode>
        <idValue>Mutually Defined</idValue>
</idList>
