<?xml version="1.0" encoding="ISO-8859-1"?>
<!DOCTYPE idList SYSTEM "idList.dtd">
<!-- Revision 1.6.0 data/OBOE, docs,October 12, 2000, -->
<idList>
    <idCode>1</idCode>
        <idValue>Accepted</idValue>
    <idCode>2</idCode>
        <idValue>Accompanying goods</idValue>
    <idCode>3</idCode>
        <idValue>Conditionally accepted</idValue>
    <idCode>4</idCode>
        <idValue>To arrive by separate EDI message</idValue>
    <idCode>5</idCode>
        <idValue>Information only</idValue>
    <idCode>6</idCode>
        <idValue>To arrive by manual means</idValue>
    <idCode>7</idCode>
        <idValue>To be raised and sent</idValue>
    <idCode>8</idCode>
        <idValue>Rejected</idValue>
    <idCode>9</idCode>
        <idValue>To be printed</idValue>
    <idCode>10</idCode>
        <idValue>Document currently valid</idValue>
    <idCode>11</idCode>
        <idValue>Document not available</idValue>
    <idCode>12</idCode>
        <idValue>Document exhausted by declaration and attached</idValue>
    <idCode>13</idCode>
        <idValue>Document not exhausted by declaration and attached</idValue>
    <idCode>14</idCode>
        <idValue>Document exhausted by declaration and previously lodged</idValue>
    <idCode>15</idCode>
        <idValue>Document not exhausted by declaration and previously lodged</idValue>
    <idCode>16</idCode>
        <idValue>Document not attached</idValue>
    <idCode>17</idCode>
        <idValue>Document with the goods</idValue>
    <idCode>18</idCode>
        <idValue>Document attached, to be returned after endorsement</idValue>
    <idCode>19</idCode>
        <idValue>Document applied for</idValue>
    <idCode>20</idCode>
        <idValue>Received for shipment</idValue>
    <idCode>21</idCode>
        <idValue>Shipped on board</idValue>
    <idCode>22</idCode>
        <idValue>Status 0</idValue>
    <idCode>23</idCode>
        <idValue>Status 1</idValue>
    <idCode>24</idCode>
        <idValue>Status 2</idValue>
    <idCode>25</idCode>
        <idValue>Message under development</idValue>
    <idCode>26</idCode>
        <idValue>Document not freighted</idValue>
    <idCode>27</idCode>
        <idValue>Document freighted</idValue>
    <idCode>28</idCode>
        <idValue>Archived</idValue>
    <idCode>29</idCode>
        <idValue>Provisional</idValue>
    <idCode>30</idCode>
        <idValue>Documents enclosed in the first transmission</idValue>
    <idCode>31</idCode>
        <idValue>Documents enclosed in the second transmission</idValue>
</idList>
