<?xml version="1.0" encoding="UTF-8"?>
<!DOCTYPE transactionSet SYSTEM "transactionSetRules.dtd">
<!-- Revision 3.0.0 data/OBOE, docs, June 11, 2007, -->
<transactionSet name="Application Advice" id="824"
  revision="004010"
  functionalGroup="AG"
  description="This Draft Standard for Trial Use contains the format and establishes the data contents of the Application Advice Transaction Set (824) for use within the context of an Electronic Data Interchange (EDI) environment. The transaction set can be used to provide the ability to report the results of an application system&apos;s data content edits of transaction sets. The results of editing transaction sets can be reported at the functional group and transaction set level, in either coded or free-form format. It is designed to accommodate the business need of reporting the acceptance, rejection or acceptance with change of any transaction set. The Application Advice should not be used in place of a transaction set designed as a specific response to another transaction set (e.g., purchase order acknowledgment sent in response to a purchase order)."
  xmlTag="ApplicationAdvice">
    <table section="header">
        <segment name="Transaction Set Header" id="ST"
          description="To indicate the start of a transaction set and to assign a control number"
          sequence="10"
          occurs="1"
          required='M'
          xmlTag="TransactionSetHeader">
            <dataElement name="Transaction Set Identifier Code" id="143"
              sequence="1"
              description="Code uniquely identifying a Transaction Set"
              type="ID" required="M"
              minLength="3" maxLength="3"
              xmlTag="transactionSetIdentifierCode">
              <idListFile fileName="IDList143.xml"/>
            </dataElement>
            <dataElement name="Transaction Set Control Number" id="329"
              sequence="2"
              description="Identifying control number that must be unique within the transaction set functional group assigned by the originator for a transaction set"
              type="AN" required="M"
              minLength="4" maxLength="9"
              xmlTag="transactionSetControlNumber"/>
        </segment>
        <segment name="Beginning Segment" id="BGN"
          description="To indicate the beginning of a transaction set"
          sequence="20"
          occurs="1"
          required='M'
          xmlTag="BeginningSegment">
            <dataElement name="Transaction Set Purpose Code" id="353"
              sequence="1"
              description="Code identifying purpose of transaction set"
              type="ID" required="M"
              minLength="2" maxLength="2"
              xmlTag="transactionSetPurposeCode">
              <idListFile fileName="IDList353.xml"/>
            </dataElement>
            <dataElement name="Reference Identification" id="127"
              sequence="2"
              description="Reference information as defined for a particular Transaction Set or as specified by the Reference Identification Qualifier"
              type="AN" required="M"
              minLength="1" maxLength="30"
              xmlTag="referenceIdentification"/>
            <dataElement name="Date" id="373"
              sequence="3"
              description="Date expressed as CCYYMMDD"
              type="DT" required="M"
              minLength="8" maxLength="8"
              xmlTag="date"/>
            <dataElement name="Time" id="337"
              sequence="4"
              description="Time expressed in 24-hour clock time as follows: HHMM, or HHMMSS, or HHMMSSD, or HHMMSSDD, where H = hours (00-23), M = minutes (00-59), S = integer seconds (00-59) and DD = decimal seconds; decimal seconds are expressed as follows: D = tenths (0-9) and DD = hundredths (00-99)"
              type="TM" required="X"
              minLength="4" maxLength="8"
              xmlTag="time"/>
            <dataElement name="Time Code" id="623"
              sequence="5"
              description="Code identifying the time. In accordance with International Standards Organization standard 8601, time can be specified by a + or - and an indication in hours in relation to Universal Time Coordinate (UTC) time; since + is a restricted character, + and - are substituted by P and M in the codes that follow"
              type="ID" required="O"
              minLength="2" maxLength="2"
              xmlTag="timeCode">
              <idListFile fileName="IDList623.xml"/>
            </dataElement>
            <dataElement name="Reference Identification" id="127"
              sequence="6"
              description="Reference information as defined for a particular Transaction Set or as specified by the Reference Identification Qualifier"
              type="AN" required="O"
              minLength="1" maxLength="30"
              xmlTag="referenceIdentification"/>
            <dataElement name="Transaction Type Code" id="640"
              sequence="7"
              description="Code specifying the type of transaction"
              type="ID" required="O"
              minLength="2" maxLength="2"
              xmlTag="transactionTypeCode">
              <idListFile fileName="IDList640.xml"/>
            </dataElement>
            <dataElement name="Action Code" id="306"
              sequence="8"
              description="Code indicating type of action"
              type="ID" required="O"
              minLength="1" maxLength="2"
              xmlTag="actionCode">
              <idListFile fileName="IDList306.xml"/>
            </dataElement>
            <dataElement name="Security Level Code" id="786"
              sequence="9"
              description="Code indicating the level of confidentiality assigned by the sender to the information following"
              type="ID" required="O"
              minLength="2" maxLength="2"
              xmlTag="securityLevelCode">
              <idListFile fileName="IDList786.xml"/>
            </dataElement>
        </segment>
        <loop  name="Name" id="N1"
          occurs="-1"
          required='O'
          xmlTag="Name">
            <segment name="Name" id="N1"
              description="To identify a party by type of organization, name, and code"
              sequence="30"
              occurs="1"
              required='O'
              xmlTag="Name">
                <dataElement name="Entity Identifier Code" id="98"
                  sequence="1"
                  description="Code identifying an organizational entity, a physical location, property or an individual"
                  type="ID" required="M"
                  minLength="2" maxLength="3"
                  xmlTag="entityIdentifierCode">
                  <idListFile fileName="IDList98.xml"/>
                </dataElement>
                <dataElement name="Name" id="93"
                  sequence="2"
                  description="Free-form name"
                  type="AN" required="X"
                  minLength="1" maxLength="60"
                  xmlTag="name"/>
                <dataElement name="Identification Code Qualifier" id="66"
                  sequence="3"
                  description="Code designating the system/method of code structure used for Identification Code (67)"
                  type="ID" required="X"
                  minLength="1" maxLength="2"
                  xmlTag="identificationCodeQualifier">
                  <idListFile fileName="IDList66.xml"/>
                </dataElement>
                <dataElement name="Identification Code" id="67"
                  sequence="4"
                  description="Code identifying a party or other code"
                  type="AN" required="X"
                  minLength="2" maxLength="80"
                  xmlTag="identificationCode"/>
                <dataElement name="Entity Relationship Code" id="706"
                  sequence="5"
                  description="Code describing entity relationship"
                  type="ID" required="O"
                  minLength="2" maxLength="2"
                  xmlTag="entityRelationshipCode">
                  <idListFile fileName="IDList706.xml"/>
                </dataElement>
                <dataElement name="Entity Identifier Code" id="98"
                  sequence="6"
                  description="Code identifying an organizational entity, a physical location, property or an individual"
                  type="ID" required="O"
                  minLength="2" maxLength="3"
                  xmlTag="entityIdentifierCode">
                  <idListFile fileName="IDList98.xml"/>
                </dataElement>
            </segment>
            <segment name="Additional Name Information" id="N2"
              description="To specify additional names or those longer than 35 characters in length"
              sequence="40"
              occurs="2"
              required='O'
              xmlTag="AdditionalNameInformation">
                <dataElement name="Name" id="93"
                  sequence="1"
                  description="Free-form name"
                  type="AN" required="M"
                  minLength="1" maxLength="60"
                  xmlTag="name"/>
                <dataElement name="Name" id="93"
                  sequence="2"
                  description="Free-form name"
                  type="AN" required="O"
                  minLength="1" maxLength="60"
                  xmlTag="name"/>
            </segment>
            <segment name="Address Information" id="N3"
              description="To specify the location of the named party"
              sequence="50"
              occurs="2"
              required='O'
              xmlTag="AddressInformation">
                <dataElement name="Address Information" id="166"
                  sequence="1"
                  description="Address information"
                  type="AN" required="M"
                  minLength="1" maxLength="55"
                  xmlTag="addressInformation"/>
                <dataElement name="Address Information" id="166"
                  sequence="2"
                  description="Address information"
                  type="AN" required="O"
                  minLength="1" maxLength="55"
                  xmlTag="addressInformation"/>
            </segment>
            <segment name="Geographic Location" id="N4"
              description="To specify the geographic place of the named party"
              sequence="60"
              occurs="1"
              required='O'
              xmlTag="GeographicLocation">
                <dataElement name="City Name" id="19"
                  sequence="1"
                  description="Free-form text for city name"
                  type="AN" required="O"
                  minLength="2" maxLength="30"
                  xmlTag="cityName"/>
                <dataElement name="State or Province Code" id="156"
                  sequence="2"
                  description="Code (Standard State/Province) as defined by appropriate government agency"
                  type="ID" required="O"
                  minLength="2" maxLength="2"
                  xmlTag="stateOrProvinceCode"/>
                <dataElement name="Postal Code" id="116"
                  sequence="3"
                  description="Code defining international postal zone code excluding punctuation and blanks (zip code for United States)"
                  type="ID" required="O"
                  minLength="3" maxLength="15"
                  xmlTag="postalCode"/>
                <dataElement name="Country Code" id="26"
                  sequence="4"
                  description="Code identifying the country"
                  type="ID" required="O"
                  minLength="2" maxLength="3"
                  xmlTag="countryCode"/>
                <dataElement name="Location Qualifier" id="309"
                  sequence="5"
                  description="Code identifying type of location"
                  type="ID" required="X"
                  minLength="1" maxLength="2"
                  xmlTag="locationQualifier">
                  <idListFile fileName="IDList309.xml"/>
                </dataElement>
                <dataElement name="Location Identifier" id="310"
                  sequence="6"
                  description="Code which identifies a specific location"
                  type="AN" required="O"
                  minLength="1" maxLength="30"
                  xmlTag="locationIdentifier"/>
            </segment>
            <segment name="Reference Identification" id="REF"
              description="To specify identifying information"
              sequence="70"
              occurs="12"
              required='O'
              xmlTag="ReferenceIdentification">
                <dataElement name="Reference Identification Qualifier" id="128"
                  sequence="1"
                  description="Code qualifying the Reference Identification"
                  type="ID" required="M"
                  minLength="2" maxLength="3"
                  xmlTag="referenceIdentificationQualifier">
                  <idListFile fileName="IDList128.xml"/>
                </dataElement>
                <dataElement name="Reference Identification" id="127"
                  sequence="2"
                  description="Reference information as defined for a particular Transaction Set or as specified by the Reference Identification Qualifier"
                  type="AN" required="X"
                  minLength="1" maxLength="30"
                  xmlTag="referenceIdentification"/>
                <dataElement name="Description" id="352"
                  sequence="3"
                  description="A free-form description to clarify the related data elements and their content"
                  type="AN" required="X"
                  minLength="1" maxLength="80"
                  xmlTag="description"/>
                <compositeDE name="Reference Identifier" id="C040"
                  sequence="4"
                  xmlTag="referenceIdentifier">
                    <dataElement name="Reference Identification Qualifier" id="128"
                      sequence="1"
                      description="Code qualifying the Reference Identification"
                      type="ID" required="M"
                      minLength="2" maxLength="3"
                      xmlTag="referenceIdentificationQualifier">
                      <idListFile fileName="IDList128.xml"/>
                    </dataElement>
                    <dataElement name="Reference Identification" id="127"
                      sequence="2"
                      description="Reference information as defined for a particular Transaction Set or as specified by the Reference Identification Qualifier"
                      type="AN" required="M"
                      minLength="1" maxLength="30"
                      xmlTag="referenceIdentification"/>
                    <dataElement name="Reference Identification Qualifier" id="128"
                      sequence="3"
                      description="Code qualifying the Reference Identification"
                      type="ID" required="X"
                      minLength="2" maxLength="3"
                      xmlTag="referenceIdentificationQualifier">
                      <idListFile fileName="IDList128.xml"/>
                    </dataElement>
                    <dataElement name="Reference Identification" id="127"
                      sequence="4"
                      description="Reference information as defined for a particular Transaction Set or as specified by the Reference Identification Qualifier"
                      type="AN" required="X"
                      minLength="1" maxLength="30"
                      xmlTag="referenceIdentification"/>
                    <dataElement name="Reference Identification Qualifier" id="128"
                      sequence="5"
                      description="Code qualifying the Reference Identification"
                      type="ID" required="X"
                      minLength="2" maxLength="3"
                      xmlTag="referenceIdentificationQualifier">
                      <idListFile fileName="IDList128.xml"/>
                    </dataElement>
                    <dataElement name="Reference Identification" id="127"
                      sequence="6"
                      description="Reference information as defined for a particular Transaction Set or as specified by the Reference Identification Qualifier"
                      type="AN" required="X"
                      minLength="1" maxLength="30"
                      xmlTag="referenceIdentification"/>
                </compositeDE>
            </segment>
            <segment name="Administrative Communications Contact" id="PER"
              description="To identify a person or office to whom administrative communications should be directed"
              sequence="80"
              occurs="3"
              required='O'
              xmlTag="AdministrativeCommunicationsContact">
                <dataElement name="Contact Function Code" id="366"
                  sequence="1"
                  description="Code identifying the major duty or responsibility of the person or group named"
                  type="ID" required="M"
                  minLength="2" maxLength="2"
                  xmlTag="contactFunctionCode">
                  <idListFile fileName="IDList366.xml"/>
                </dataElement>
                <dataElement name="Name" id="93"
                  sequence="2"
                  description="Free-form name"
                  type="AN" required="O"
                  minLength="1" maxLength="60"
                  xmlTag="name"/>
                <dataElement name="Communication Number Qualifier" id="365"
                  sequence="3"
                  description="Code identifying the type of communication number"
                  type="ID" required="X"
                  minLength="2" maxLength="2"
                  xmlTag="communicationNumberQualifier">
                  <idListFile fileName="IDList365.xml"/>
                </dataElement>
                <dataElement name="Communication Number" id="364"
                  sequence="4"
                  description="Complete communications number including country or area code when applicable"
                  type="AN" required="X"
                  minLength="1" maxLength="80"
                  xmlTag="communicationNumber"/>
                <dataElement name="Communication Number Qualifier" id="365"
                  sequence="5"
                  description="Code identifying the type of communication number"
                  type="ID" required="X"
                  minLength="2" maxLength="2"
                  xmlTag="communicationNumberQualifier">
                  <idListFile fileName="IDList365.xml"/>
                </dataElement>
                <dataElement name="Communication Number" id="364"
                  sequence="6"
                  description="Complete communications number including country or area code when applicable"
                  type="AN" required="X"
                  minLength="1" maxLength="80"
                  xmlTag="communicationNumber"/>
                <dataElement name="Communication Number Qualifier" id="365"
                  sequence="7"
                  description="Code identifying the type of communication number"
                  type="ID" required="X"
                  minLength="2" maxLength="2"
                  xmlTag="communicationNumberQualifier">
                  <idListFile fileName="IDList365.xml"/>
                </dataElement>
                <dataElement name="Communication Number" id="364"
                  sequence="8"
                  description="Complete communications number including country or area code when applicable"
                  type="AN" required="X"
                  minLength="1" maxLength="80"
                  xmlTag="communicationNumber"/>
                <dataElement name="Contact Inquiry Reference" id="443"
                  sequence="9"
                  description="Additional reference number or description to clarify a contact number"
                  type="AN" required="O"
                  minLength="1" maxLength="20"
                  xmlTag="contactInquiryReference"/>
            </segment>
        </loop>
    </table>
    <table section="detail">
        <loop  name="Original Transaction Identification" id="OTI"
          occurs="-1"
          required='M'
          xmlTag="OriginalTransactionIdentification">
            <segment name="Original Transaction Identification" id="OTI"
              description="To identify the edited transaction set and the level at which the results of the edit are reported, and to indicate the accepted, rejected, or accepted-with-change edit result"
              sequence="10"
              occurs="1"
              required='M'
              xmlTag="OriginalTransactionIdentification">
                <dataElement name="Application Acknowledgment Code" id="110"
                  sequence="1"
                  description="Code indicating the application system edit results of the business data"
                  type="ID" required="M"
                  minLength="1" maxLength="2"
                  xmlTag="applicationAcknowledgmentCode">
                  <idListFile fileName="IDList110.xml"/>
                </dataElement>
                <dataElement name="Reference Identification Qualifier" id="128"
                  sequence="2"
                  description="Code qualifying the Reference Identification"
                  type="ID" required="M"
                  minLength="2" maxLength="3"
                  xmlTag="referenceIdentificationQualifier">
                  <idListFile fileName="IDList128.xml"/>
                </dataElement>
                <dataElement name="Reference Identification" id="127"
                  sequence="3"
                  description="Reference information as defined for a particular Transaction Set or as specified by the Reference Identification Qualifier"
                  type="AN" required="M"
                  minLength="1" maxLength="30"
                  xmlTag="referenceIdentification"/>
                <dataElement name="Application Sender&apos;s Code" id="142"
                  sequence="4"
                  description="Code identifying party sending transmission; codes agreed to by trading partners"
                  type="AN" required="O"
                  minLength="2" maxLength="15"
                  xmlTag="applicationSenderSCode"/>
                <dataElement name="Application Receiver&apos;s Code" id="124"
                  sequence="5"
                  description="Code identifying party receiving transmission; codes agreed to by trading partners"
                  type="AN" required="O"
                  minLength="2" maxLength="15"
                  xmlTag="applicationReceiverSCode"/>
                <dataElement name="Date" id="373"
                  sequence="6"
                  description="Date expressed as CCYYMMDD"
                  type="DT" required="O"
                  minLength="8" maxLength="8"
                  xmlTag="date"/>
                <dataElement name="Time" id="337"
                  sequence="7"
                  description="Time expressed in 24-hour clock time as follows: HHMM, or HHMMSS, or HHMMSSD, or HHMMSSDD, where H = hours (00-23), M = minutes (00-59), S = integer seconds (00-59) and DD = decimal seconds; decimal seconds are expressed as follows: D = tenths (0-9) and DD = hundredths (00-99)"
                  type="TM" required="O"
                  minLength="4" maxLength="8"
                  xmlTag="time"/>
                <dataElement name="Group Control Number" id="28"
                  sequence="8"
                  description="Assigned number originated and maintained by the sender"
                  type="N0" required="X"
                  minLength="1" maxLength="9"
                  xmlTag="groupControlNumber"/>
                <dataElement name="Transaction Set Control Number" id="329"
                  sequence="9"
                  description="Identifying control number that must be unique within the transaction set functional group assigned by the originator for a transaction set"
                  type="AN" required="O"
                  minLength="4" maxLength="9"
                  xmlTag="transactionSetControlNumber"/>
                <dataElement name="Transaction Set Identifier Code" id="143"
                  sequence="10"
                  description="Code uniquely identifying a Transaction Set"
                  type="ID" required="O"
                  minLength="3" maxLength="3"
                  xmlTag="transactionSetIdentifierCode">
                  <idListFile fileName="IDList143.xml"/>
                </dataElement>
                <dataElement name="Version / Release / Industry Identifier Code" id="480"
                  sequence="11"
                  description="Code indicating the version, release, subrelease, and industry identifier of the EDI standard being used, including the GS and GE segments; if code in DE455 in GS segment is X, then in DE 480 positions 1-3 are the version number; positions 4-6 are the release and subrelease, level of the version; and positions 7-12 are the industry or trade association identifiers (optionally assigned by user); if code in DE455 in GS segment is T, then other formats are allowed"
                  type="AN" required="O"
                  minLength="1" maxLength="12"
                  xmlTag="versionReleaseIndustryIdentifierCode">
                  <idListFile fileName="IDList480.xml"/>
                </dataElement>
                <dataElement name="Transaction Set Purpose Code" id="353"
                  sequence="12"
                  description="Code identifying purpose of transaction set"
                  type="ID" required="O"
                  minLength="2" maxLength="2"
                  xmlTag="transactionSetPurposeCode">
                  <idListFile fileName="IDList353.xml"/>
                </dataElement>
                <dataElement name="Transaction Type Code" id="640"
                  sequence="13"
                  description="Code specifying the type of transaction"
                  type="ID" required="O"
                  minLength="2" maxLength="2"
                  xmlTag="transactionTypeCode">
                  <idListFile fileName="IDList640.xml"/>
                </dataElement>
                <dataElement name="Application Type" id="346"
                  sequence="14"
                  description="Code identifying an application"
                  type="ID" required="O"
                  minLength="2" maxLength="2"
                  xmlTag="applicationType">
                  <idListFile fileName="IDList346.xml"/>
                </dataElement>
                <dataElement name="Action Code" id="306"
                  sequence="15"
                  description="Code indicating type of action"
                  type="ID" required="O"
                  minLength="1" maxLength="2"
                  xmlTag="actionCode">
                  <idListFile fileName="IDList306.xml"/>
                </dataElement>
                <dataElement name="Transaction Handling Code" id="305"
                  sequence="16"
                  description="Code designating the action to be taken by all parties"
                  type="ID" required="O"
                  minLength="1" maxLength="2"
                  xmlTag="transactionHandlingCode">
                  <idListFile fileName="IDList305.xml"/>
                </dataElement>
                <dataElement name="Status Reason Code" id="641"
                  sequence="17"
                  description="Code indicating the status reason"
                  type="ID" required="O"
                  minLength="3" maxLength="3"
                  xmlTag="statusReasonCode">
                  <idListFile fileName="IDList641.xml"/>
                </dataElement>
            </segment>
            <segment name="Reference Identification" id="REF"
              description="To specify identifying information"
              sequence="20"
              occurs="12"
              required='O'
              xmlTag="ReferenceIdentification">
                <dataElement name="Reference Identification Qualifier" id="128"
                  sequence="1"
                  description="Code qualifying the Reference Identification"
                  type="ID" required="M"
                  minLength="2" maxLength="3"
                  xmlTag="referenceIdentificationQualifier">
                  <idListFile fileName="IDList128.xml"/>
                </dataElement>
                <dataElement name="Reference Identification" id="127"
                  sequence="2"
                  description="Reference information as defined for a particular Transaction Set or as specified by the Reference Identification Qualifier"
                  type="AN" required="X"
                  minLength="1" maxLength="30"
                  xmlTag="referenceIdentification"/>
                <dataElement name="Description" id="352"
                  sequence="3"
                  description="A free-form description to clarify the related data elements and their content"
                  type="AN" required="X"
                  minLength="1" maxLength="80"
                  xmlTag="description"/>
                <compositeDE name="Reference Identifier" id="C040"
                  sequence="4"
                  xmlTag="referenceIdentifier">
                    <dataElement name="Reference Identification Qualifier" id="128"
                      sequence="1"
                      description="Code qualifying the Reference Identification"
                      type="ID" required="M"
                      minLength="2" maxLength="3"
                      xmlTag="referenceIdentificationQualifier">
                      <idListFile fileName="IDList128.xml"/>
                    </dataElement>
                    <dataElement name="Reference Identification" id="127"
                      sequence="2"
                      description="Reference information as defined for a particular Transaction Set or as specified by the Reference Identification Qualifier"
                      type="AN" required="M"
                      minLength="1" maxLength="30"
                      xmlTag="referenceIdentification"/>
                    <dataElement name="Reference Identification Qualifier" id="128"
                      sequence="3"
                      description="Code qualifying the Reference Identification"
                      type="ID" required="X"
                      minLength="2" maxLength="3"
                      xmlTag="referenceIdentificationQualifier">
                      <idListFile fileName="IDList128.xml"/>
                    </dataElement>
                    <dataElement name="Reference Identification" id="127"
                      sequence="4"
                      description="Reference information as defined for a particular Transaction Set or as specified by the Reference Identification Qualifier"
                      type="AN" required="X"
                      minLength="1" maxLength="30"
                      xmlTag="referenceIdentification"/>
                    <dataElement name="Reference Identification Qualifier" id="128"
                      sequence="5"
                      description="Code qualifying the Reference Identification"
                      type="ID" required="X"
                      minLength="2" maxLength="3"
                      xmlTag="referenceIdentificationQualifier">
                      <idListFile fileName="IDList128.xml"/>
                    </dataElement>
                    <dataElement name="Reference Identification" id="127"
                      sequence="6"
                      description="Reference information as defined for a particular Transaction Set or as specified by the Reference Identification Qualifier"
                      type="AN" required="X"
                      minLength="1" maxLength="30"
                      xmlTag="referenceIdentification"/>
                </compositeDE>
            </segment>
            <segment name="Date/Time Reference" id="DTM"
              description="To specify pertinent dates and times"
              sequence="30"
              occurs="2"
              required='O'
              xmlTag="DateTimeReference">
                <dataElement name="Date/Time Qualifier" id="374"
                  sequence="1"
                  description="Code specifying type of date or time, or both date and time"
                  type="ID" required="M"
                  minLength="3" maxLength="3"
                  xmlTag="dateTimeQualifier">
                  <idListFile fileName="IDList374.xml"/>
                </dataElement>
                <dataElement name="Date" id="373"
                  sequence="2"
                  description="Date expressed as CCYYMMDD"
                  type="DT" required="X"
                  minLength="8" maxLength="8"
                  xmlTag="date"/>
                <dataElement name="Time" id="337"
                  sequence="3"
                  description="Time expressed in 24-hour clock time as follows: HHMM, or HHMMSS, or HHMMSSD, or HHMMSSDD, where H = hours (00-23), M = minutes (00-59), S = integer seconds (00-59) and DD = decimal seconds; decimal seconds are expressed as follows: D = tenths (0-9) and DD = hundredths (00-99)"
                  type="TM" required="X"
                  minLength="4" maxLength="8"
                  xmlTag="time"/>
                <dataElement name="Time Code" id="623"
                  sequence="4"
                  description="Code identifying the time. In accordance with International Standards Organization standard 8601, time can be specified by a + or - and an indication in hours in relation to Universal Time Coordinate (UTC) time; since + is a restricted character, + and - are substituted by P and M in the codes that follow"
                  type="ID" required="O"
                  minLength="2" maxLength="2"
                  xmlTag="timeCode">
                  <idListFile fileName="IDList623.xml"/>
                </dataElement>
                <dataElement name="Date Time Period Format Qualifier" id="1250"
                  sequence="5"
                  description="Code indicating the date format, time format, or date and time format"
                  type="ID" required="X"
                  minLength="2" maxLength="3"
                  xmlTag="dateTimePeriodFormatQualifier">
                  <idListFile fileName="IDList1250.xml"/>
                </dataElement>
                <dataElement name="Date Time Period" id="1251"
                  sequence="6"
                  description="Expression of a date, a time, or range of dates, times or dates and times"
                  type="AN" required="X"
                  minLength="1" maxLength="35"
                  xmlTag="dateTimePeriod"/>
            </segment>
            <segment name="Administrative Communications Contact" id="PER"
              description="To identify a person or office to whom administrative communications should be directed"
              sequence="40"
              occurs="3"
              required='O'
              xmlTag="AdministrativeCommunicationsContact">
                <dataElement name="Contact Function Code" id="366"
                  sequence="1"
                  description="Code identifying the major duty or responsibility of the person or group named"
                  type="ID" required="M"
                  minLength="2" maxLength="2"
                  xmlTag="contactFunctionCode">
                  <idListFile fileName="IDList366.xml"/>
                </dataElement>
                <dataElement name="Name" id="93"
                  sequence="2"
                  description="Free-form name"
                  type="AN" required="O"
                  minLength="1" maxLength="60"
                  xmlTag="name"/>
                <dataElement name="Communication Number Qualifier" id="365"
                  sequence="3"
                  description="Code identifying the type of communication number"
                  type="ID" required="X"
                  minLength="2" maxLength="2"
                  xmlTag="communicationNumberQualifier">
                  <idListFile fileName="IDList365.xml"/>
                </dataElement>
                <dataElement name="Communication Number" id="364"
                  sequence="4"
                  description="Complete communications number including country or area code when applicable"
                  type="AN" required="X"
                  minLength="1" maxLength="80"
                  xmlTag="communicationNumber"/>
                <dataElement name="Communication Number Qualifier" id="365"
                  sequence="5"
                  description="Code identifying the type of communication number"
                  type="ID" required="X"
                  minLength="2" maxLength="2"
                  xmlTag="communicationNumberQualifier">
                  <idListFile fileName="IDList365.xml"/>
                </dataElement>
                <dataElement name="Communication Number" id="364"
                  sequence="6"
                  description="Complete communications number including country or area code when applicable"
                  type="AN" required="X"
                  minLength="1" maxLength="80"
                  xmlTag="communicationNumber"/>
                <dataElement name="Communication Number Qualifier" id="365"
                  sequence="7"
                  description="Code identifying the type of communication number"
                  type="ID" required="X"
                  minLength="2" maxLength="2"
                  xmlTag="communicationNumberQualifier">
                  <idListFile fileName="IDList365.xml"/>
                </dataElement>
                <dataElement name="Communication Number" id="364"
                  sequence="8"
                  description="Complete communications number including country or area code when applicable"
                  type="AN" required="X"
                  minLength="1" maxLength="80"
                  xmlTag="communicationNumber"/>
                <dataElement name="Contact Inquiry Reference" id="443"
                  sequence="9"
                  description="Additional reference number or description to clarify a contact number"
                  type="AN" required="O"
                  minLength="1" maxLength="20"
                  xmlTag="contactInquiryReference"/>
            </segment>
            <segment name="Monetary Amount" id="AMT"
              description="To indicate the total monetary amount"
              sequence="50"
              occurs="-1"
              required='O'
              xmlTag="MonetaryAmount">
                <dataElement name="Amount Qualifier Code" id="522"
                  sequence="1"
                  description="Code to qualify amount"
                  type="ID" required="M"
                  minLength="1" maxLength="3"
                  xmlTag="amountQualifierCode">
                  <idListFile fileName="IDList522.xml"/>
                </dataElement>
                <dataElement name="Monetary Amount" id="782"
                  sequence="2"
                  description="Monetary amount"
                  type="R" required="M"
                  minLength="1" maxLength="18"
                  xmlTag="monetaryAmount"/>
                <dataElement name="Credit/Debit Flag Code" id="478"
                  sequence="3"
                  description="Code indicating whether amount is a credit or debit"
                  type="ID" required="O"
                  minLength="1" maxLength="1"
                  xmlTag="creditDebitFlagCode">
                  <idListFile fileName="IDList478.xml"/>
                </dataElement>
            </segment>
            <segment name="Quantity" id="QTY"
              description="To specify quantity information"
              sequence="60"
              occurs="-1"
              required='O'
              xmlTag="Quantity">
                <dataElement name="Quantity Qualifier" id="673"
                  sequence="1"
                  description="Code specifying the type of quantity"
                  type="ID" required="M"
                  minLength="2" maxLength="2"
                  xmlTag="quantityQualifier">
                  <idListFile fileName="IDList673.xml"/>
                </dataElement>
                <dataElement name="Quantity" id="380"
                  sequence="2"
                  description="Numeric value of quantity"
                  type="R" required="X"
                  minLength="1" maxLength="15"
                  xmlTag="quantity"/>
                <compositeDE name="Composite Unit of Measure" id="C001"
                  sequence="3"
                  xmlTag="compositeUnitOfMeasure">
                    <dataElement name="Unit or Basis for Measurement Code" id="355"
                      sequence="1"
                      description="Code specifying the units in which a value is being expressed, or manner in which a measurement has been taken"
                      type="ID" required="M"
                      minLength="2" maxLength="2"
                      xmlTag="unitOrBasisForMeasurementCode">
                      <idListFile fileName="IDList355.xml"/>
                    </dataElement>
                    <dataElement name="Exponent" id="1018"
                      sequence="2"
                      description="Power to which a unit is raised"
                      type="R" required="O"
                      minLength="1" maxLength="15"
                      xmlTag="exponent"/>
                    <dataElement name="Multiplier" id="649"
                      sequence="3"
                      description="Value to be used as a multiplier to obtain a new value"
                      type="R" required="O"
                      minLength="1" maxLength="10"
                      xmlTag="multiplier"/>
                    <dataElement name="Unit or Basis for Measurement Code" id="355"
                      sequence="4"
                      description="Code specifying the units in which a value is being expressed, or manner in which a measurement has been taken"
                      type="ID" required="O"
                      minLength="2" maxLength="2"
                      xmlTag="unitOrBasisForMeasurementCode">
                      <idListFile fileName="IDList355.xml"/>
                    </dataElement>
                    <dataElement name="Exponent" id="1018"
                      sequence="5"
                      description="Power to which a unit is raised"
                      type="R" required="O"
                      minLength="1" maxLength="15"
                      xmlTag="exponent"/>
                    <dataElement name="Multiplier" id="649"
                      sequence="6"
                      description="Value to be used as a multiplier to obtain a new value"
                      type="R" required="O"
                      minLength="1" maxLength="10"
                      xmlTag="multiplier"/>
                    <dataElement name="Unit or Basis for Measurement Code" id="355"
                      sequence="7"
                      description="Code specifying the units in which a value is being expressed, or manner in which a measurement has been taken"
                      type="ID" required="O"
                      minLength="2" maxLength="2"
                      xmlTag="unitOrBasisForMeasurementCode">
                      <idListFile fileName="IDList355.xml"/>
                    </dataElement>
                    <dataElement name="Exponent" id="1018"
                      sequence="8"
                      description="Power to which a unit is raised"
                      type="R" required="O"
                      minLength="1" maxLength="15"
                      xmlTag="exponent"/>
                    <dataElement name="Multiplier" id="649"
                      sequence="9"
                      description="Value to be used as a multiplier to obtain a new value"
                      type="R" required="O"
                      minLength="1" maxLength="10"
                      xmlTag="multiplier"/>
                    <dataElement name="Unit or Basis for Measurement Code" id="355"
                      sequence="10"
                      description="Code specifying the units in which a value is being expressed, or manner in which a measurement has been taken"
                      type="ID" required="O"
                      minLength="2" maxLength="2"
                      xmlTag="unitOrBasisForMeasurementCode">
                      <idListFile fileName="IDList355.xml"/>
                    </dataElement>
                    <dataElement name="Exponent" id="1018"
                      sequence="11"
                      description="Power to which a unit is raised"
                      type="R" required="O"
                      minLength="1" maxLength="15"
                      xmlTag="exponent"/>
                    <dataElement name="Multiplier" id="649"
                      sequence="12"
                      description="Value to be used as a multiplier to obtain a new value"
                      type="R" required="O"
                      minLength="1" maxLength="10"
                      xmlTag="multiplier"/>
                    <dataElement name="Unit or Basis for Measurement Code" id="355"
                      sequence="13"
                      description="Code specifying the units in which a value is being expressed, or manner in which a measurement has been taken"
                      type="ID" required="O"
                      minLength="2" maxLength="2"
                      xmlTag="unitOrBasisForMeasurementCode">
                      <idListFile fileName="IDList355.xml"/>
                    </dataElement>
                    <dataElement name="Exponent" id="1018"
                      sequence="14"
                      description="Power to which a unit is raised"
                      type="R" required="O"
                      minLength="1" maxLength="15"
                      xmlTag="exponent"/>
                    <dataElement name="Multiplier" id="649"
                      sequence="15"
                      description="Value to be used as a multiplier to obtain a new value"
                      type="R" required="O"
                      minLength="1" maxLength="10"
                      xmlTag="multiplier"/>
                </compositeDE>
                <dataElement name="Free-Form Message" id="61"
                  sequence="4"
                  description="Free-form information"
                  type="AN" required="X"
                  minLength="1" maxLength="30"
                  xmlTag="freeFormMessage"/>
            </segment>
            <segment name="Individual or Organizational Name" id="NM1"
              description="To supply the full name of an individual or organizational entity"
              sequence="65"
              occurs="9"
              required='O'
              xmlTag="IndividualOrOrganizationalName">
                <dataElement name="Entity Identifier Code" id="98"
                  sequence="1"
                  description="Code identifying an organizational entity, a physical location, property or an individual"
                  type="ID" required="M"
                  minLength="2" maxLength="3"
                  xmlTag="entityIdentifierCode">
                  <idListFile fileName="IDList98.xml"/>
                </dataElement>
                <dataElement name="Entity Type Qualifier" id="1065"
                  sequence="2"
                  description="Code qualifying the type of entity"
                  type="ID" required="M"
                  minLength="1" maxLength="1"
                  xmlTag="entityTypeQualifier">
                  <idListFile fileName="IDList1065.xml"/>
                </dataElement>
                <dataElement name="Name Last or Organization Name" id="1035"
                  sequence="3"
                  description="Individual last name or organizational name"
                  type="AN" required="O"
                  minLength="1" maxLength="35"
                  xmlTag="nameLastOrOrganizationName"/>
                <dataElement name="Name First" id="1036"
                  sequence="4"
                  description="Individual first name"
                  type="AN" required="O"
                  minLength="1" maxLength="25"
                  xmlTag="nameFirst"/>
                <dataElement name="Name Middle" id="1037"
                  sequence="5"
                  description="Individual middle name or initial"
                  type="AN" required="O"
                  minLength="1" maxLength="25"
                  xmlTag="nameMiddle"/>
                <dataElement name="Name Prefix" id="1038"
                  sequence="6"
                  description="Prefix to individual name"
                  type="AN" required="O"
                  minLength="1" maxLength="10"
                  xmlTag="namePrefix"/>
                <dataElement name="Name Suffix" id="1039"
                  sequence="7"
                  description="Suffix to individual name"
                  type="AN" required="O"
                  minLength="1" maxLength="10"
                  xmlTag="nameSuffix"/>
                <dataElement name="Identification Code Qualifier" id="66"
                  sequence="8"
                  description="Code designating the system/method of code structure used for Identification Code (67)"
                  type="ID" required="X"
                  minLength="1" maxLength="2"
                  xmlTag="identificationCodeQualifier">
                  <idListFile fileName="IDList66.xml"/>
                </dataElement>
                <dataElement name="Identification Code" id="67"
                  sequence="9"
                  description="Code identifying a party or other code"
                  type="AN" required="X"
                  minLength="2" maxLength="80"
                  xmlTag="identificationCode"/>
                <dataElement name="Entity Relationship Code" id="706"
                  sequence="10"
                  description="Code describing entity relationship"
                  type="ID" required="X"
                  minLength="2" maxLength="2"
                  xmlTag="entityRelationshipCode">
                  <idListFile fileName="IDList706.xml"/>
                </dataElement>
                <dataElement name="Entity Identifier Code" id="98"
                  sequence="11"
                  description="Code identifying an organizational entity, a physical location, property or an individual"
                  type="ID" required="O"
                  minLength="2" maxLength="3"
                  xmlTag="entityIdentifierCode">
                  <idListFile fileName="IDList98.xml"/>
                </dataElement>
            </segment>
            <loop  name="Technical Error Description" id="TED"
              occurs="-1"
              required='O'
              xmlTag="TechnicalErrorDescription">
                <segment name="Technical Error Description" id="TED"
                  description="To identify the error and, if feasible, the erroneous segment, or data element, or both"
                  sequence="70"
                  occurs="1"
                  required='O'
                  xmlTag="TechnicalErrorDescription">
                    <dataElement name="Application Error Condition Code" id="647"
                      sequence="1"
                      description="Code indicating application error condition"
                      type="ID" required="M"
                      minLength="1" maxLength="3"
                      xmlTag="applicationErrorConditionCode">
                      <idListFile fileName="IDList647.xml"/>
                    </dataElement>
                    <dataElement name="Free Form Message" id="3"
                      sequence="2"
                      description="Free-form text"
                      type="AN" required="O"
                      minLength="1" maxLength="60"
                      xmlTag="freeFormMessage"/>
                    <dataElement name="Segment ID Code" id="721"
                      sequence="3"
                      description="Code defining the segment ID of the data segment in error (See Appendix A - Number 77)"
                      type="ID" required="O"
                      minLength="2" maxLength="3"
                      xmlTag="segmentIdCode"/>
                    <dataElement name="Segment Position in Transaction Set" id="719"
                      sequence="4"
                      description="The numerical count position of this data segment from the start of the transaction set: the transaction set header is count position 1"
                      type="N0" required="O"
                      minLength="1" maxLength="6"
                      xmlTag="segmentPositionInTransactionSet"/>
                    <dataElement name="Element Position in Segment" id="722"
                      sequence="5"
                      description="This is used to indicate the relative position of a simple data element, or the relative position of a composite data structure with the relative position of the component within the composite data structure, in error; in the data segment the count starts with 1 for the simple data element or composite data structure immediately following the segment ID"
                      type="N0" required="O"
                      minLength="1" maxLength="2"
                      xmlTag="elementPositionInSegment"/>
                    <dataElement name="Data Element Reference Number" id="725"
                      sequence="6"
                      description="Reference number used to locate the data element in the Data Element Dictionary"
                      type="N0" required="O"
                      minLength="1" maxLength="4"
                      xmlTag="dataElementReferenceNumber"/>
                    <dataElement name="Copy of Bad Data Element" id="724"
                      sequence="7"
                      description="This is a copy of the data element in error"
                      type="AN" required="O"
                      minLength="1" maxLength="99"
                      xmlTag="copyOfBadDataElement"/>
                    <dataElement name="Data Element New Content" id="961"
                      sequence="8"
                      description="New data which has replaced erroneous data"
                      type="AN" required="O"
                      minLength="1" maxLength="99"
                      xmlTag="dataElementNewContent"/>
                </segment>
                <segment name="Note/Special Instruction" id="NTE"
                  description="To transmit information in a free-form format, if necessary, for comment or special instruction"
                  sequence="80"
                  occurs="100"
                  required='O'
                  xmlTag="NoteSpecialInstruction">
                    <dataElement name="Note Reference Code" id="363"
                      sequence="1"
                      description="Code identifying the functional area or purpose for which the note applies"
                      type="ID" required="O"
                      minLength="3" maxLength="3"
                      xmlTag="noteReferenceCode">
                      <idListFile fileName="IDList363.xml"/>
                    </dataElement>
                    <dataElement name="Description" id="352"
                      sequence="2"
                      description="A free-form description to clarify the related data elements and their content"
                      type="AN" required="M"
                      minLength="1" maxLength="80"
                      xmlTag="description"/>
                </segment>
                <segment name="Related Data" id="RED"
                  description="To provide business data related to an item within a transaction to which a business application editing process has been applied, and an error condition has resulted"
                  sequence="82"
                  occurs="100"
                  required='O'
                  xmlTag="RelatedData">
                    <dataElement name="Description" id="352"
                      sequence="1"
                      description="A free-form description to clarify the related data elements and their content"
                      type="AN" required="M"
                      minLength="1" maxLength="80"
                      xmlTag="description"/>
                    <dataElement name="Related Data Identification Code" id="1609"
                      sequence="2"
                      description="Code identifying the nature of data related to an application edit error condition"
                      type="ID" required="X"
                      minLength="2" maxLength="3"
                      xmlTag="relatedDataIdentificationCode">
                      <idListFile fileName="IDList1609.xml"/>
                    </dataElement>
                    <dataElement name="Agency Qualifier Code" id="559"
                      sequence="3"
                      description="Code identifying the agency assigning the code values"
                      type="ID" required="X"
                      minLength="2" maxLength="2"
                      xmlTag="agencyQualifierCode">
                      <idListFile fileName="IDList559.xml"/>
                    </dataElement>
                    <dataElement name="Source Subqualifier" id="822"
                      sequence="4"
                      description="A reference that indicates the table or text maintained by the Source Qualifier"
                      type="AN" required="O"
                      minLength="1" maxLength="15"
                      xmlTag="sourceSubqualifier"/>
                    <dataElement name="Code List Qualifier Code" id="1270"
                      sequence="5"
                      description="Code identifying a specific industry code list"
                      type="ID" required="X"
                      minLength="1" maxLength="3"
                      xmlTag="codeListQualifierCode">
                      <idListFile fileName="IDList1270.xml"/>
                    </dataElement>
                    <dataElement name="Industry Code" id="1271"
                      sequence="6"
                      description="Code indicating a code from a specific industry code list"
                      type="AN" required="X"
                      minLength="1" maxLength="30"
                      xmlTag="industryCode"/>
                </segment>
            </loop>
            <loop  name="Code Source Information" id="LM"
              occurs="-1"
              required='O'
              xmlTag="CodeSourceInformation">
                <segment name="Code Source Information" id="LM"
                  description="To transmit standard code list identification information"
                  sequence="85"
                  occurs="1"
                  required='O'
                  xmlTag="CodeSourceInformation">
                    <dataElement name="Agency Qualifier Code" id="559"
                      sequence="1"
                      description="Code identifying the agency assigning the code values"
                      type="ID" required="M"
                      minLength="2" maxLength="2"
                      xmlTag="agencyQualifierCode">
                      <idListFile fileName="IDList559.xml"/>
                    </dataElement>
                    <dataElement name="Source Subqualifier" id="822"
                      sequence="2"
                      description="A reference that indicates the table or text maintained by the Source Qualifier"
                      type="AN" required="O"
                      minLength="1" maxLength="15"
                      xmlTag="sourceSubqualifier"/>
                </segment>
                <loop  name="Industry Code" id="LQ"
                  occurs="100"
                  required='M'
                  xmlTag="IndustryCode">
                    <segment name="Industry Code" id="LQ"
                      description="Code to transmit standard industry codes"
                      sequence="86"
                      occurs="1"
                      required='M'
                      xmlTag="IndustryCode">
                        <dataElement name="Code List Qualifier Code" id="1270"
                          sequence="1"
                          description="Code identifying a specific industry code list"
                          type="ID" required="O"
                          minLength="1" maxLength="3"
                          xmlTag="codeListQualifierCode">
                          <idListFile fileName="IDList1270.xml"/>
                        </dataElement>
                        <dataElement name="Industry Code" id="1271"
                          sequence="2"
                          description="Code indicating a code from a specific industry code list"
                          type="AN" required="X"
                          minLength="1" maxLength="30"
                          xmlTag="industryCode"/>
                    </segment>
                    <segment name="Related Data" id="RED"
                      description="To provide business data related to an item within a transaction to which a business application editing process has been applied, and an error condition has resulted"
                      sequence="87"
                      occurs="100"
                      required='O'
                      xmlTag="RelatedData">
                        <dataElement name="Description" id="352"
                          sequence="1"
                          description="A free-form description to clarify the related data elements and their content"
                          type="AN" required="M"
                          minLength="1" maxLength="80"
                          xmlTag="description"/>
                        <dataElement name="Related Data Identification Code" id="1609"
                          sequence="2"
                          description="Code identifying the nature of data related to an application edit error condition"
                          type="ID" required="X"
                          minLength="2" maxLength="3"
                          xmlTag="relatedDataIdentificationCode">
                          <idListFile fileName="IDList1609.xml"/>
                        </dataElement>
                        <dataElement name="Agency Qualifier Code" id="559"
                          sequence="3"
                          description="Code identifying the agency assigning the code values"
                          type="ID" required="X"
                          minLength="2" maxLength="2"
                          xmlTag="agencyQualifierCode">
                          <idListFile fileName="IDList559.xml"/>
                        </dataElement>
                        <dataElement name="Source Subqualifier" id="822"
                          sequence="4"
                          description="A reference that indicates the table or text maintained by the Source Qualifier"
                          type="AN" required="O"
                          minLength="1" maxLength="15"
                          xmlTag="sourceSubqualifier"/>
                        <dataElement name="Code List Qualifier Code" id="1270"
                          sequence="5"
                          description="Code identifying a specific industry code list"
                          type="ID" required="X"
                          minLength="1" maxLength="3"
                          xmlTag="codeListQualifierCode">
                          <idListFile fileName="IDList1270.xml"/>
                        </dataElement>
                        <dataElement name="Industry Code" id="1271"
                          sequence="6"
                          description="Code indicating a code from a specific industry code list"
                          type="AN" required="X"
                          minLength="1" maxLength="30"
                          xmlTag="industryCode"/>
                    </segment>
                </loop>
            </loop>
        </loop>
        <segment name="Transaction Set Trailer" id="SE"
          description="To indicate the end of the transaction set and provide the count of the transmitted segments (including the beginning (ST) and ending (SE) segments)"
          sequence="90"
          occurs="1"
          required='M'
          xmlTag="TransactionSetTrailer">
            <dataElement name="Number of Included Segments" id="96"
              sequence="1"
              description="Total number of segments included in a transaction set including ST and SE segments"
              type="N0" required="M"
              minLength="1" maxLength="10"
              xmlTag="numberOfIncludedSegments"/>
            <dataElement name="Transaction Set Control Number" id="329"
              sequence="2"
              description="Identifying control number that must be unique within the transaction set functional group assigned by the originator for a transaction set"
              type="AN" required="M"
              minLength="4" maxLength="9"
              xmlTag="transactionSetControlNumber"/>
        </segment>
    </table>
</transactionSet>
