<?xml version="1.0" encoding="UTF-8"?>
<!DOCTYPE idList SYSTEM "idList.dtd">
<!-- Revision 3.0.0 data/OBOE, docs,June 11, 2007, -->
<idList>
    <idCode>AQ</idCode>
        <idValue>Alternate Quantity and Unit of Measure</idValue>
    <idCode>BB</idCode>
        <idValue>Balancing Quantity</idValue>
    <idCode>BD</idCode>
        <idValue>Blueprint Deviation</idValue>
    <idCode>C1</idCode>
        <idValue>Transportation Limitations</idValue>
    <idCode>C2</idCode>
        <idValue>Source Limitations</idValue>
    <idCode>C3</idCode>
        <idValue>Contract Limitations</idValue>
    <idCode>C4</idCode>
        <idValue>Destination Limitations</idValue>
    <idCode>C5</idCode>
        <idValue>Confirmation Limitations</idValue>
    <idCode>C6</idCode>
        <idValue>Other Limitations</idValue>
    <idCode>DC</idCode>
        <idValue>Date Change</idValue>
    <idCode>EV</idCode>
        <idValue>Estimated Quantity</idValue>
    <idCode>FE</idCode>
        <idValue>Feasibility Issue</idValue>
    <idCode>GU</idCode>
        <idValue>Gross Volume per Pack and Unit of Measure</idValue>
    <idCode>GW</idCode>
        <idValue>Gross Weight per Pack</idValue>
    <idCode>LD</idCode>
        <idValue>Length Difference</idValue>
    <idCode>MC</idCode>
        <idValue>Pack/Size Measure Difference</idValue>
    <idCode>MP</idCode>
        <idValue>Minimum Order</idValue>
    <idCode>PC</idCode>
        <idValue>Pack Difference</idValue>
    <idCode>PQ</idCode>
        <idValue>Pack Qualifier</idValue>
    <idCode>PS</idCode>
        <idValue>Product/Services ID Change</idValue>
    <idCode>QH</idCode>
        <idValue>Quantity on Hand</idValue>
    <idCode>QO</idCode>
        <idValue>Quantity Ordered</idValue>
    <idCode>QP</idCode>
        <idValue>Quantity Based on Price Qualifier</idValue>
    <idCode>QT</idCode>
        <idValue>Quantity Price Break</idValue>
    <idCode>SC</idCode>
        <idValue>Size Difference</idValue>
    <idCode>UM</idCode>
        <idValue>Unit of Measure Difference</idValue>
    <idCode>UP</idCode>
        <idValue>Unit Price</idValue>
    <idCode>WD</idCode>
        <idValue>Width Difference</idValue>
    <idCode>WO</idCode>
        <idValue>Weight Qualifier/Gross Weight per Package</idValue>
    <idCode>ZZ</idCode>
        <idValue>Mutually Defined</idValue>
</idList>
