<?xml version="1.0" encoding="UTF-8"?>
<!DOCTYPE idList SYSTEM "idList.dtd">
<!-- Revision 3.0.0 data/OBOE, docs,June 11, 2007, -->
<idList>
    <idCode>1</idCode>
        <idValue>Ship Date</idValue>
    <idCode>2</idCode>
        <idValue>Delivery Date</idValue>
    <idCode>3</idCode>
        <idValue>Invoice Date</idValue>
    <idCode>4</idCode>
        <idValue>Specified Date</idValue>
    <idCode>5</idCode>
        <idValue>Invoice Receipt Date</idValue>
    <idCode>6</idCode>
        <idValue>Anticipated Delivery Date</idValue>
    <idCode>7</idCode>
        <idValue>Effective Date</idValue>
    <idCode>8</idCode>
        <idValue>Invoice Transmission Date</idValue>
    <idCode>09</idCode>
        <idValue>Purchase Order Date</idValue>
    <idCode>10</idCode>
        <idValue>Invoice Verification Date</idValue>
    <idCode>11</idCode>
        <idValue>Completion And Acceptance Date</idValue>
    <idCode>12</idCode>
        <idValue>Approval of Sample Date</idValue>
    <idCode>13</idCode>
        <idValue>Approval of Gage Date</idValue>
    <idCode>14</idCode>
        <idValue>Quality Approval Date</idValue>
    <idCode>15</idCode>
        <idValue>Receipt of Goods</idValue>
    <idCode>16</idCode>
        <idValue>Quarter Start Date</idValue>
    <idCode>ZZ</idCode>
        <idValue>Mutually Defined</idValue>
</idList>
