<?xml version="1.0" encoding="UTF-8"?>
<!DOCTYPE idList SYSTEM "idList.dtd">
<!-- Revision 3.0.0 data/OBOE, docs,June 11, 2007, -->
<idList>
    <idCode>A</idCode>
        <idValue>Customer Plant (Receiving Location)</idValue>
    <idCode>B</idCode>
        <idValue>Material Release Issuer</idValue>
    <idCode>S</idCode>
        <idValue>Supplier Authority</idValue>
    <idCode>X</idCode>
        <idValue>Responsibility to be Determined</idValue>
    <idCode>Z</idCode>
        <idValue>Mutually Defined</idValue>
</idList>
