<?xml version="1.0" encoding="UTF-8"?>
<!DOCTYPE idList SYSTEM "idList.dtd">
<!-- Revision 3.0.0 data/OBOE, docs,June 11, 2007, -->
<idList>
    <idCode>001</idCode>
        <idValue>Car Not in Umler</idValue>
    <idCode>002</idCode>
        <idValue>Car Not in Correct Status for Billing</idValue>
    <idCode>003</idCode>
        <idValue>Duplicate Billing</idValue>
    <idCode>004</idCode>
        <idValue>Invalid Commodity Code</idValue>
    <idCode>005</idCode>
        <idValue>Route Error</idValue>
    <idCode>006</idCode>
        <idValue>Duplicate</idValue>
    <idCode>007</idCode>
        <idValue>Missing Data</idValue>
    <idCode>008</idCode>
        <idValue>Out of Range</idValue>
    <idCode>009</idCode>
        <idValue>Invalid Date</idValue>
    <idCode>010</idCode>
        <idValue>Total Out of Balance</idValue>
    <idCode>011</idCode>
        <idValue>Not Matching</idValue>
    <idCode>012</idCode>
        <idValue>Invalid Combination</idValue>
    <idCode>024</idCode>
        <idValue>Other Unlisted Reason</idValue>
    <idCode>026</idCode>
        <idValue>Customer Identification Number is Invalid</idValue>
    <idCode>027</idCode>
        <idValue>Customer Identification Number Does not Exist</idValue>
    <idCode>028</idCode>
        <idValue>Customer Identification Number and Entity Name Do not Match</idValue>
    <idCode>029</idCode>
        <idValue>Customer Identification Number Is Missing</idValue>
    <idCode>036</idCode>
        <idValue>Invalid Serial Number</idValue>
    <idCode>500</idCode>
        <idValue>Misrouted Freight Bill</idValue>
    <idCode>801</idCode>
        <idValue>Missing or Invalid Transaction Handling Code</idValue>
    <idCode>802</idCode>
        <idValue>Invalid Debit or Credit Flag Code</idValue>
    <idCode>803</idCode>
        <idValue>Missing or Invalid Payment Method Code</idValue>
    <idCode>804</idCode>
        <idValue>Missing or Invalid Payment Format</idValue>
    <idCode>805</idCode>
        <idValue>Missing Depository Financial Institution (DFI) Qualifier</idValue>
    <idCode>806</idCode>
        <idValue>Missing or Invalid Financial Institution Transit Routing Number</idValue>
    <idCode>807</idCode>
        <idValue>Missing or Invalid Originating Account Number</idValue>
    <idCode>808</idCode>
        <idValue>Missing or Invalid Receiving Account Number</idValue>
    <idCode>809</idCode>
        <idValue>Missing Effective Entry Date</idValue>
    <idCode>810</idCode>
        <idValue>Effective Payment Date is Past</idValue>
    <idCode>811</idCode>
        <idValue>Payment Received Too Far in Advance</idValue>
    <idCode>812</idCode>
        <idValue>Missing Transaction Reference or Trace Number</idValue>
    <idCode>813</idCode>
        <idValue>Missing or Invalid Payee Name and Address</idValue>
    <idCode>814</idCode>
        <idValue>Received After Cutoff Date or Time</idValue>
    <idCode>815</idCode>
        <idValue>Duplicate Batch</idValue>
    <idCode>817</idCode>
        <idValue>Duplicate Trace Number</idValue>
    <idCode>818</idCode>
        <idValue>Missing Control Totals</idValue>
    <idCode>819</idCode>
        <idValue>Control Totals Amount Error</idValue>
    <idCode>820</idCode>
        <idValue>Control Totals Count Error</idValue>
    <idCode>821</idCode>
        <idValue>Control Totals Out of Sequence</idValue>
    <idCode>822</idCode>
        <idValue>Transaction Set Payment Amount Error</idValue>
    <idCode>823</idCode>
        <idValue>Payment Pending Credit Approval</idValue>
    <idCode>824</idCode>
        <idValue>Payment Passed Credit Approval</idValue>
    <idCode>825</idCode>
        <idValue>Payment Amount Exceeds Approved Credit Limit; Refused</idValue>
    <idCode>826</idCode>
        <idValue>Non-Sufficient Funds in Account; Refused</idValue>
    <idCode>827</idCode>
        <idValue>Account Frozen</idValue>
    <idCode>828</idCode>
        <idValue>Account Transferred</idValue>
    <idCode>829</idCode>
        <idValue>Payee Deceased</idValue>
    <idCode>830</idCode>
        <idValue>Refused by Payee</idValue>
    <idCode>831</idCode>
        <idValue>Missing or Invalid Cancellation Type Code</idValue>
    <idCode>832</idCode>
        <idValue>Invalid Request or Cancellation Flag</idValue>
    <idCode>833</idCode>
        <idValue>Invalid Cancellation Request (Item Not in Financial Warehouse to Cancel)</idValue>
    <idCode>834</idCode>
        <idValue>Missing or Invalid Effective Payment Date</idValue>
    <idCode>847</idCode>
        <idValue>Closed/Non-Existent Account Number</idValue>
    <idCode>848</idCode>
        <idValue>Incorrect Data</idValue>
    <idCode>849</idCode>
        <idValue>Corrected Data</idValue>
    <idCode>A</idCode>
        <idValue>Missing or Invalid Report Type Code</idValue>
    <idCode>ASA</idCode>
        <idValue>Associated Authorization</idValue>
    <idCode>ASV</idCode>
        <idValue>Associated Vehicle Identification Number(s) Unknown</idValue>
    <idCode>AVE</idCode>
        <idValue>Associated Vehicle Identification Number(s) Invalid</idValue>
    <idCode>B</idCode>
        <idValue>Missing or Invalid Physical Inventory Code</idValue>
    <idCode>C</idCode>
        <idValue>Missing or Invalid Consignee</idValue>
    <idCode>CAL</idCode>
        <idValue>Currency Calculation</idValue>
    <idCode>CHK</idCode>
        <idValue>Check Being Returned</idValue>
    <idCode>COV</idCode>
        <idValue>Conflicting Authorizations</idValue>
    <idCode>CUR</idCode>
        <idValue>Invalid Currency Code</idValue>
    <idCode>D</idCode>
        <idValue>Missing or Invalid Fund Code</idValue>
    <idCode>DBL</idCode>
        <idValue>Duplicate Bill of Lading Number</idValue>
    <idCode>DDT</idCode>
        <idValue>Departure Date Invalid</idValue>
    <idCode>DRC</idCode>
        <idValue>Duplicate Railcar Departure</idValue>
    <idCode>DTE</idCode>
        <idValue>Incorrect Date</idValue>
    <idCode>DUP</idCode>
        <idValue>Duplicate Transaction</idValue>
    <idCode>E</idCode>
        <idValue>Missing or Invalid Material Condition Code</idValue>
    <idCode>F</idCode>
        <idValue>Missing or Invalid Management Code</idValue>
    <idCode>G</idCode>
        <idValue>Missing or Invalid Processing (Count) Date Code</idValue>
    <idCode>H</idCode>
        <idValue>Missing or Invalid Unit of Measure Code</idValue>
    <idCode>HUG</idCode>
        <idValue>Quantity of Handling Units Shipped Greater Than the Quantity Specified</idValue>
    <idCode>HUL</idCode>
        <idValue>Quantity of Handling Units Shipped Less Than the Quantity Specified</idValue>
    <idCode>I</idCode>
        <idValue>Missing or Invalid Source of Supply Code</idValue>
    <idCode>ICA</idCode>
        <idValue>Invalid Claim Amount</idValue>
    <idCode>ICG</idCode>
        <idValue>Invalid Charge Allowance Qualifier</idValue>
    <idCode>IDC</idCode>
        <idValue>Invalid Decline/Amend Reason Code</idValue>
    <idCode>IDN</idCode>
        <idValue>Invalid Department Number</idValue>
    <idCode>IID</idCode>
        <idValue>Invalid Identification Code</idValue>
    <idCode>IMD</idCode>
        <idValue>Invalid Railcar Type</idValue>
    <idCode>INC</idCode>
        <idValue>Incomplete Transaction</idValue>
    <idCode>INF</idCode>
        <idValue>Invalid Status Code</idValue>
    <idCode>IPR</idCode>
        <idValue>Status Code Previously Reported</idValue>
    <idCode>IQT</idCode>
        <idValue>Invalid Quantity</idValue>
    <idCode>IWT</idCode>
        <idValue>Invalid Weight</idValue>
    <idCode>J</idCode>
        <idValue>Missing or Invalid Purpose Code</idValue>
    <idCode>K</idCode>
        <idValue>Missing or Invalid Ownership Code</idValue>
    <idCode>L</idCode>
        <idValue>Missing or Invalid Support Request Code</idValue>
    <idCode>LOC</idCode>
        <idValue>Invalid Damage Area Code</idValue>
    <idCode>M</idCode>
        <idValue>Missing or Invalid Supply Condition Code</idValue>
    <idCode>MA</idCode>
        <idValue>Missing or Invalid Store Number</idValue>
    <idCode>MB</idCode>
        <idValue>Missing or Invalid Purchase Order Number</idValue>
    <idCode>MBL</idCode>
        <idValue>Multiple Bills of Lading</idValue>
    <idCode>MC</idCode>
        <idValue>Missing or Invalid Bill of Lading Number</idValue>
    <idCode>MD</idCode>
        <idValue>Missing or Invalid Invoice Date</idValue>
    <idCode>MDN</idCode>
        <idValue>Missing Department Number</idValue>
    <idCode>ME</idCode>
        <idValue>Missing or Invalid Department Number</idValue>
    <idCode>MF</idCode>
        <idValue>Missing or Invalid Internal Vendor Number</idValue>
    <idCode>MG</idCode>
        <idValue>Missing or Invalid U.P.C. Code</idValue>
    <idCode>MH</idCode>
        <idValue>Missing or Invalid DUNS Number</idValue>
    <idCode>MI</idCode>
        <idValue>Missing or Invalid SCAC</idValue>
    <idCode>MID</idCode>
        <idValue>Missing Identification Code</idValue>
    <idCode>MJ</idCode>
        <idValue>Missing or Invalid Terms</idValue>
    <idCode>MK</idCode>
        <idValue>Missing or Invalid Ship Date Location</idValue>
    <idCode>ML</idCode>
        <idValue>Missing or Invalid Sell to Location</idValue>
    <idCode>MM</idCode>
        <idValue>Missing or Invalid Bill to Location</idValue>
    <idCode>MN</idCode>
        <idValue>Missing or Invalid Unit Cost</idValue>
    <idCode>MP</idCode>
        <idValue>Missing or Invalid Non-merchandise Code</idValue>
    <idCode>MQ</idCode>
        <idValue>Missing or Invalid Non-merchandise Cost</idValue>
    <idCode>MQT</idCode>
        <idValue>Missing Quantity</idValue>
    <idCode>MWT</idCode>
        <idValue>Missing Weight</idValue>
    <idCode>N</idCode>
        <idValue>Missing or Invalid Payer Identification</idValue>
    <idCode>NAU</idCode>
        <idValue>Not Authorized</idValue>
    <idCode>NCL</idCode>
        <idValue>No Clearance Authorization</idValue>
    <idCode>NCR</idCode>
        <idValue>No Clearance Reported</idValue>
    <idCode>NDP</idCode>
        <idValue>No Departure Reported</idValue>
    <idCode>NDT</idCode>
        <idValue>No Termination Date</idValue>
    <idCode>NIF</idCode>
        <idValue>Invalid Status Location</idValue>
    <idCode>NOC</idCode>
        <idValue>Automated Clearinghouse (ACH) Notification of Change</idValue>
    <idCode>NOD</idCode>
        <idValue>Not on Departure</idValue>
    <idCode>NRA</idCode>
        <idValue>No Railcar Arrival</idValue>
    <idCode>O</idCode>
        <idValue>Missing or Invalid Issuer Identification</idValue>
    <idCode>OTH</idCode>
        <idValue>Other</idValue>
    <idCode>P</idCode>
        <idValue>Missing or Invalid Item Quantity</idValue>
    <idCode>PND</idCode>
        <idValue>Pending Payment</idValue>
    <idCode>POI</idCode>
        <idValue>Purchase Order Number Invalid</idValue>
    <idCode>PPD</idCode>
        <idValue>Previously Paid</idValue>
    <idCode>PRM</idCode>
        <idValue>Primary Inspection Not Received</idValue>
    <idCode>Q</idCode>
        <idValue>Missing or Invalid Item Identification</idValue>
    <idCode>QTY</idCode>
        <idValue>Quantity</idValue>
    <idCode>R</idCode>
        <idValue>Missing or Invalid Support Date</idValue>
    <idCode>RAT</idCode>
        <idValue>No Rate Available</idValue>
    <idCode>RTE</idCode>
        <idValue>Invalid Shipper&apos;s Route Code</idValue>
    <idCode>RTN</idCode>
        <idValue>Automated Clearinghouse (ACH) Return Items</idValue>
    <idCode>RU</idCode>
        <idValue>Rate Unverifiable</idValue>
    <idCode>S</idCode>
        <idValue>Missing or Unauthorized Transportation Mode/Method Code</idValue>
    <idCode>SCA</idCode>
        <idValue>Invalid SCAC</idValue>
    <idCode>SCD</idCode>
        <idValue>Invalid Vehicle Service Code</idValue>
    <idCode>SEV</idCode>
        <idValue>Invalid Damage Severity Code</idValue>
    <idCode>SPL</idCode>
        <idValue>Invalid SPLC Code</idValue>
    <idCode>STA</idCode>
        <idValue>Shipment Picked Up After the Date Specified by the Ship Window</idValue>
    <idCode>STP</idCode>
        <idValue>Shipment Picked Up Prior to the Date Specified by the Ship Window</idValue>
    <idCode>STR</idCode>
        <idValue>Invalid Storage Days Calculation</idValue>
    <idCode>T</idCode>
        <idValue>Unauthorized Transaction Set Purpose Code</idValue>
    <idCode>TRN</idCode>
        <idValue>Turnover</idValue>
    <idCode>TYP</idCode>
        <idValue>Invalid Damage Type Code</idValue>
    <idCode>U</idCode>
        <idValue>Missing or Unauthorized Transaction Type Code</idValue>
    <idCode>UAU</idCode>
        <idValue>Used Authorization</idValue>
    <idCode>UCN</idCode>
        <idValue>Unknown Claim Number</idValue>
    <idCode>UKN</idCode>
        <idValue>Unknown Move/Service</idValue>
    <idCode>UNP</idCode>
        <idValue>Invalid Unit Price</idValue>
    <idCode>UNV</idCode>
        <idValue>Unknown Vehicle Identification Number</idValue>
    <idCode>V</idCode>
        <idValue>Missing or Unauthorized Action Code</idValue>
    <idCode>VIN</idCode>
        <idValue>Invalid Vehicle Identification Number</idValue>
    <idCode>VND</idCode>
        <idValue>Vehicle Not Departed</idValue>
    <idCode>VOS</idCode>
        <idValue>Offsite Storage</idValue>
    <idCode>ZDS</idCode>
        <idValue>Zero Storage Days</idValue>
    <idCode>ZZZ</idCode>
        <idValue>Mutually Defined</idValue>
</idList>
