<?xml version="1.0" encoding="UTF-8"?>
<!DOCTYPE idList SYSTEM "idList.dtd">
<!-- Revision 3.0.0 data/OBOE, docs,June 11, 2007, -->
<idList>
    <idCode>AI</idCode>
        <idValue>Assigned Identification</idValue>
    <idCode>AN</idCode>
        <idValue>Due to Number</idValue>
    <idCode>DFI</idCode>
        <idValue>Depository Financial Institution (DFI) Identification Number</idValue>
    <idCode>DT</idCode>
        <idValue>Date of Transaction</idValue>
    <idCode>EI</idCode>
        <idValue>Entity Identification (Primary)</idValue>
    <idCode>ES</idCode>
        <idValue>Entity Identification (Secondary)</idValue>
    <idCode>IN</idCode>
        <idValue>Invoice Number</idValue>
    <idCode>LI</idCode>
        <idValue>Location Identification</idValue>
    <idCode>MA</idCode>
        <idValue>Monetary Amount</idValue>
    <idCode>MV</idCode>
        <idValue>Measurement Value</idValue>
    <idCode>PO</idCode>
        <idValue>Purchase Order Number</idValue>
    <idCode>PR</idCode>
        <idValue>Pricing Specification</idValue>
    <idCode>PS</idCode>
        <idValue>Product or Service Identification</idValue>
    <idCode>QY</idCode>
        <idValue>Quantity</idValue>
    <idCode>RP</idCode>
        <idValue>Reference Identification (Primary)</idValue>
    <idCode>RS</idCode>
        <idValue>Reference Identification (Secondary)</idValue>
    <idCode>RT</idCode>
        <idValue>Rate</idValue>
    <idCode>TT</idCode>
        <idValue>Time of Transaction</idValue>
    <idCode>TX</idCode>
        <idValue>Tax Identification</idValue>
    <idCode>UP</idCode>
        <idValue>Unit Price</idValue>
</idList>
