<?xml version="1.0" encoding="UTF-8"?>
<!DOCTYPE idList SYSTEM "idList.dtd">
<!-- Revision 3.0.0 data/OBOE, docs,June 11, 2007, -->
<idList>
    <idCode>1</idCode>
        <idValue>Brake End</idValue>
    <idCode>2</idCode>
        <idValue>2nd from Brake End</idValue>
    <idCode>3</idCode>
        <idValue>3rd from Brake End</idValue>
    <idCode>4</idCode>
        <idValue>4th from Brake End</idValue>
    <idCode>5</idCode>
        <idValue>5th from Brake End</idValue>
    <idCode>6</idCode>
        <idValue>6th from Brake End</idValue>
</idList>
