<?xml version="1.0" encoding="UTF-8"?>
<!DOCTYPE idList SYSTEM "idList.dtd">
<!-- Revision 3.0.0 data/OBOE, docs,June 11, 2007, -->
<idList>
    <idCode>001000</idCode>
        <idValue>ASC X12 Standards Approved by ANSI in 1983</idValue>
    <idCode>002000</idCode>
        <idValue>ASC X12 Standards Approved by ANSI in Feb, 1986</idValue>
    <idCode>002001</idCode>
        <idValue>Draft Standards Approved by ASC X12 in November 1987</idValue>
    <idCode>002002</idCode>
        <idValue>Draft Standards Approved by ASC X12 through February 1988</idValue>
    <idCode>002003</idCode>
        <idValue>Draft Standards Approved by ASC X12 through August 1988</idValue>
    <idCode>002031</idCode>
        <idValue>Draft Standards Approved by ASC X12 through February 1989</idValue>
    <idCode>002040</idCode>
        <idValue>Draft Standards Approved by ASC X12 through May 1989</idValue>
    <idCode>002041</idCode>
        <idValue>Draft Standards Approved by ASC X12 through October 1989</idValue>
    <idCode>002042</idCode>
        <idValue>Draft Standards Approved by ASC X12 through February 1990</idValue>
    <idCode>003000</idCode>
        <idValue>ASC X12 Standards Approved by ANSI in 1992</idValue>
    <idCode>003010</idCode>
        <idValue>Draft Standards Approved by ASC X12 through June 1990</idValue>
    <idCode>003011</idCode>
        <idValue>Draft Standards Approved for Publication by ASC X12 Procedures Review Board through February 1991</idValue>
    <idCode>003012</idCode>
        <idValue>Draft Standards Approved for Publication by ASC X12 Procedures Review Board through June 1991</idValue>
    <idCode>003020</idCode>
        <idValue>Draft Standards Approved for Publication by ASC X12 Procedures Review Board through October 1991</idValue>
    <idCode>003021</idCode>
        <idValue>Draft Standards Approved for Publication by ASC X12 Procedures Review Board through February 1992</idValue>
    <idCode>003022</idCode>
        <idValue>Draft Standards Approved for Publication by ASC X12 Procedures Review Board through June 1992</idValue>
    <idCode>003030</idCode>
        <idValue>Draft Standards Approved for Publication by ASC X12 Procedures Review Board through October 1992</idValue>
    <idCode>003031</idCode>
        <idValue>Draft Standards for Publication by ASC X12 Procedures Review Board Through February 1993</idValue>
    <idCode>003032</idCode>
        <idValue>Draft Standards Approved for Publication by ASC X12 Procedures Review Board through June 1993</idValue>
    <idCode>003040</idCode>
        <idValue>Draft Standards Approved for Publication by ASC X12 Procedures Review Board through October 1993</idValue>
    <idCode>003041</idCode>
        <idValue>Draft Standards Approved for Publication by ASC by ASC X12 Procedures Review Board through February 1994</idValue>
    <idCode>003042</idCode>
        <idValue>Draft Standards Approved for Publication by ASC X12 Procedures Review Board through June 1994</idValue>
    <idCode>003050</idCode>
        <idValue>Draft Standards Approved for Publication by ASC X12 Procedures Review Board through October 1994</idValue>
    <idCode>003051</idCode>
        <idValue>Draft Standards Approved for Publication by ASC X12 Procedures Review Board through February 1995</idValue>
    <idCode>003052</idCode>
        <idValue>Draft Standards Approved for Publication by ASC X12 Procedures Review Board through June 1995</idValue>
    <idCode>003060</idCode>
        <idValue>Draft Standards Approved for Publication by ASC X12 Procedures Review Board through October 1995</idValue>
    <idCode>003061</idCode>
        <idValue>Draft Standards Approved for Publication by ASC X12 Procedures Review Board through February 1996</idValue>
    <idCode>003062</idCode>
        <idValue>Draft Standards Approved for Publication by ASC X12 Procedures Review Board through June 1996</idValue>
    <idCode>003070</idCode>
        <idValue>Draft Standards Approved for Publication by ASC X12 Procedures Review Board through October 1996</idValue>
    <idCode>003071</idCode>
        <idValue>Draft Standards Approved for Publication by ASC X12 Procedures Review Board through February 1997</idValue>
    <idCode>003072</idCode>
        <idValue>Draft Standards Approved for Publication by ASC X12 Procedures Review Board through June 1997</idValue>
    <idCode>004000</idCode>
        <idValue>ASC X12 Standards Approved by ANSI in 1997</idValue>
    <idCode>004010</idCode>
        <idValue>Draft Standards Approved for Publication by ASC X12 Procedures Review Board through October 1997</idValue>
    <idCode>004011</idCode>
        <idValue>Draft Standards Approved for Publication by ASC X12 Procedures Review Board through February 1998</idValue>
    <idCode>004012</idCode>
        <idValue>Draft Standards Approved for Publication by ASC X12 Procedures Review Board through June 1998</idValue>
    <idCode>004020</idCode>
        <idValue>Draft Standards Approved for Publication by ASC X12 Procedures Review Board through October 1998</idValue>
</idList>
