<?xml version="1.0" encoding="UTF-8"?>
<!DOCTYPE idList SYSTEM "idList.dtd">
<!-- Revision 3.0.0 data/OBOE, docs,June 11, 2007, -->
<idList>
    <idCode>BA</idCode>
        <idValue>Batch Accept</idValue>
    <idCode>BC</idCode>
        <idValue>Batch Accept with Data Content Change</idValue>
    <idCode>BE</idCode>
        <idValue>Batch Accept with Error</idValue>
    <idCode>BP</idCode>
        <idValue>Batch Partial Accept/Reject</idValue>
    <idCode>BR</idCode>
        <idValue>Batch Reject</idValue>
    <idCode>GA</idCode>
        <idValue>Functional Group Accept</idValue>
    <idCode>GC</idCode>
        <idValue>Functional Group Accept with Data Content Change</idValue>
    <idCode>GE</idCode>
        <idValue>Functional Group Accept with Error</idValue>
    <idCode>GP</idCode>
        <idValue>Functional Group Partial Accept/Reject</idValue>
    <idCode>GR</idCode>
        <idValue>Functional Group Reject</idValue>
    <idCode>IA</idCode>
        <idValue>Item Accept</idValue>
    <idCode>IC</idCode>
        <idValue>Item Accept with Data Content Change</idValue>
    <idCode>IE</idCode>
        <idValue>Item Accept with Error</idValue>
    <idCode>IP</idCode>
        <idValue>Item Partial Accept/Reject</idValue>
    <idCode>IR</idCode>
        <idValue>Item Reject</idValue>
    <idCode>TA</idCode>
        <idValue>Transaction Set Accept</idValue>
    <idCode>TC</idCode>
        <idValue>Transaction Set Accept with Data Content Change</idValue>
    <idCode>TE</idCode>
        <idValue>Transaction Set Accept with Error</idValue>
    <idCode>TP</idCode>
        <idValue>Transaction Set Partial Accept/Reject</idValue>
    <idCode>TR</idCode>
        <idValue>Transaction Set Reject</idValue>
</idList>
