<?xml version="1.0" encoding="UTF-8"?>
<!DOCTYPE idList SYSTEM "idList.dtd">
<!-- Revision 3.0.0 data/OBOE, docs,June 11, 2007, -->
<idList>
    <idCode>21</idCode>
        <idValue>Vessel Import Manifest (Canadian)</idValue>
    <idCode>22</idCode>
        <idValue>Vessel Export Manifest (Canadian)</idValue>
    <idCode>23</idCode>
        <idValue>Vessel In-Transit Manifest (Canadian)</idValue>
    <idCode>24</idCode>
        <idValue>Vessel Consignment Import Manifest (Canadian)</idValue>
    <idCode>25</idCode>
        <idValue>Vessel Consignment Export Manifest (Canadian)</idValue>
    <idCode>26</idCode>
        <idValue>Vessel Consignment In-Transit Manifest (Canadian)</idValue>
    <idCode>27</idCode>
        <idValue>Rail Import Manifest (Canadian)</idValue>
    <idCode>28</idCode>
        <idValue>Rail Export Manifest (Canadian)</idValue>
    <idCode>29</idCode>
        <idValue>Rail In-Transit Manifest (Canadian)</idValue>
    <idCode>30</idCode>
        <idValue>House Bill of Lading (Canada)</idValue>
    <idCode>31</idCode>
        <idValue>Re-Manifest Manifest (Canadian)</idValue>
    <idCode>32</idCode>
        <idValue>Abstract Bill of Lading (Canada)</idValue>
    <idCode>33</idCode>
        <idValue>Rail Consignment Import</idValue>
    <idCode>34</idCode>
        <idValue>Rail Consignment Export</idValue>
    <idCode>35</idCode>
        <idValue>Rail Consignment In-Transit</idValue>
    <idCode>36</idCode>
        <idValue>Rail Manifest</idValue>
    <idCode>37</idCode>
        <idValue>Highway Import</idValue>
    <idCode>38</idCode>
        <idValue>Highway Export</idValue>
    <idCode>39</idCode>
        <idValue>Highway In-Transit</idValue>
    <idCode>40</idCode>
        <idValue>Highway Consignment Import</idValue>
    <idCode>41</idCode>
        <idValue>Highway Consignment Export</idValue>
    <idCode>42</idCode>
        <idValue>Highway Consignment In-Transit</idValue>
    <idCode>43</idCode>
        <idValue>Air Import</idValue>
    <idCode>44</idCode>
        <idValue>Air Export</idValue>
    <idCode>45</idCode>
        <idValue>Air In-Transit</idValue>
    <idCode>46</idCode>
        <idValue>Air Consignment Import</idValue>
    <idCode>47</idCode>
        <idValue>Air Consignment Export</idValue>
    <idCode>48</idCode>
        <idValue>Air Consignment In-Transit</idValue>
    <idCode>AN</idCode>
        <idValue>Arrival Notice</idValue>
    <idCode>AT</idCode>
        <idValue>Appointment</idValue>
    <idCode>BD</idCode>
        <idValue>Financial Institution Account Statement</idValue>
    <idCode>BG</idCode>
        <idValue>Government Bill of Lading</idValue>
    <idCode>BH</idCode>
        <idValue>Privately Owned Personal Property Bill of Lading</idValue>
    <idCode>BL</idCode>
        <idValue>Bill of Lading</idValue>
    <idCode>BN</idCode>
        <idValue>Booking</idValue>
    <idCode>BR</idCode>
        <idValue>Accounts Reconciliation</idValue>
    <idCode>BT</idCode>
        <idValue>Balance and Transaction Reporting</idValue>
    <idCode>CD</idCode>
        <idValue>Consolidator&apos;s Invoice</idValue>
    <idCode>CF</idCode>
        <idValue>Controlled Disbursement Funding</idValue>
    <idCode>CI</idCode>
        <idValue>Commercial Invoice</idValue>
    <idCode>CL</idCode>
        <idValue>Cash Letter</idValue>
    <idCode>CO</idCode>
        <idValue>Consolidation</idValue>
    <idCode>DL</idCode>
        <idValue>Deposit List</idValue>
    <idCode>DO</idCode>
        <idValue>Delivery Order</idValue>
    <idCode>DT</idCode>
        <idValue>Depository Transfer</idValue>
    <idCode>EP</idCode>
        <idValue>Electronic Presentments</idValue>
    <idCode>FA</idCode>
        <idValue>Full Account Reconciliation</idValue>
    <idCode>FR</idCode>
        <idValue>Freight Tender</idValue>
    <idCode>HR</idCode>
        <idValue>Personal Property Tender</idValue>
    <idCode>IS</idCode>
        <idValue>Transportation Control Movement Document (TCMD)</idValue>
    <idCode>LB</idCode>
        <idValue>Lockbox Summary</idValue>
    <idCode>LS</idCode>
        <idValue>Load Summary</idValue>
    <idCode>LT</idCode>
        <idValue>Load Tender - Truckload (TL) Carrier Only</idValue>
    <idCode>MF</idCode>
        <idValue>Manifest</idValue>
    <idCode>PC</idCode>
        <idValue>Partial Load Tender, Carrier Consolidate</idValue>
    <idCode>PI</idCode>
        <idValue>Pro Forma Invoice</idValue>
    <idCode>PL</idCode>
        <idValue>Paid List (All Debits)</idValue>
    <idCode>PP</idCode>
        <idValue>Point to Point Rate Application</idValue>
    <idCode>PS</idCode>
        <idValue>Partial Load Tender, Shipper Consolidate</idValue>
    <idCode>R1</idCode>
        <idValue>Simulation of Single Shipment Less Release Units (U.S. Department of Defense)</idValue>
    <idCode>R2</idCode>
        <idValue>Simulation of Consolidation of Vans, Trailers, or Pallets (U.S. Department of Defense)</idValue>
    <idCode>R3</idCode>
        <idValue>Simulation of Consolidation of Packaging Containers (U.S. Department of Defense)</idValue>
    <idCode>R4</idCode>
        <idValue>Simulation of Multiple Level Consolidation (U.S. Department of Defense)</idValue>
    <idCode>RD</idCode>
        <idValue>Deposit Reconciliation</idValue>
    <idCode>RO</idCode>
        <idValue>Reassociation Report</idValue>
    <idCode>RP</idCode>
        <idValue>Partial Account Reconciliation</idValue>
    <idCode>RQ</idCode>
        <idValue>Simulation Single Shipment Release Unit (U.S. Department of Defense)</idValue>
    <idCode>RR</idCode>
        <idValue>Range Reconciliation</idValue>
    <idCode>RS</idCode>
        <idValue>Scale Rate Application</idValue>
    <idCode>S1</idCode>
        <idValue>Single Package Shipment Status</idValue>
    <idCode>S2</idCode>
        <idValue>Multiple Package Shipment Status</idValue>
    <idCode>SI</idCode>
        <idValue>Single Shipment Invoice</idValue>
    <idCode>SL</idCode>
        <idValue>Shipper&apos;s Letter of Instruction</idValue>
    <idCode>SP</idCode>
        <idValue>Multiple Shipment Invoice</idValue>
    <idCode>SS</idCode>
        <idValue>Single Shipment Status</idValue>
    <idCode>T1</idCode>
        <idValue>Single Shipment Less Release Units (U.S. Department of Defense)</idValue>
    <idCode>T2</idCode>
        <idValue>Consolidation of Vans, Trailers, or Pallets (U.S. Department of Defense)</idValue>
    <idCode>T3</idCode>
        <idValue>Consolidation of Packaging Containers (U.S. Department of Defense)</idValue>
    <idCode>T4</idCode>
        <idValue>Multiple Level Consolidation (U.S. Department of Defense)</idValue>
    <idCode>TF</idCode>
        <idValue>Trailer Forecast</idValue>
    <idCode>TG</idCode>
        <idValue>Government Guaranteed Traffic Tender</idValue>
    <idCode>TM</idCode>
        <idValue>Trailer Manifest</idValue>
    <idCode>TQ</idCode>
        <idValue>Single Shipment Release Unit (U.S. Department of Defense)</idValue>
    <idCode>ZZ</idCode>
        <idValue>Mutually Defined</idValue>
</idList>
