<?xml version="1.0" encoding="UTF-8"?>
<!DOCTYPE idList SYSTEM "idList.dtd">
<!-- Revision 3.0.0 data/OBOE, docs,June 11, 2007, -->
<idList>
    <idCode>002</idCode>
        <idValue>Renewal</idValue>
    <idCode>003</idCode>
        <idValue>Account Number Correction Charge</idValue>
    <idCode>004</idCode>
        <idValue>Dividend</idValue>
    <idCode>005</idCode>
        <idValue>Activation of Carnet</idValue>
    <idCode>006</idCode>
        <idValue>Overpayment</idValue>
    <idCode>007</idCode>
        <idValue>Suspense</idValue>
    <idCode>008</idCode>
        <idValue>Balance Forward</idValue>
    <idCode>009</idCode>
        <idValue>Dividend Interest</idValue>
    <idCode>010</idCode>
        <idValue>Add on - Destination</idValue>
    <idCode>011</idCode>
        <idValue>Loan Interest</idValue>
    <idCode>012</idCode>
        <idValue>Premium Waiver</idValue>
    <idCode>015</idCode>
        <idValue>Add on - Origin</idValue>
    <idCode>016</idCode>
        <idValue>Dividend Adjustment</idValue>
    <idCode>017</idCode>
        <idValue>Interest</idValue>
    <idCode>020</idCode>
        <idValue>Address Correction</idValue>
    <idCode>025</idCode>
        <idValue>Advance Destination Amount</idValue>
    <idCode>026</idCode>
        <idValue>Integrated Business Services (IBS) Service Charge</idValue>
    <idCode>027</idCode>
        <idValue>Special Packaging</idValue>
    <idCode>028</idCode>
        <idValue>Box Liners</idValue>
    <idCode>029</idCode>
        <idValue>Product Personalization</idValue>
    <idCode>030</idCode>
        <idValue>Advance Destination Fee</idValue>
    <idCode>031</idCode>
        <idValue>Tape Charges</idValue>
    <idCode>032</idCode>
        <idValue>Subject to Tax</idValue>
    <idCode>035</idCode>
        <idValue>Advance Origin Amount</idValue>
    <idCode>040</idCode>
        <idValue>Advance Origin Fee</idValue>
    <idCode>045</idCode>
        <idValue>Advance Fee</idValue>
    <idCode>050</idCode>
        <idValue>Agent Disbursement - Destination</idValue>
    <idCode>055</idCode>
        <idValue>Agent Disbursement Fee - Destination</idValue>
    <idCode>060</idCode>
        <idValue>Agent Disbursement - Origin</idValue>
    <idCode>065</idCode>
        <idValue>Agent Disbursement Fee - Origin</idValue>
    <idCode>070</idCode>
        <idValue>Air Export Certificate</idValue>
    <idCode>075</idCode>
        <idValue>Air Express Charge</idValue>
    <idCode>080</idCode>
        <idValue>Air Transportation Charge</idValue>
    <idCode>085</idCode>
        <idValue>Airline Opening Fee</idValue>
    <idCode>090</idCode>
        <idValue>Airport Tax - Destination</idValue>
    <idCode>095</idCode>
        <idValue>Airport Tax - Origin</idValue>
    <idCode>100</idCode>
        <idValue>Airport Terminal Handling Charge</idValue>
    <idCode>105</idCode>
        <idValue>Acknowledgement of Delivery Fee (AOD)</idValue>
    <idCode>110</idCode>
        <idValue>Amending Export Documentation</idValue>
    <idCode>115</idCode>
        <idValue>Assembly Fee</idValue>
    <idCode>120</idCode>
        <idValue>Banking Drafts</idValue>
    <idCode>135</idCode>
        <idValue>Cables (sending of)</idValue>
    <idCode>140</idCode>
        <idValue>Call Tag</idValue>
    <idCode>145</idCode>
        <idValue>Canadian C.Q.Customs Clearance</idValue>
    <idCode>150</idCode>
        <idValue>Canadian Currency Exchange</idValue>
    <idCode>155</idCode>
        <idValue>Canadian Import Termination Fee</idValue>
    <idCode>160</idCode>
        <idValue>Canadian Reconsignment Fee</idValue>
    <idCode>165</idCode>
        <idValue>Canadian Remanifest Fee</idValue>
    <idCode>170</idCode>
        <idValue>Certificate of Origin</idValue>
    <idCode>175</idCode>
        <idValue>Certificate of Registration</idValue>
    <idCode>180</idCode>
        <idValue>Chamber of Commerce Service Charge</idValue>
    <idCode>185</idCode>
        <idValue>Change of Airbill - Service Fee</idValue>
    <idCode>186</idCode>
        <idValue>Chemical Milling Charge</idValue>
    <idCode>190</idCode>
        <idValue>City Terminal Charge</idValue>
    <idCode>205</idCode>
        <idValue>Collect Surcharge</idValue>
    <idCode>210</idCode>
        <idValue>Constant Surveillance Service</idValue>
    <idCode>215</idCode>
        <idValue>Consular Legalization Service</idValue>
    <idCode>220</idCode>
        <idValue>Consularization Fee</idValue>
    <idCode>225</idCode>
        <idValue>Constant Surveillance Service - Armed</idValue>
    <idCode>230</idCode>
        <idValue>Credit</idValue>
    <idCode>235</idCode>
        <idValue>Customer Account Identification</idValue>
    <idCode>240</idCode>
        <idValue>Customs Broker Fee</idValue>
    <idCode>245</idCode>
        <idValue>Customs Invoice</idValue>
    <idCode>250</idCode>
        <idValue>Customs Invoice - Additional Page</idValue>
    <idCode>255</idCode>
        <idValue>Data/Drawing Charge</idValue>
    <idCode>260</idCode>
        <idValue>Delivery Surcharge</idValue>
    <idCode>265</idCode>
        <idValue>Development Charge</idValue>
    <idCode>270</idCode>
        <idValue>Discount - Drop Box/Convenience Ctr.</idValue>
    <idCode>275</idCode>
        <idValue>Discount - Incentive</idValue>
    <idCode>280</idCode>
        <idValue>Discount - Multiple Shipment</idValue>
    <idCode>285</idCode>
        <idValue>Discount - Service Option (Delivery)</idValue>
    <idCode>290</idCode>
        <idValue>Discount - Service Option (Pickup)</idValue>
    <idCode>295</idCode>
        <idValue>Discount - Special</idValue>
    <idCode>297</idCode>
        <idValue>Contingency Credit Charge</idValue>
    <idCode>300</idCode>
        <idValue>Distribution Fee</idValue>
    <idCode>310</idCode>
        <idValue>Dry Ice</idValue>
    <idCode>315</idCode>
        <idValue>Duty Charge</idValue>
    <idCode>320</idCode>
        <idValue>Endorsement Fee</idValue>
    <idCode>325</idCode>
        <idValue>Eur1 Presentation Fee</idValue>
    <idCode>335</idCode>
        <idValue>Excise Tax - Destination</idValue>
    <idCode>340</idCode>
        <idValue>Excise Tax - Origin</idValue>
    <idCode>345</idCode>
        <idValue>Expedited One Day Consular Service</idValue>
    <idCode>350</idCode>
        <idValue>Expedited Shipments</idValue>
    <idCode>355</idCode>
        <idValue>Extra Copies and Mailings</idValue>
    <idCode>360</idCode>
        <idValue>Export Customs Clearance</idValue>
    <idCode>365</idCode>
        <idValue>Export Declarations - Automated</idValue>
    <idCode>370</idCode>
        <idValue>Export Declarations - U.S. Shippers</idValue>
    <idCode>375</idCode>
        <idValue>Export License Application</idValue>
    <idCode>380</idCode>
        <idValue>Extra Service - Counter-to-Counter</idValue>
    <idCode>385</idCode>
        <idValue>Facsimile Charges</idValue>
    <idCode>390</idCode>
        <idValue>Facsimile Charges - Additional Pages</idValue>
    <idCode>392</idCode>
        <idValue>Failed Lamp Panel Charge</idValue>
    <idCode>393</idCode>
        <idValue>First Article Charge</idValue>
    <idCode>395</idCode>
        <idValue>Free Domicile Shipment Processing</idValue>
    <idCode>400</idCode>
        <idValue>Freight</idValue>
    <idCode>405</idCode>
        <idValue>Fuel Surcharge</idValue>
    <idCode>410</idCode>
        <idValue>Government Warehouse Fee - Destination</idValue>
    <idCode>415</idCode>
        <idValue>Government Warehouse Fee - Origin</idValue>
    <idCode>416</idCode>
        <idValue>Grain Flow Charge</idValue>
    <idCode>420</idCode>
        <idValue>Hazardous Materials Handling Fee - Domestic</idValue>
    <idCode>425</idCode>
        <idValue>Hazardous Materials Handling Fee - International</idValue>
    <idCode>426</idCode>
        <idValue>Heat Treat Charge</idValue>
    <idCode>430</idCode>
        <idValue>IATA Airbill Preparation</idValue>
    <idCode>435</idCode>
        <idValue>IATA Fee</idValue>
    <idCode>440</idCode>
        <idValue>Import Service Fee</idValue>
    <idCode>445</idCode>
        <idValue>Insurance Fee</idValue>
    <idCode>450</idCode>
        <idValue>Inland Transportation</idValue>
    <idCode>455</idCode>
        <idValue>Insurance Premium</idValue>
    <idCode>460</idCode>
        <idValue>International Door-to-Door Handling Fee</idValue>
    <idCode>462</idCode>
        <idValue>Incorrect Billing Account Charge</idValue>
    <idCode>465</idCode>
        <idValue>Italian Release Charge</idValue>
    <idCode>470</idCode>
        <idValue>Letter of Credit Processing</idValue>
    <idCode>475</idCode>
        <idValue>Mailing - Postage Cost</idValue>
    <idCode>480</idCode>
        <idValue>Mailing - Service Fee</idValue>
    <idCode>485</idCode>
        <idValue>Messenger Service</idValue>
    <idCode>490</idCode>
        <idValue>Minimum Air Transportation Charge</idValue>
    <idCode>495</idCode>
        <idValue>Miscellaneous - Destination</idValue>
    <idCode>500</idCode>
        <idValue>Miscellaneous - Origin</idValue>
    <idCode>505</idCode>
        <idValue>Missing Account NBR Charge</idValue>
    <idCode>510</idCode>
        <idValue>Offshore - Alaska/Hawaii</idValue>
    <idCode>515</idCode>
        <idValue>On Hand Service</idValue>
    <idCode>520</idCode>
        <idValue>Oversized Premium</idValue>
    <idCode>525</idCode>
        <idValue>Passing Shippers Export Entry</idValue>
    <idCode>535</idCode>
        <idValue>Pickup - Out of Area</idValue>
    <idCode>540</idCode>
        <idValue>Pickup Surcharge</idValue>
    <idCode>545</idCode>
        <idValue>Pre-Positioned Inventory Service</idValue>
    <idCode>550</idCode>
        <idValue>Preparation of Air Waybill - Origin</idValue>
    <idCode>555</idCode>
        <idValue>Preparation of Canadian Customs Invoice</idValue>
    <idCode>560</idCode>
        <idValue>Preparation of Commercial Invoice</idValue>
    <idCode>565</idCode>
        <idValue>Preparation of Export Entry</idValue>
    <idCode>570</idCode>
        <idValue>Preparation of Insurance Certificate</idValue>
    <idCode>580</idCode>
        <idValue>Priority Service</idValue>
    <idCode>585</idCode>
        <idValue>Preparation of U.S. Export Documentation</idValue>
    <idCode>586</idCode>
        <idValue>Processing Charge</idValue>
    <idCode>590</idCode>
        <idValue>Rebilled Drayage - Destination</idValue>
    <idCode>593</idCode>
        <idValue>Re-Bill Charge</idValue>
    <idCode>595</idCode>
        <idValue>Proforma Invoice</idValue>
    <idCode>600</idCode>
        <idValue>Recipient Address Correction</idValue>
    <idCode>605</idCode>
        <idValue>Rebilled Drayage - Origin</idValue>
    <idCode>610</idCode>
        <idValue>Record/Filing</idValue>
    <idCode>615</idCode>
        <idValue>Recovery Fee</idValue>
    <idCode>620</idCode>
        <idValue>Recrating/Recoopering - Destination</idValue>
    <idCode>625</idCode>
        <idValue>Recrating/Recoopering - Origin</idValue>
    <idCode>635</idCode>
        <idValue>Registration of Export Shipments</idValue>
    <idCode>640</idCode>
        <idValue>Registration of Export for Reentry</idValue>
    <idCode>641</idCode>
        <idValue>Reliability Charge</idValue>
    <idCode>645</idCode>
        <idValue>Restricted Article Fee</idValue>
    <idCode>650</idCode>
        <idValue>Repickup</idValue>
    <idCode>665</idCode>
        <idValue>Saturday Delivery</idValue>
    <idCode>670</idCode>
        <idValue>Saturday Pick-Up</idValue>
    <idCode>675</idCode>
        <idValue>Security Signature Service</idValue>
    <idCode>680</idCode>
        <idValue>Service Upgrade</idValue>
    <idCode>685</idCode>
        <idValue>Special Delivery</idValue>
    <idCode>690</idCode>
        <idValue>Special Handling Service</idValue>
    <idCode>695</idCode>
        <idValue>Special Pickup</idValue>
    <idCode>696</idCode>
        <idValue>Special Test Equipment Charge</idValue>
    <idCode>697</idCode>
        <idValue>Special Tooling Charge</idValue>
    <idCode>700</idCode>
        <idValue>Special Vehicle Rent</idValue>
    <idCode>705</idCode>
        <idValue>Stamp Fee</idValue>
    <idCode>706</idCode>
        <idValue>Straightening Charge</idValue>
    <idCode>720</idCode>
        <idValue>Telephone - Destination</idValue>
    <idCode>725</idCode>
        <idValue>Telephone - Origin</idValue>
    <idCode>730</idCode>
        <idValue>Terminal Service Fee</idValue>
    <idCode>731</idCode>
        <idValue>Test/Qualification Charge</idValue>
    <idCode>732</idCode>
        <idValue>Tooling Rework Charge</idValue>
    <idCode>735</idCode>
        <idValue>Tracing Inbound Via Other Carriers</idValue>
    <idCode>736</idCode>
        <idValue>Tracing Service Fee</idValue>
    <idCode>740</idCode>
        <idValue>Transfer of Lading Charge</idValue>
    <idCode>745</idCode>
        <idValue>Valuation Fee</idValue>
    <idCode>750</idCode>
        <idValue>Value Added Tax (VAT)</idValue>
    <idCode>760</idCode>
        <idValue>Waybill and Invoice Distribution</idValue>
    <idCode>761</idCode>
        <idValue>Written Proof of Delivery</idValue>
    <idCode>762</idCode>
        <idValue>X-ray Charge</idValue>
    <idCode>999</idCode>
        <idValue>Other (See related description)</idValue>
    <idCode>AAA</idCode>
        <idValue>Advertising Allowance</idValue>
    <idCode>AAJ</idCode>
        <idValue>Adjustments</idValue>
    <idCode>AAM</idCode>
        <idValue>Additional Material</idValue>
    <idCode>AAN</idCode>
        <idValue>Allowance Non-performance</idValue>
    <idCode>AAO</idCode>
        <idValue>Allowance Advance</idValue>
    <idCode>AAS</idCode>
        <idValue>Attendants Accompanying</idValue>
    <idCode>AAT</idCode>
        <idValue>Handling Charge Tax</idValue>
    <idCode>ABC</idCode>
        <idValue>Alcoholic Beverage Report Charge</idValue>
    <idCode>ABL</idCode>
        <idValue>Attachments to Bill of Lading Charge</idValue>
    <idCode>ACD</idCode>
        <idValue>Allegheny County, PA Delivery Charge</idValue>
    <idCode>ACF</idCode>
        <idValue>Access Charge - Federal</idValue>
    <idCode>ACH</idCode>
        <idValue>Access Charges</idValue>
    <idCode>ACL</idCode>
        <idValue>Actual Labor Charge</idValue>
    <idCode>ACS</idCode>
        <idValue>Access Charge - State</idValue>
    <idCode>ADH</idCode>
        <idValue>Advance Charges Handling</idValue>
    <idCode>ADL</idCode>
        <idValue>Advance Loading Charge</idValue>
    <idCode>ADV</idCode>
        <idValue>Advances</idValue>
    <idCode>AFB</idCode>
        <idValue>Additional Copies of Freight Bill</idValue>
    <idCode>AFC</idCode>
        <idValue>Collect on Delivery Alteration Charge</idValue>
    <idCode>AGS</idCode>
        <idValue>Armed Guard Service</idValue>
    <idCode>AIB</idCode>
        <idValue>Additional Injection/Blending Service Charge</idValue>
    <idCode>AIC</idCode>
        <idValue>Air Freight - Consolidation</idValue>
    <idCode>AIR</idCode>
        <idValue>Air Freight</idValue>
    <idCode>ALC</idCode>
        <idValue>Advance Lading Charge</idValue>
    <idCode>ALP</idCode>
        <idValue>Use of Alternate Port</idValue>
    <idCode>AMB</idCode>
        <idValue>Adjustment for Maximum Charges Billing</idValue>
    <idCode>AMC</idCode>
        <idValue>Absolute Minimum Charge</idValue>
    <idCode>AMP</idCode>
        <idValue>Adjustment for Minimum Average Time Requirement Billing</idValue>
    <idCode>ANB</idCode>
        <idValue>Adjustment for Minimum Charges Billing</idValue>
    <idCode>ANC</idCode>
        <idValue>Anchoring and Unanchoring</idValue>
    <idCode>ANS</idCode>
        <idValue>Anodizing Charge</idValue>
    <idCode>APL</idCode>
        <idValue>Appliance Servicing</idValue>
    <idCode>APT</idCode>
        <idValue>Appointment (Notification)</idValue>
    <idCode>ARB</idCode>
        <idValue>Arbitrary (In Addition to Through Rates and Charges)</idValue>
    <idCode>ARC</idCode>
        <idValue>Air Conditioning Disconnect and Connect</idValue>
    <idCode>ARG</idCode>
        <idValue>Rail Armed Guard Service</idValue>
    <idCode>ARR</idCode>
        <idValue>Air Ride Tractor Service Charge</idValue>
    <idCode>ASC</idCode>
        <idValue>Assembly Charge</idValue>
    <idCode>AUX</idCode>
        <idValue>Auxiliary Service</idValue>
    <idCode>AVA</idCode>
        <idValue>Ad Valorem</idValue>
    <idCode>BAA</idCode>
        <idValue>Beaming Charge</idValue>
    <idCode>BAB</idCode>
        <idValue>Brokerage or Duty</idValue>
    <idCode>BAC</idCode>
        <idValue>Buyers Car Allowance</idValue>
    <idCode>BAD</idCode>
        <idValue>Bad Debt</idValue>
    <idCode>BAF</idCode>
        <idValue>Both-Flat</idValue>
    <idCode>BAP</idCode>
        <idValue>Broken Package Charge</idValue>
    <idCode>BAS</idCode>
        <idValue>Base Charge</idValue>
    <idCode>BBK</idCode>
        <idValue>Break Bulk Surface Charge</idValue>
    <idCode>BDX</idCode>
        <idValue>Bordeaux Arbitraries</idValue>
    <idCode>BEY</idCode>
        <idValue>Beyond Freight Charges</idValue>
    <idCode>BFD</idCode>
        <idValue>Bedding/Feeding/Disinfecting</idValue>
    <idCode>BKA</idCode>
        <idValue>Bulky Article</idValue>
    <idCode>BLA</idCode>
        <idValue>Bill of Lading Attendancy</idValue>
    <idCode>BLC</idCode>
        <idValue>Bill of Lading Charge</idValue>
    <idCode>BLD</idCode>
        <idValue>Billed Demand</idValue>
    <idCode>BLK</idCode>
        <idValue>Blocking and Bracing Charge</idValue>
    <idCode>BLW</idCode>
        <idValue>Blower Charge</idValue>
    <idCode>BND</idCode>
        <idValue>Bond Charges</idValue>
    <idCode>BOB</idCode>
        <idValue>Bobtail Charges</idValue>
    <idCode>BOP</idCode>
        <idValue>Bop Sheet Charge</idValue>
    <idCode>BRA</idCode>
        <idValue>Basic Reorder Allowance</idValue>
    <idCode>BRD</idCode>
        <idValue>Bridge Toll</idValue>
    <idCode>BRG</idCode>
        <idValue>Aqua Train</idValue>
    <idCode>BSC</idCode>
        <idValue>Bunker Surcharge</idValue>
    <idCode>BSS</idCode>
        <idValue>Broker Selection Surcharge</idValue>
    <idCode>BTC</idCode>
        <idValue>Bi-level, Tri-level Charges</idValue>
    <idCode>BU2</idCode>
        <idValue>Bunker Adjustment - 20 Foot Container</idValue>
    <idCode>BU4</idCode>
        <idValue>Bunker Adjustment - 40 Foot Container</idValue>
    <idCode>BUA</idCode>
        <idValue>Bunker Adjustment</idValue>
    <idCode>BUR</idCode>
        <idValue>Bureau Report Charge</idValue>
    <idCode>BYD</idCode>
        <idValue>Beyond Charge</idValue>
    <idCode>CA1</idCode>
        <idValue>Currency Adjustment - Break Bulk</idValue>
    <idCode>CA2</idCode>
        <idValue>Currency Adjustment - 20 Foot Container</idValue>
    <idCode>CA4</idCode>
        <idValue>Currency Adjustment - 40 Foot Container</idValue>
    <idCode>CAA</idCode>
        <idValue>Cancellation Charge</idValue>
    <idCode>CAC</idCode>
        <idValue>Cash Discount</idValue>
    <idCode>CAD</idCode>
        <idValue>Certification Fee</idValue>
    <idCode>CAE</idCode>
        <idValue>Co-manufacturing Discount</idValue>
    <idCode>CAF</idCode>
        <idValue>Competitive Allowance</idValue>
    <idCode>CAG</idCode>
        <idValue>Competitive Car Allowance</idValue>
    <idCode>CAH</idCode>
        <idValue>Compressor Charge</idValue>
    <idCode>CAJ</idCode>
        <idValue>Crafting</idValue>
    <idCode>CAK</idCode>
        <idValue>Customer Equipment Allowance</idValue>
    <idCode>CAL</idCode>
        <idValue>Cutting Charge</idValue>
    <idCode>CAO</idCode>
        <idValue>Co-op Credit</idValue>
    <idCode>CAP</idCode>
        <idValue>Car Loading</idValue>
    <idCode>CAQ</idCode>
        <idValue>Contract Escalation</idValue>
    <idCode>CAR</idCode>
        <idValue>Car Rental</idValue>
    <idCode>CAS</idCode>
        <idValue>Container Deposits</idValue>
    <idCode>CAV</idCode>
        <idValue>Contract Allowance</idValue>
    <idCode>CAW</idCode>
        <idValue>Cooperative Advertising/Merchandising Allowance (Performance)</idValue>
    <idCode>CAZ</idCode>
        <idValue>Claims Commercial Auto Report Charge</idValue>
    <idCode>CBL</idCode>
        <idValue>Copy of Bill of Lading Charge</idValue>
    <idCode>CBO</idCode>
        <idValue>Cents Off</idValue>
    <idCode>CBP</idCode>
        <idValue>Competitive Price</idValue>
    <idCode>CBR</idCode>
        <idValue>Carrier</idValue>
    <idCode>CBW</idCode>
        <idValue>Container Allowance</idValue>
    <idCode>CBX</idCode>
        <idValue>City Sales Tax (Only)</idValue>
    <idCode>CCA</idCode>
        <idValue>Carrier Credit Allowance</idValue>
    <idCode>CCH</idCode>
        <idValue>Certification Charge</idValue>
    <idCode>CCP</idCode>
        <idValue>Claims Commercial Property Report Charge</idValue>
    <idCode>CCR</idCode>
        <idValue>Concession Credit</idValue>
    <idCode>CCS</idCode>
        <idValue>Carrier Caboose Charge</idValue>
    <idCode>CDA</idCode>
        <idValue>Carrier Debit Allowance</idValue>
    <idCode>CDD</idCode>
        <idValue>Corrosion Additive Service Charge</idValue>
    <idCode>CDF</idCode>
        <idValue>Cancelled Order, Heavy Duty Flatcar</idValue>
    <idCode>CDR</idCode>
        <idValue>Copy of Delivery Receipt Charge</idValue>
    <idCode>CER</idCode>
        <idValue>Container Service Charge UK/EUR</idValue>
    <idCode>CFC</idCode>
        <idValue>Customs Fees - Container Level</idValue>
    <idCode>CFL</idCode>
        <idValue>Customs Fees - Lift Level</idValue>
    <idCode>CGC</idCode>
        <idValue>Carrier Guard Car Charge</idValue>
    <idCode>CGL</idCode>
        <idValue>Canada Great Lakes Additionals</idValue>
    <idCode>CGR</idCode>
        <idValue>Return Carrier Guard Car Charge</idValue>
    <idCode>CGT</idCode>
        <idValue>Cargo Taxes</idValue>
    <idCode>CHE</idCode>
        <idValue>Chassis Equipment Lease Charge</idValue>
    <idCode>CHG</idCode>
        <idValue>Charges Forward/Advance Charge</idValue>
    <idCode>CHN</idCode>
        <idValue>Chain and Binders</idValue>
    <idCode>CIR</idCode>
        <idValue>Special Circus Trains</idValue>
    <idCode>CIS</idCode>
        <idValue>Constant Surveillance</idValue>
    <idCode>CLC</idCode>
        <idValue>Chicago Loop Charge</idValue>
    <idCode>CLD</idCode>
        <idValue>Container Loss/Damage</idValue>
    <idCode>CLN</idCode>
        <idValue>Cleaning Charge</idValue>
    <idCode>CLS</idCode>
        <idValue>Container Leasing</idValue>
    <idCode>CMC</idCode>
        <idValue>Concession Money</idValue>
    <idCode>CMF</idCode>
        <idValue>City maintenance fee</idValue>
    <idCode>CMI</idCode>
        <idValue>Continuous Mileage</idValue>
    <idCode>CMP</idCode>
        <idValue>Camp Arbitrary</idValue>
    <idCode>CNS</idCode>
        <idValue>Consolidation</idValue>
    <idCode>CNV</idCode>
        <idValue>Converting</idValue>
    <idCode>COA</idCode>
        <idValue>Commission Amount</idValue>
    <idCode>COC</idCode>
        <idValue>Connect Charge</idValue>
    <idCode>COD</idCode>
        <idValue>COD Amount</idValue>
    <idCode>COF</idCode>
        <idValue>Ocean Freight</idValue>
    <idCode>COL</idCode>
        <idValue>Fee for Collecting COD Charge</idValue>
    <idCode>COM</idCode>
        <idValue>Combination</idValue>
    <idCode>CON</idCode>
        <idValue>Congestion Surcharge</idValue>
    <idCode>COP</idCode>
        <idValue>Port Changes</idValue>
    <idCode>COR</idCode>
        <idValue>Core Charge</idValue>
    <idCode>COU</idCode>
        <idValue>Consignee Unload</idValue>
    <idCode>CPA</idCode>
        <idValue>Claims Personal Auto Report Charge</idValue>
    <idCode>CPC</idCode>
        <idValue>Copilot Service Charge</idValue>
    <idCode>CPE</idCode>
        <idValue>Computer Processing Expense</idValue>
    <idCode>CPP</idCode>
        <idValue>Claims Personal Property Report Charge</idValue>
    <idCode>CRA</idCode>
        <idValue>Cost recovery/adjustment</idValue>
    <idCode>CRF</idCode>
        <idValue>Cost Recovery Factor</idValue>
    <idCode>CRP</idCode>
        <idValue>Court Reporter Charge</idValue>
    <idCode>CRR</idCode>
        <idValue>Credit Report Charge</idValue>
    <idCode>CRS</idCode>
        <idValue>Courier Services</idValue>
    <idCode>CSA</idCode>
        <idValue>Closing &amp; Sealing</idValue>
    <idCode>CSC</idCode>
        <idValue>Contract Service Charge</idValue>
    <idCode>CSE</idCode>
        <idValue>Customs Entry</idValue>
    <idCode>CSF</idCode>
        <idValue>Customs Formalities</idValue>
    <idCode>CSP</idCode>
        <idValue>Government Caboose Charge</idValue>
    <idCode>CSR</idCode>
        <idValue>Conservation research fee</idValue>
    <idCode>CST</idCode>
        <idValue>Cassette</idValue>
    <idCode>CTA</idCode>
        <idValue>Container/Trailer Allowance</idValue>
    <idCode>CTC</idCode>
        <idValue>Container Service Charge USA/Canada</idValue>
    <idCode>CTD</idCode>
        <idValue>Customer Required Special Truck at Destination</idValue>
    <idCode>CTE</idCode>
        <idValue>Court or Trial Expense</idValue>
    <idCode>CTF</idCode>
        <idValue>Chassis Transfer</idValue>
    <idCode>CTG</idCode>
        <idValue>Cartage Charge</idValue>
    <idCode>CTL</idCode>
        <idValue>Controlled Atmosphere</idValue>
    <idCode>CTO</idCode>
        <idValue>Customer Required Special Truck at Origin</idValue>
    <idCode>CTR</idCode>
        <idValue>Circuitous Routing Charge</idValue>
    <idCode>CTX</idCode>
        <idValue>Customs Exams (Intensive, Tailgate)</idValue>
    <idCode>CUA</idCode>
        <idValue>Currency Adjustment</idValue>
    <idCode>CUD</idCode>
        <idValue>Currency Discount</idValue>
    <idCode>CUF</idCode>
        <idValue>Currency Adjustment Factor</idValue>
    <idCode>CUP</idCode>
        <idValue>Customer Paid Deductible</idValue>
    <idCode>CUS</idCode>
        <idValue>Customs Charge</idValue>
    <idCode>DAA</idCode>
        <idValue>Deficit Freight</idValue>
    <idCode>DAB</idCode>
        <idValue>Deposit</idValue>
    <idCode>DAC</idCode>
        <idValue>Distributor Discount/Allowance</idValue>
    <idCode>DAD</idCode>
        <idValue>Drum Up Charge</idValue>
    <idCode>DAM</idCode>
        <idValue>Damaged Merchandise</idValue>
    <idCode>DBD</idCode>
        <idValue>Dockage - Boat Detention</idValue>
    <idCode>DBL</idCode>
        <idValue>Double Wide Separate and Reassemble</idValue>
    <idCode>DBP</idCode>
        <idValue>Delivery of Fuel from Barge to Pipeline Charge</idValue>
    <idCode>DCE</idCode>
        <idValue>Damage to Carrier Equipment</idValue>
    <idCode>DCS</idCode>
        <idValue>Disconnect charge</idValue>
    <idCode>DCT</idCode>
        <idValue>City Delivery</idValue>
    <idCode>DCV</idCode>
        <idValue>Damage to Carrier Vessel</idValue>
    <idCode>DDA</idCode>
        <idValue>Defective Allowance</idValue>
    <idCode>DDC</idCode>
        <idValue>Drum Cost</idValue>
    <idCode>DDD</idCode>
        <idValue>Drum Deposit</idValue>
    <idCode>DDF</idCode>
        <idValue>Dowel Pin Charge</idValue>
    <idCode>DDN</idCode>
        <idValue>Dual Driver with National Agency Check</idValue>
    <idCode>DDP</idCode>
        <idValue>Dual Driver Protectice Service</idValue>
    <idCode>DDS</idCode>
        <idValue>Deaf and Disabled Surcharge</idValue>
    <idCode>DDZ</idCode>
        <idValue>Drayage at Port of Debarkation (Zone Rate)</idValue>
    <idCode>DEA</idCode>
        <idValue>Demurrage - Average Agreement</idValue>
    <idCode>DED</idCode>
        <idValue>Deductible</idValue>
    <idCode>DEL</idCode>
        <idValue>Delivery Charge</idValue>
    <idCode>DEM</idCode>
        <idValue>Demurrage</idValue>
    <idCode>DEP</idCode>
        <idValue>Detention of Power Units</idValue>
    <idCode>DER</idCode>
        <idValue>Derrick Charge</idValue>
    <idCode>DES</idCode>
        <idValue>Demurrage - Special</idValue>
    <idCode>DET</idCode>
        <idValue>Detention of Trailers</idValue>
    <idCode>DEV</idCode>
        <idValue>Texas Rail Commission Deviation Charge</idValue>
    <idCode>DEW</idCode>
        <idValue>Detention Without Power Unit</idValue>
    <idCode>DEZ</idCode>
        <idValue>Drayage at Port of Embarkation (Zone Rate)</idValue>
    <idCode>DFD</idCode>
        <idValue>Keep from Freezing Percent Differential</idValue>
    <idCode>DFM</idCode>
        <idValue>410 Dromedary with Mechanical Restraining Devices Charge</idValue>
    <idCode>DFS</idCode>
        <idValue>410 Dromedary</idValue>
    <idCode>DFW</idCode>
        <idValue>Delay Furnishing Destination Weights</idValue>
    <idCode>DGE</idCode>
        <idValue>Damage to Government Equipment</idValue>
    <idCode>DGS</idCode>
        <idValue>Dangerous Goods Surcharge</idValue>
    <idCode>DIC</idCode>
        <idValue>Diversion Charge</idValue>
    <idCode>DIR</idCode>
        <idValue>Direct Repair</idValue>
    <idCode>DIS</idCode>
        <idValue>Distribution Service</idValue>
    <idCode>DIV</idCode>
        <idValue>Diversion and Reconsignment</idValue>
    <idCode>DLH</idCode>
        <idValue>Drayage/Line Haul</idValue>
    <idCode>DLP</idCode>
        <idValue>Delivery of Fuel from Rail Tank Car to Pipeline Charge</idValue>
    <idCode>DMC</idCode>
        <idValue>Deadhead Mileage Charge</idValue>
    <idCode>DMD</idCode>
        <idValue>Demand charge</idValue>
    <idCode>DNA</idCode>
        <idValue>Dunnage Allowance</idValue>
    <idCode>DOC</idCode>
        <idValue>Documentation Charge</idValue>
    <idCode>DON</idCode>
        <idValue>Deposit in Lieu of Order</idValue>
    <idCode>DOV</idCode>
        <idValue>Container Diversion</idValue>
    <idCode>DPB</idCode>
        <idValue>Delivery of Fuel from Pipeline to Barge Charge</idValue>
    <idCode>DPD</idCode>
        <idValue>Drayage at Port of Debarkation</idValue>
    <idCode>DPE</idCode>
        <idValue>Drayage at Port of Embarkation</idValue>
    <idCode>DPL</idCode>
        <idValue>Delivery of Fuel from Pipeline to Rail Tank Car Charge</idValue>
    <idCode>DPR</idCode>
        <idValue>Depreciation</idValue>
    <idCode>DPT</idCode>
        <idValue>Delivery of Fuel from Pipeline to Tank Truck or Trailer Charge</idValue>
    <idCode>DPU</idCode>
        <idValue>Detention with Power Units (30 minute periods) Charge</idValue>
    <idCode>DRC</idCode>
        <idValue>Drayage</idValue>
    <idCode>DRP</idCode>
        <idValue>Deramping</idValue>
    <idCode>DRV</idCode>
        <idValue>Driver License Record Report Charge</idValue>
    <idCode>DRY</idCode>
        <idValue>Dryer Charge</idValue>
    <idCode>DSC</idCode>
        <idValue>Discount</idValue>
    <idCode>DSF</idCode>
        <idValue>Detention - Special Type Flat Car</idValue>
    <idCode>DSM</idCode>
        <idValue>Dromedary with Mechanical Restraining Devices Charge</idValue>
    <idCode>DSR</idCode>
        <idValue>Dromedary Service Charge</idValue>
    <idCode>DST</idCode>
        <idValue>Container Destuffing</idValue>
    <idCode>DTA</idCode>
        <idValue>Diversion to Air Charge</idValue>
    <idCode>DTB</idCode>
        <idValue>Detention (Labor)</idValue>
    <idCode>DTC</idCode>
        <idValue>Destination Charge</idValue>
    <idCode>DTD</idCode>
        <idValue>Destination Duty</idValue>
    <idCode>DTF</idCode>
        <idValue>Destination Inland Freight</idValue>
    <idCode>DTL</idCode>
        <idValue>Detention Loading</idValue>
    <idCode>DTP</idCode>
        <idValue>Delivery of Fuel from Tank Truck or Trailer to Pipeline Charge</idValue>
    <idCode>DTU</idCode>
        <idValue>Detention Unloading</idValue>
    <idCode>DTV</idCode>
        <idValue>Detention (Vehicle)</idValue>
    <idCode>DWC</idCode>
        <idValue>Driver&apos;s Wages</idValue>
    <idCode>DWP</idCode>
        <idValue>Detention with Power Units (60 minute periods) Charge</idValue>
    <idCode>EAC</idCode>
        <idValue>Exchange Access Credit</idValue>
    <idCode>EAX</idCode>
        <idValue>Extra Axles</idValue>
    <idCode>EBD</idCode>
        <idValue>Exhibition Delivery Charge</idValue>
    <idCode>EBP</idCode>
        <idValue>Exhibition Pickup Charge</idValue>
    <idCode>ECC</idCode>
        <idValue>Will Call Charge</idValue>
    <idCode>ECR</idCode>
        <idValue>Escort/Courier Service Charge</idValue>
    <idCode>ECS</idCode>
        <idValue>Empty Railcar Ordered But Not Used Charge</idValue>
    <idCode>EDD</idCode>
        <idValue>Equipment Hose at Destination Charge</idValue>
    <idCode>EDO</idCode>
        <idValue>Equipment Hose at Origin Charge</idValue>
    <idCode>EEA</idCode>
        <idValue>Early Buy Allowance</idValue>
    <idCode>EEB</idCode>
        <idValue>Early Payment Allowance</idValue>
    <idCode>EEC</idCode>
        <idValue>Escalation</idValue>
    <idCode>EEF</idCode>
        <idValue>Expediting Fee</idValue>
    <idCode>EEG</idCode>
        <idValue>One Time Engineering Charge</idValue>
    <idCode>EEH</idCode>
        <idValue>Engineering Charge</idValue>
    <idCode>EEP</idCode>
        <idValue>Expediting Premium</idValue>
    <idCode>EEX</idCode>
        <idValue>Export Shipping Charge</idValue>
    <idCode>EIC</idCode>
        <idValue>Export/Import Charge</idValue>
    <idCode>ELS</idCode>
        <idValue>Extra Lights</idValue>
    <idCode>EMR</idCode>
        <idValue>Emergency Response Service</idValue>
    <idCode>EMS</idCode>
        <idValue>Emergency Surcharge</idValue>
    <idCode>EMT</idCode>
        <idValue>Empty Movement</idValue>
    <idCode>ENC</idCode>
        <idValue>Energy charge</idValue>
    <idCode>ENS</idCode>
        <idValue>Energy Surcharge (Fuel Adjustment Factor)</idValue>
    <idCode>EPC</idCode>
        <idValue>Emergency Port Charge</idValue>
    <idCode>EPS</idCode>
        <idValue>Environmental Protection Service</idValue>
    <idCode>ERS</idCode>
        <idValue>Empty Return</idValue>
    <idCode>ERT</idCode>
        <idValue>Satisfactory Service Standards Charge</idValue>
    <idCode>ESA</idCode>
        <idValue>Early Ship Allowance</idValue>
    <idCode>ESC</idCode>
        <idValue>Emergency Service</idValue>
    <idCode>ESD</idCode>
        <idValue>Estimated Customs Duty (Dutypaid - Charge)</idValue>
    <idCode>ESE</idCode>
        <idValue>External Service Expense</idValue>
    <idCode>ETR</idCode>
        <idValue>Empty Trailer Returned Charge</idValue>
    <idCode>EUC</idCode>
        <idValue>European Port Charges</idValue>
    <idCode>EVC</idCode>
        <idValue>Excessive Value Charge</idValue>
    <idCode>EXC</idCode>
        <idValue>Exclusive Use Charge</idValue>
    <idCode>EXD</idCode>
        <idValue>Extra Driver</idValue>
    <idCode>EXL</idCode>
        <idValue>Extra Length</idValue>
    <idCode>EXM</idCode>
        <idValue>Excess Mileage Charge</idValue>
    <idCode>EXP</idCode>
        <idValue>Expedited Service Charge</idValue>
    <idCode>EXS</idCode>
        <idValue>Excess Periods</idValue>
    <idCode>EXW</idCode>
        <idValue>Excess Weight</idValue>
    <idCode>EXZ</idCode>
        <idValue>Expando Remove and Install</idValue>
    <idCode>FAB</idCode>
        <idValue>F.E.T. Federal Excise Tax</idValue>
    <idCode>FAC</idCode>
        <idValue>F.E.T. (Percent)</idValue>
    <idCode>FAD</idCode>
        <idValue>F.E.T. (Dollar Value)</idValue>
    <idCode>FAE</idCode>
        <idValue>Fabrication Charge</idValue>
    <idCode>FAF</idCode>
        <idValue>F.E.T. Tires</idValue>
    <idCode>FAG</idCode>
        <idValue>Freight Equalization</idValue>
    <idCode>FAH</idCode>
        <idValue>Freight Surcharge</idValue>
    <idCode>FAK</idCode>
        <idValue>Barge Freight All Kinds Service</idValue>
    <idCode>FBD</idCode>
        <idValue>Freight, Based on Dollar Minimum</idValue>
    <idCode>FCB</idCode>
        <idValue>Freight Charges to Border</idValue>
    <idCode>FCD</idCode>
        <idValue>Freight Charges to Destination</idValue>
    <idCode>FCI</idCode>
        <idValue>Freight Charges Inbound and Outbound</idValue>
    <idCode>FCS</idCode>
        <idValue>Furnishing Chassis</idValue>
    <idCode>FDL</idCode>
        <idValue>Food and Lodging</idValue>
    <idCode>FDS</idCode>
        <idValue>Financial Document Surcharge</idValue>
    <idCode>FFC</idCode>
        <idValue>Fuel Filters Furnished by Carrier Charge</idValue>
    <idCode>FFI</idCode>
        <idValue>Finance Charge</idValue>
    <idCode>FFL</idCode>
        <idValue>Freshness/Leaker Allowance</idValue>
    <idCode>FFN</idCode>
        <idValue>Special Finish Charge</idValue>
    <idCode>FFP</idCode>
        <idValue>Freight Passthrough</idValue>
    <idCode>FFR</idCode>
        <idValue>Flat Rate</idValue>
    <idCode>FFS</idCode>
        <idValue>Fuel Filters Furnished by Shipper Charge</idValue>
    <idCode>FIR</idCode>
        <idValue>Fire Report</idValue>
    <idCode>FLS</idCode>
        <idValue>Flatrack Surcharge</idValue>
    <idCode>FLT</idCode>
        <idValue>Ferry Service</idValue>
    <idCode>FMR</idCode>
        <idValue>Foreign Military Sales (FMS) Rental</idValue>
    <idCode>FMS</idCode>
        <idValue>Foreign Military Sales (FMS) Special Charge</idValue>
    <idCode>FRC</idCode>
        <idValue>Franchise fee</idValue>
    <idCode>FTC</idCode>
        <idValue>Federal Transfer Surcharge</idValue>
    <idCode>FTR</idCode>
        <idValue>Filtration Service Charge</idValue>
    <idCode>FUE</idCode>
        <idValue>Fuel Charge</idValue>
    <idCode>FWA</idCode>
        <idValue>Forwarding Agent Commission</idValue>
    <idCode>FWC</idCode>
        <idValue>Forwarding Charge</idValue>
    <idCode>FXE</idCode>
        <idValue>Texas Rail Commission Fixed Charge</idValue>
    <idCode>GAR</idCode>
        <idValue>Garment District</idValue>
    <idCode>GAT</idCode>
        <idValue>Gate Inspection Charge (Intermodal)</idValue>
    <idCode>GDR</idCode>
        <idValue>Grain Doors</idValue>
    <idCode>GGA</idCode>
        <idValue>Glaze Allowance</idValue>
    <idCode>GGF</idCode>
        <idValue>Gold Factor</idValue>
    <idCode>GKT</idCode>
        <idValue>Gasket</idValue>
    <idCode>GMS</idCode>
        <idValue>Garment Surcharge</idValue>
    <idCode>GOC</idCode>
        <idValue>Government-owned Containers</idValue>
    <idCode>GPD</idCode>
        <idValue>Gulf Port Delivery Charge</idValue>
    <idCode>GRD</idCode>
        <idValue>Groupage Discount</idValue>
    <idCode>GRS</idCode>
        <idValue>Gross Receipts Surcharge</idValue>
    <idCode>GSP</idCode>
        <idValue>Government Guard Car Charge</idValue>
    <idCode>GSS</idCode>
        <idValue>Greater Security Service</idValue>
    <idCode>GST</idCode>
        <idValue>Goods and Services Tax Charge</idValue>
    <idCode>HAN</idCode>
        <idValue>Handling Charges on Distribution Freight Forwarded Beyond</idValue>
    <idCode>HAZ</idCode>
        <idValue>Hazardous Cargo Charge</idValue>
    <idCode>HBD</idCode>
        <idValue>Harbor Dues</idValue>
    <idCode>HDF</idCode>
        <idValue>Heavy Duty Flat Car Charge</idValue>
    <idCode>HDG</idCode>
        <idValue>Holding Charge</idValue>
    <idCode>HDH</idCode>
        <idValue>Shipment Holdover Charge for Holidays</idValue>
    <idCode>HDW</idCode>
        <idValue>Shipment Holdover Charge for Weekends</idValue>
    <idCode>HET</idCode>
        <idValue>Heat in Transit Charges</idValue>
    <idCode>HFA</idCode>
        <idValue>Handling Freight At Positions Not Immediately Adjacent To Vehicle Charge</idValue>
    <idCode>HHA</idCode>
        <idValue>Hauling and Hoisting to be Direct Billed</idValue>
    <idCode>HHB</idCode>
        <idValue>Handling</idValue>
    <idCode>HHG</idCode>
        <idValue>Household Goods Pick-up or Delivery</idValue>
    <idCode>HIC</idCode>
        <idValue>Highway Interchange</idValue>
    <idCode>HLF</idCode>
        <idValue>Home Line Freight Charge</idValue>
    <idCode>HMA</idCode>
        <idValue>Accessible Hazardous Material</idValue>
    <idCode>HMI</idCode>
        <idValue>Inaccessible Hazardous Material</idValue>
    <idCode>HOC</idCode>
        <idValue>Hook-up charge</idValue>
    <idCode>HOL</idCode>
        <idValue>Sunday or Holiday Pick-up or Delivery</idValue>
    <idCode>HOS</idCode>
        <idValue>Hose Charge</idValue>
    <idCode>HOX</idCode>
        <idValue>Hose Charge Special</idValue>
    <idCode>HRS</idCode>
        <idValue>Heater or Refrigeration</idValue>
    <idCode>HSC</idCode>
        <idValue>High Security Red In-bond Seal Charge</idValue>
    <idCode>HUL</idCode>
        <idValue>Heavy Lift</idValue>
    <idCode>HZC</idCode>
        <idValue>Hazardous Materials Surcharge Charge</idValue>
    <idCode>HZD</idCode>
        <idValue>Hazardous Cargo on Deck</idValue>
    <idCode>HZS</idCode>
        <idValue>Hazardous Storage</idValue>
    <idCode>IAA</idCode>
        <idValue>Industry Price Allowance</idValue>
    <idCode>IAB</idCode>
        <idValue>Income Freight (Manufacturing to Shipping Point)</idValue>
    <idCode>IAC</idCode>
        <idValue>Inspection Fee</idValue>
    <idCode>ICE</idCode>
        <idValue>Cooling Service</idValue>
    <idCode>IDC</idCode>
        <idValue>Idler Car Charge</idValue>
    <idCode>IDD</idCode>
        <idValue>Improper Documentation</idValue>
    <idCode>IDL</idCode>
        <idValue>Inside Delivery</idValue>
    <idCode>IDP</idCode>
        <idValue>Interdivision Profit</idValue>
    <idCode>IFC</idCode>
        <idValue>Inbound Freight Charges</idValue>
    <idCode>IHT</idCode>
        <idValue>Interstate/Highway Toll</idValue>
    <idCode>IIA</idCode>
        <idValue>Invoice Adjustment</idValue>
    <idCode>IIH</idCode>
        <idValue>Icing Inhibitor Charge</idValue>
    <idCode>IIP</idCode>
        <idValue>Item Percentage</idValue>
    <idCode>IIU</idCode>
        <idValue>Item-Unit</idValue>
    <idCode>ILD</idCode>
        <idValue>Island Delivery Charge</idValue>
    <idCode>ILF</idCode>
        <idValue>Initial License Fee</idValue>
    <idCode>ILP</idCode>
        <idValue>Island Pick-Up Charge</idValue>
    <idCode>IMP</idCode>
        <idValue>Impactographs</idValue>
    <idCode>IMS</idCode>
        <idValue>Intermodal Shipment Service Charge</idValue>
    <idCode>INC</idCode>
        <idValue>Insurance Surcharge</idValue>
    <idCode>INP</idCode>
        <idValue>Interplant Charge</idValue>
    <idCode>INR</idCode>
        <idValue>Interest on refund</idValue>
    <idCode>INS</idCode>
        <idValue>Insurance</idValue>
    <idCode>INT</idCode>
        <idValue>Interpreter Expense</idValue>
    <idCode>IPC</idCode>
        <idValue>Intra-plant Charge</idValue>
    <idCode>IPU</idCode>
        <idValue>Inside Pick-up</idValue>
    <idCode>IRA</idCode>
        <idValue>Irish Arbitraries</idValue>
    <idCode>ISD</idCode>
        <idValue>Interest on security deposit</idValue>
    <idCode>ISO</idCode>
        <idValue>Intermodal Storage (Origin)</idValue>
    <idCode>IST</idCode>
        <idValue>Intermodal Storage (Destination)</idValue>
    <idCode>ITC</idCode>
        <idValue>Insulated Tank Charge</idValue>
    <idCode>ITS</idCode>
        <idValue>Interline Transfer Charge</idValue>
    <idCode>JST</idCode>
        <idValue>Junction Settlement Charge</idValue>
    <idCode>KIT</idCode>
        <idValue>Glass Kit</idValue>
    <idCode>LAA</idCode>
        <idValue>Labor Charges</idValue>
    <idCode>LAB</idCode>
        <idValue>Extra Labor (Helper Service)</idValue>
    <idCode>LAC</idCode>
        <idValue>Lading Adjustment Charge</idValue>
    <idCode>LAD</idCode>
        <idValue>Labor (Repair and Return Orders)</idValue>
    <idCode>LAE</idCode>
        <idValue>One-Time License Fee</idValue>
    <idCode>LAL</idCode>
        <idValue>Labor Adjustment Allowance</idValue>
    <idCode>LAT</idCode>
        <idValue>License and Title</idValue>
    <idCode>LAY</idCode>
        <idValue>Layover Charges</idValue>
    <idCode>LBR</idCode>
        <idValue>Light Bar Service Charge</idValue>
    <idCode>LC2</idCode>
        <idValue>Land Currency Adjustment Factor - 20 Foot Container</idValue>
    <idCode>LC4</idCode>
        <idValue>Land Currency Adjustment Factor - 40 Foot Container</idValue>
    <idCode>LCG</idCode>
        <idValue>Late Order Charge</idValue>
    <idCode>LCL</idCode>
        <idValue>Percent Differential - Less than Container</idValue>
    <idCode>LCR</idCode>
        <idValue>Labor Cost of Removal</idValue>
    <idCode>LDA</idCode>
        <idValue>Loading Allowance</idValue>
    <idCode>LDG</idCode>
        <idValue>Loading</idValue>
    <idCode>LDL</idCode>
        <idValue>Unloading Allowance</idValue>
    <idCode>LDS</idCode>
        <idValue>Locomotive Delayed in Switching Service</idValue>
    <idCode>LEC</idCode>
        <idValue>Less than Container</idValue>
    <idCode>LFC</idCode>
        <idValue>Lift Charge (Intermodal)</idValue>
    <idCode>LFD</idCode>
        <idValue>Linehaul from Port of Debarkation</idValue>
    <idCode>LFT</idCode>
        <idValue>Lift Gate (Truck) or Forklift Service at Pick-up/Delivery</idValue>
    <idCode>LGD</idCode>
        <idValue>Lodging</idValue>
    <idCode>LHS</idCode>
        <idValue>Linehaul Service</idValue>
    <idCode>LID</idCode>
        <idValue>Recurring License Fee</idValue>
    <idCode>LIE</idCode>
        <idValue>Liability of Carrier Charge</idValue>
    <idCode>LLB</idCode>
        <idValue>Limited Liability</idValue>
    <idCode>LLC</idCode>
        <idValue>Lot Charge</idValue>
    <idCode>LLD</idCode>
        <idValue>Lead Factor</idValue>
    <idCode>LLF</idCode>
        <idValue>Loan Fee</idValue>
    <idCode>LLS</idCode>
        <idValue>Local Sales Tax (All Applicable Sales Taxes by Taxing Authorities Below the State Level)</idValue>
    <idCode>LMC</idCode>
        <idValue>Labor, Modify</idValue>
    <idCode>LMD</idCode>
        <idValue>Liner Terms at Port of Debarkation</idValue>
    <idCode>LME</idCode>
        <idValue>Liner Terms at Port of Embarkation</idValue>
    <idCode>LNT</idCode>
        <idValue>Labor, No Trouble Found</idValue>
    <idCode>LOA</idCode>
        <idValue>Loading (Labor Charges)</idValue>
    <idCode>LOC</idCode>
        <idValue>Local Delivery/Drayage</idValue>
    <idCode>LPC</idCode>
        <idValue>Late payment charge</idValue>
    <idCode>LPD</idCode>
        <idValue>Linehaul Percent Differential</idValue>
    <idCode>LPF</idCode>
        <idValue>Laboratory Pack Fee</idValue>
    <idCode>LQD</idCode>
        <idValue>Liquidated Damages</idValue>
    <idCode>LSC</idCode>
        <idValue>Labor Service</idValue>
    <idCode>LSH</idCode>
        <idValue>Lashing</idValue>
    <idCode>LSS</idCode>
        <idValue>Lifeline Surcharge</idValue>
    <idCode>LTC</idCode>
        <idValue>Labor, Test and Calibrate</idValue>
    <idCode>LTE</idCode>
        <idValue>Linehaul to Port of Embarkation</idValue>
    <idCode>LUB</idCode>
        <idValue>Lubricant Charge</idValue>
    <idCode>LUP</idCode>
        <idValue>Locomotive Under Own Power</idValue>
    <idCode>LUS</idCode>
        <idValue>Leaking underground storage tax (LUST)</idValue>
    <idCode>LYC</idCode>
        <idValue>Layover Service Charge</idValue>
    <idCode>MAA</idCode>
        <idValue>Metals Surcharge</idValue>
    <idCode>MAB</idCode>
        <idValue>Mileage or Travel</idValue>
    <idCode>MAC</idCode>
        <idValue>Mileage Fee (For Repair and Return)</idValue>
    <idCode>MAD</idCode>
        <idValue>Minimum Order/Minimum Billing Charge</idValue>
    <idCode>MAE</idCode>
        <idValue>Monthly Rental</idValue>
    <idCode>MAR</idCode>
        <idValue>Marriage Rule</idValue>
    <idCode>MAT</idCode>
        <idValue>Modified Atmosphere</idValue>
    <idCode>MCC</idCode>
        <idValue>Machining Charge</idValue>
    <idCode>MDG</idCode>
        <idValue>Molding</idValue>
    <idCode>MDM</idCode>
        <idValue>Mount/Demount</idValue>
    <idCode>MEA</idCode>
        <idValue>Meals or Lodging Charge</idValue>
    <idCode>MEN</idCode>
        <idValue>Escort Service with Overnight Subsistence</idValue>
    <idCode>MES</idCode>
        <idValue>Escort Service</idValue>
    <idCode>MET</idCode>
        <idValue>Escort Service (Telephone)</idValue>
    <idCode>MFC</idCode>
        <idValue>Manifest Charge</idValue>
    <idCode>MFG</idCode>
        <idValue>Manufacturing</idValue>
    <idCode>MGA</idCode>
        <idValue>Message Rate Adjustment</idValue>
    <idCode>MGC</idCode>
        <idValue>Message Charge</idValue>
    <idCode>MIC</idCode>
        <idValue>Minimum Charge</idValue>
    <idCode>MIL</idCode>
        <idValue>Special Mileage Movements</idValue>
    <idCode>MIN</idCode>
        <idValue>Minimum Guarantee</idValue>
    <idCode>MKU</idCode>
        <idValue>Markup Charge</idValue>
    <idCode>MLB</idCode>
        <idValue>Minimum Bill of Lading Charge</idValue>
    <idCode>MLS</idCode>
        <idValue>Meals</idValue>
    <idCode>MMC</idCode>
        <idValue>Minimum/Maximum Charge</idValue>
    <idCode>MMF</idCode>
        <idValue>Mill Freight</idValue>
    <idCode>MMS</idCode>
        <idValue>Market Development Funds</idValue>
    <idCode>MMT</idCode>
        <idValue>Metropolitan Transit Tax</idValue>
    <idCode>MNC</idCode>
        <idValue>Notify Consignee</idValue>
    <idCode>MNS</idCode>
        <idValue>Motor Surveillance Service</idValue>
    <idCode>MPC</idCode>
        <idValue>Miscellaneous Parts Charge</idValue>
    <idCode>MRK</idCode>
        <idValue>Marking or Tagging Charge</idValue>
    <idCode>MRP</idCode>
        <idValue>Medical Report Charge</idValue>
    <idCode>MSC</idCode>
        <idValue>Other Accessorial Service Charge</idValue>
    <idCode>MSG</idCode>
        <idValue>Miscellaneous Charge</idValue>
    <idCode>MTR</idCode>
        <idValue>Meter Charge</idValue>
    <idCode>MUS</idCode>
        <idValue>Municipal Surcharge</idValue>
    <idCode>MVR</idCode>
        <idValue>Motor Vehicle Report (MVR) Charge</idValue>
    <idCode>MVS</idCode>
        <idValue>Special Motor Surveillance Charge</idValue>
    <idCode>MVT</idCode>
        <idValue>Venting Instructions</idValue>
    <idCode>NAA</idCode>
        <idValue>Non Generated Freight</idValue>
    <idCode>NAB</idCode>
        <idValue>New Store Allowance</idValue>
    <idCode>NAL</idCode>
        <idValue>Nozzle Charge</idValue>
    <idCode>NCH</idCode>
        <idValue>Order Notify Charge</idValue>
    <idCode>NDS</idCode>
        <idValue>Non-document Surcharge</idValue>
    <idCode>NFY</idCode>
        <idValue>Carrier Notification Charge</idValue>
    <idCode>NHB</idCode>
        <idValue>N.H.D. Wharfage</idValue>
    <idCode>NSD</idCode>
        <idValue>New Store Discount</idValue>
    <idCode>NWD</idCode>
        <idValue>New Warehouse Discount</idValue>
    <idCode>NYD</idCode>
        <idValue>New York Delivery Charge</idValue>
    <idCode>NYP</idCode>
        <idValue>New York Pick-up Charge</idValue>
    <idCode>OAA</idCode>
        <idValue>O.T.O. Charge</idValue>
    <idCode>OAB</idCode>
        <idValue>Overrun Charge</idValue>
    <idCode>OAC</idCode>
        <idValue>Overtime Loading</idValue>
    <idCode>OCH</idCode>
        <idValue>Ocean Charges -- Hazardous</idValue>
    <idCode>OCN</idCode>
        <idValue>Over Height Container</idValue>
    <idCode>ODF</idCode>
        <idValue>Collect on Delivery Deletion Charge</idValue>
    <idCode>OFR</idCode>
        <idValue>Official Report Charge</idValue>
    <idCode>OFU</idCode>
        <idValue>Fumigation</idValue>
    <idCode>ONC</idCode>
        <idValue>On Carriage</idValue>
    <idCode>OOC</idCode>
        <idValue>Option Charge (Color Fabric Office Furniture)</idValue>
    <idCode>OOD</idCode>
        <idValue>On Deck Break Bulk Differential</idValue>
    <idCode>OOF</idCode>
        <idValue>Order-Flat</idValue>
    <idCode>OPC</idCode>
        <idValue>Optional Charge</idValue>
    <idCode>ORC</idCode>
        <idValue>Operator Credit</idValue>
    <idCode>ORM</idCode>
        <idValue>Out of Route Miles</idValue>
    <idCode>OSC</idCode>
        <idValue>Outside Charge</idValue>
    <idCode>OSO</idCode>
        <idValue>Optional Software Support for Operational Support Systems</idValue>
    <idCode>OSS</idCode>
        <idValue>Optional Software Support for Switching Systems</idValue>
    <idCode>OUT</idCode>
        <idValue>Out of Zone Pick-up or Delivery</idValue>
    <idCode>OVR</idCode>
        <idValue>Over Dimension</idValue>
    <idCode>OWC</idCode>
        <idValue>Over Width Container</idValue>
    <idCode>PAA</idCode>
        <idValue>Percent of Product</idValue>
    <idCode>PAC</idCode>
        <idValue>Pump Air Charge</idValue>
    <idCode>PAD</idCode>
        <idValue>Premium Charge</idValue>
    <idCode>PAE</idCode>
        <idValue>Premium Transportation</idValue>
    <idCode>PAF</idCode>
        <idValue>Price Deviation</idValue>
    <idCode>PAG</idCode>
        <idValue>Professional Fees</idValue>
    <idCode>PAH</idCode>
        <idValue>Promotional Allowance</idValue>
    <idCode>PAI</idCode>
        <idValue>Promotional Discount</idValue>
    <idCode>PAJ</idCode>
        <idValue>Pump Charge</idValue>
    <idCode>PAK</idCode>
        <idValue>Preparation and Delivery</idValue>
    <idCode>PAL</idCode>
        <idValue>Parts Adjustment Allowance</idValue>
    <idCode>PAR</idCode>
        <idValue>Parts Charge</idValue>
    <idCode>PAT</idCode>
        <idValue>Priced Parts Charge</idValue>
    <idCode>PAV</idCode>
        <idValue>Pickup of Shipments on Saturday, Sunday, and/or Holidays Requiring Absolute Next Day Delivery Charge</idValue>
    <idCode>PBA</idCode>
        <idValue>Prior billing amount</idValue>
    <idCode>PBE</idCode>
        <idValue>Permits Bonds Escort Attendant</idValue>
    <idCode>PBL</idCode>
        <idValue>Pier Charges Other Than Wharfage</idValue>
    <idCode>PCH</idCode>
        <idValue>Protective Service Charge</idValue>
    <idCode>PCT</idCode>
        <idValue>City Pick-up</idValue>
    <idCode>PDB</idCode>
        <idValue>Prior Delivery Of Bill Charge</idValue>
    <idCode>PDC</idCode>
        <idValue>Preloading Charge</idValue>
    <idCode>PDS</idCode>
        <idValue>Pickup and Delivery from Storage in Transit</idValue>
    <idCode>PDY</idCode>
        <idValue>Pickup and Delivery Beyond Service Area Charge</idValue>
    <idCode>PEC</idCode>
        <idValue>Pallet Exchange Charge</idValue>
    <idCode>PEN</idCode>
        <idValue>Penalty Charge</idValue>
    <idCode>PER</idCode>
        <idValue>Permit Charge</idValue>
    <idCode>PFA</idCode>
        <idValue>Power Factor Adjustment</idValue>
    <idCode>PHC</idCode>
        <idValue>Photocopy</idValue>
    <idCode>PHG</idCode>
        <idValue>Photographs</idValue>
    <idCode>PIR</idCode>
        <idValue>Pier Pick-up and/or Delivery</idValue>
    <idCode>PKS</idCode>
        <idValue>Packing Surcharge</idValue>
    <idCode>PLC</idCode>
        <idValue>Insurance Placement Cost Charge</idValue>
    <idCode>PLT</idCode>
        <idValue>Pallets/Skids/Platforms</idValue>
    <idCode>PMC</idCode>
        <idValue>Prior Month Credit</idValue>
    <idCode>PMR</idCode>
        <idValue>Paint and Materials</idValue>
    <idCode>PMS</idCode>
        <idValue>Pickup of Shipments Requiring Same Day Delivery Service Charge</idValue>
    <idCode>PMT</idCode>
        <idValue>Pickup of Shipments Requiring Same Day Delivery Service and/or Delivery at a Specified Time Charge</idValue>
    <idCode>PMU</idCode>
        <idValue>Normal Pump Charge</idValue>
    <idCode>PMX</idCode>
        <idValue>Special Pump Charge</idValue>
    <idCode>PNA</idCode>
        <idValue>Prior Period Net Adjustment</idValue>
    <idCode>POC</idCode>
        <idValue>Piano/Organ Carry</idValue>
    <idCode>POD</idCode>
        <idValue>Proof of Delivery</idValue>
    <idCode>POL</idCode>
        <idValue>Police Report Charge</idValue>
    <idCode>POS</idCode>
        <idValue>Positioning at Origin</idValue>
    <idCode>PPC</idCode>
        <idValue>Per Pound Charge</idValue>
    <idCode>PPD</idCode>
        <idValue>Pickup and Delivery Service for Perishables Charge</idValue>
    <idCode>PPH</idCode>
        <idValue>Per Item Charge</idValue>
    <idCode>PPI</idCode>
        <idValue>Pick/Up Allowance</idValue>
    <idCode>PPM</idCode>
        <idValue>Precious Metal Content</idValue>
    <idCode>PPN</idCode>
        <idValue>Pallet Charge</idValue>
    <idCode>PPO</idCode>
        <idValue>Per Order Charge</idValue>
    <idCode>PPR</idCode>
        <idValue>Performance Award</idValue>
    <idCode>PPS</idCode>
        <idValue>Placement and/or Removal Charge</idValue>
    <idCode>PPT</idCode>
        <idValue>Parish/County Sales Tax (only)</idValue>
    <idCode>PPU</idCode>
        <idValue>Prepaid Usage Allowance</idValue>
    <idCode>PRB</idCode>
        <idValue>Prior Balance</idValue>
    <idCode>PRC</idCode>
        <idValue>Pre-carriage</idValue>
    <idCode>PRE</idCode>
        <idValue>Pre-carriage Excess</idValue>
    <idCode>PRK</idCode>
        <idValue>Parking</idValue>
    <idCode>PRL</idCode>
        <idValue>Prelodge Charge</idValue>
    <idCode>PRM</idCode>
        <idValue>Premise Use</idValue>
    <idCode>PRP</idCode>
        <idValue>Prior Period Rebook</idValue>
    <idCode>PRS</idCode>
        <idValue>Stuffing Charge</idValue>
    <idCode>PRV</idCode>
        <idValue>Prior Period Reversal</idValue>
    <idCode>PSC</idCode>
        <idValue>Protective Service - Cold</idValue>
    <idCode>PSD</idCode>
        <idValue>Preparation of Special Documents</idValue>
    <idCode>PSG</idCode>
        <idValue>Protective Service Security with Armed Guards</idValue>
    <idCode>PSH</idCode>
        <idValue>Protective Service - Heat</idValue>
    <idCode>PSS</idCode>
        <idValue>Protective Service Security</idValue>
    <idCode>PST</idCode>
        <idValue>Postage</idValue>
    <idCode>PTC</idCode>
        <idValue>Tobacco Products Report Charge</idValue>
    <idCode>PTS</idCode>
        <idValue>Protective Tarp for Security Purposes</idValue>
    <idCode>PUC</idCode>
        <idValue>Pick-up Charge</idValue>
    <idCode>PUD</idCode>
        <idValue>Pick-up and Delivery</idValue>
    <idCode>PUK</idCode>
        <idValue>Pack and Unpack</idValue>
    <idCode>PVB</idCode>
        <idValue>Bonded Privately Owned Vehicle Charge</idValue>
    <idCode>PVD</idCode>
        <idValue>Detention of Privately Owned Vehicle Charge</idValue>
    <idCode>PVI</idCode>
        <idValue>Inoperable Privately Owned Vehicle Charge</idValue>
    <idCode>PVL</idCode>
        <idValue>Loading/Unloading of Privately Owned Vehicle Charge</idValue>
    <idCode>PVP</idCode>
        <idValue>Privately Owned Vehicle Processing</idValue>
    <idCode>PVS</idCode>
        <idValue>Stop-offs for Privately Owned Vehicle Shipment Charge</idValue>
    <idCode>PVT</idCode>
        <idValue>Privately Owned Vehicle in Truckaway Service Charge</idValue>
    <idCode>PWH</idCode>
        <idValue>Pier Charges - Wharfage</idValue>
    <idCode>PWT</idCode>
        <idValue>Pallet Allowance</idValue>
    <idCode>PYS</idCode>
        <idValue>Priority Service Charge</idValue>
    <idCode>QAA</idCode>
        <idValue>Quantity Surcharge</idValue>
    <idCode>QQD</idCode>
        <idValue>Quantity Discount</idValue>
    <idCode>RAA</idCode>
        <idValue>Rebate</idValue>
    <idCode>RAB</idCode>
        <idValue>Reclamation, Federal</idValue>
    <idCode>RAC</idCode>
        <idValue>Reclamation, State</idValue>
    <idCode>RAD</idCode>
        <idValue>Recovery Allowance</idValue>
    <idCode>RAE</idCode>
        <idValue>Redistribution Allowance</idValue>
    <idCode>RAF</idCode>
        <idValue>Rental Deduction</idValue>
    <idCode>RAG</idCode>
        <idValue>Repack Charge</idValue>
    <idCode>RAH</idCode>
        <idValue>Retainer</idValue>
    <idCode>RAI</idCode>
        <idValue>Resellers Discount</idValue>
    <idCode>RAJ</idCode>
        <idValue>Restocking Charge</idValue>
    <idCode>RAK</idCode>
        <idValue>Royalties</idValue>
    <idCode>RAL</idCode>
        <idValue>Roll Rebate</idValue>
    <idCode>RAM</idCode>
        <idValue>Ramping</idValue>
    <idCode>RCA</idCode>
        <idValue>No Return Credit Allowance</idValue>
    <idCode>RCB</idCode>
        <idValue>Repair at buyers expense charge</idValue>
    <idCode>RCC</idCode>
        <idValue>Reconsignment Charge</idValue>
    <idCode>RCD</idCode>
        <idValue>Reconsign Consignee Charge</idValue>
    <idCode>RCE</idCode>
        <idValue>Repair at customer expense charge</idValue>
    <idCode>RCG</idCode>
        <idValue>Repair at government expense charge</idValue>
    <idCode>RCL</idCode>
        <idValue>Redelivery</idValue>
    <idCode>RCP</idCode>
        <idValue>Recoopering (at Owner&apos;s or Shipper&apos;s Expense)</idValue>
    <idCode>RCS</idCode>
        <idValue>Reconnect charge</idValue>
    <idCode>RDC</idCode>
        <idValue>Reconsign Delivery Charge</idValue>
    <idCode>RDF</idCode>
        <idValue>Research &amp; development fee</idValue>
    <idCode>RDH</idCode>
        <idValue>Railhead Handling</idValue>
    <idCode>REC</idCode>
        <idValue>Return Cargo Charge</idValue>
    <idCode>REE</idCode>
        <idValue>Regulatory Fee</idValue>
    <idCode>REF</idCode>
        <idValue>Refrigeration</idValue>
    <idCode>REG</idCode>
        <idValue>Regulatory tax</idValue>
    <idCode>REL</idCode>
        <idValue>Requested Labor Charge</idValue>
    <idCode>REP</idCode>
        <idValue>Residential Pick-up</idValue>
    <idCode>REQ</idCode>
        <idValue>Request Via Canada</idValue>
    <idCode>RES</idCode>
        <idValue>Residential Delivery</idValue>
    <idCode>RET</idCode>
        <idValue>Returned Load</idValue>
    <idCode>RFD</idCode>
        <idValue>Refund</idValue>
    <idCode>RFM</idCode>
        <idValue>Reefer Maintenance</idValue>
    <idCode>RGA</idCode>
        <idValue>Regain Allowance</idValue>
    <idCode>RGC</idCode>
        <idValue>Regain Charge</idValue>
    <idCode>RHM</idCode>
        <idValue>Recurring Hardware Maintenance Charge</idValue>
    <idCode>RID</idCode>
        <idValue>Riding Attendant Charge</idValue>
    <idCode>RIE</idCode>
        <idValue>Released Value Charge in Excess of Carrier Maximum Liability Charge</idValue>
    <idCode>RLA</idCode>
        <idValue>Retail Loss Allowance</idValue>
    <idCode>RLC</idCode>
        <idValue>Rents and Leases</idValue>
    <idCode>RLQ</idCode>
        <idValue>Relinquishment Charge</idValue>
    <idCode>RLS</idCode>
        <idValue>Relocation of Vehicle</idValue>
    <idCode>RMB</idCode>
        <idValue>Rocky Mountain Bureau 583 Item 1100 Arbitrary Charge</idValue>
    <idCode>RMC</idCode>
        <idValue>Return of Empty Container Charge</idValue>
    <idCode>RMD</idCode>
        <idValue>Refrigeration/Mechanical Detention</idValue>
    <idCode>RMP</idCode>
        <idValue>Return Movement of Pallet Charge</idValue>
    <idCode>RMS</idCode>
        <idValue>Rail Surveillance</idValue>
    <idCode>ROC</idCode>
        <idValue>Roll Out Adjustment</idValue>
    <idCode>RPC</idCode>
        <idValue>Reduction Prepalletized Cargo</idValue>
    <idCode>RPD</idCode>
        <idValue>Reefer Cargo Percent Differential</idValue>
    <idCode>RRC</idCode>
        <idValue>Reel Cable</idValue>
    <idCode>RRD</idCode>
        <idValue>Reel Deposit</idValue>
    <idCode>RRF</idCode>
        <idValue>Refurbishing Charge</idValue>
    <idCode>RRN</idCode>
        <idValue>Rental Charge</idValue>
    <idCode>RRP</idCode>
        <idValue>Repair Charge</idValue>
    <idCode>RRR</idCode>
        <idValue>Regulatory required refund</idValue>
    <idCode>RSM</idCode>
        <idValue>Recurring Software Maintenance Charge</idValue>
    <idCode>RSP</idCode>
        <idValue>Reshipment</idValue>
    <idCode>RSS</idCode>
        <idValue>Restricted Speeds</idValue>
    <idCode>RST</idCode>
        <idValue>Respotting</idValue>
    <idCode>RSV</idCode>
        <idValue>Reservations</idValue>
    <idCode>RTC</idCode>
        <idValue>Rate Code</idValue>
    <idCode>SAA</idCode>
        <idValue>Subject to Cooperative Advertising Allowance</idValue>
    <idCode>SAB</idCode>
        <idValue>Shipping and Handling</idValue>
    <idCode>SAC</idCode>
        <idValue>Service Charge (with Cash Discount)</idValue>
    <idCode>SAD</idCode>
        <idValue>Scrap Allowance</idValue>
    <idCode>SAE</idCode>
        <idValue>Shrink-Wrap Charge</idValue>
    <idCode>SAF</idCode>
        <idValue>Special Credit</idValue>
    <idCode>SAG</idCode>
        <idValue>State Motor Fuel</idValue>
    <idCode>SAH</idCode>
        <idValue>Stenciling Charge</idValue>
    <idCode>SAI</idCode>
        <idValue>Super Fund Excise Tax</idValue>
    <idCode>SAJ</idCode>
        <idValue>Surcharge (Dollar Value)</idValue>
    <idCode>SAK</idCode>
        <idValue>Surcharge (Percentage)</idValue>
    <idCode>SAM</idCode>
        <idValue>Stopcharge</idValue>
    <idCode>SAN</idCode>
        <idValue>State Sales Charge</idValue>
    <idCode>SAP</idCode>
        <idValue>Service Assistance Program Surcharge</idValue>
    <idCode>SAS</idCode>
        <idValue>Shipment Holdover on Weekends Charge</idValue>
    <idCode>SAT</idCode>
        <idValue>Saturday Pick-up or Delivery Charge</idValue>
    <idCode>SBC</idCode>
        <idValue>Standby Charge</idValue>
    <idCode>SBL</idCode>
        <idValue>Sublet</idValue>
    <idCode>SCC</idCode>
        <idValue>Special Seal Charge</idValue>
    <idCode>SCD</idCode>
        <idValue>Special Containers</idValue>
    <idCode>SCG</idCode>
        <idValue>Small Order Charge</idValue>
    <idCode>SCL</idCode>
        <idValue>Scale Charge</idValue>
    <idCode>SCU</idCode>
        <idValue>Scale Charge Unloading</idValue>
    <idCode>SDC</idCode>
        <idValue>Special Detention Charge</idValue>
    <idCode>SDL</idCode>
        <idValue>Split Delivery</idValue>
    <idCode>SDS</idCode>
        <idValue>Special Dromedary Service</idValue>
    <idCode>SEC</idCode>
        <idValue>Special Equipment Charge</idValue>
    <idCode>SEE</idCode>
        <idValue>Stairs, Elevator, Excess Carry</idValue>
    <idCode>SEG</idCode>
        <idValue>Segregating (Sorting)</idValue>
    <idCode>SEL</idCode>
        <idValue>Self Unloader</idValue>
    <idCode>SEQ</idCode>
        <idValue>Ship Exact Quantity Charge</idValue>
    <idCode>SER</idCode>
        <idValue>Service Charge</idValue>
    <idCode>SEV</idCode>
        <idValue>Security Escort Vehicle Service</idValue>
    <idCode>SFB</idCode>
        <idValue>Single Factor Origination/Destination</idValue>
    <idCode>SFC</idCode>
        <idValue>Stuffing Charge</idValue>
    <idCode>SFD</idCode>
        <idValue>Single Factor Orginiation/Port of Debarkation</idValue>
    <idCode>SFE</idCode>
        <idValue>Single Factor Port of Embarkation/Destination</idValue>
    <idCode>SFT</idCode>
        <idValue>Special Train Movement</idValue>
    <idCode>SGL</idCode>
        <idValue>Single Pick-up</idValue>
    <idCode>SHH</idCode>
        <idValue>Shipment Holdover on Holidays Charge</idValue>
    <idCode>SHL</idCode>
        <idValue>Shipper Load</idValue>
    <idCode>SHS</idCode>
        <idValue>State Hazardous Substance Tax</idValue>
    <idCode>SHW</idCode>
        <idValue>Shipment Holdover on Weekdays Charge</idValue>
    <idCode>SKT</idCode>
        <idValue>Skirting and Unskirting</idValue>
    <idCode>SLC</idCode>
        <idValue>Street lamps charge</idValue>
    <idCode>SLP</idCode>
        <idValue>Slip Sheet Charge</idValue>
    <idCode>SMS</idCode>
        <idValue>State/Metropolitan Transit Authority Surcharge</idValue>
    <idCode>SNS</idCode>
        <idValue>Satellite Surveillance Service</idValue>
    <idCode>SNT</idCode>
        <idValue>Shipment from Non-temp Storage</idValue>
    <idCode>SOC</idCode>
        <idValue>Stop-off Charge</idValue>
    <idCode>SOP</idCode>
        <idValue>Stop-off at Pier Charge</idValue>
    <idCode>SPA</idCode>
        <idValue>Special Allowance</idValue>
    <idCode>SPB</idCode>
        <idValue>Special Buy</idValue>
    <idCode>SPC</idCode>
        <idValue>Special Permits</idValue>
    <idCode>SPD</idCode>
        <idValue>Spreader Charge</idValue>
    <idCode>SPL</idCode>
        <idValue>Spool Charge</idValue>
    <idCode>SPP</idCode>
        <idValue>Split Pick-Up at Pier Charge</idValue>
    <idCode>SPS</idCode>
        <idValue>Special Freight Supplements</idValue>
    <idCode>SPT</idCode>
        <idValue>Spotting of Trailer</idValue>
    <idCode>SPU</idCode>
        <idValue>Split Pick-up</idValue>
    <idCode>SRG</idCode>
        <idValue>Storage</idValue>
    <idCode>SRS</idCode>
        <idValue>Surveying Routes</idValue>
    <idCode>SSA</idCode>
        <idValue>Salvage</idValue>
    <idCode>SSB</idCode>
        <idValue>Super Bag Charge</idValue>
    <idCode>SSC</idCode>
        <idValue>Stripping, Sorting, and Consolidation</idValue>
    <idCode>SSF</idCode>
        <idValue>Single Shipment Fee</idValue>
    <idCode>SSL</idCode>
        <idValue>Select Charge</idValue>
    <idCode>SSO</idCode>
        <idValue>Pole, Wood-service Charge</idValue>
    <idCode>SSP</idCode>
        <idValue>Shipside Pickup</idValue>
    <idCode>SSS</idCode>
        <idValue>Software Support Service</idValue>
    <idCode>SST</idCode>
        <idValue>Sales Tax (State and Local)</idValue>
    <idCode>SSU</idCode>
        <idValue>Pole Lashing Equipment (PLE) Surcharge</idValue>
    <idCode>SSX</idCode>
        <idValue>Sales and Use Tax</idValue>
    <idCode>STA</idCode>
        <idValue>Conductivity/Anti-static Additive</idValue>
    <idCode>STC</idCode>
        <idValue>State Surcharge</idValue>
    <idCode>STD</idCode>
        <idValue>Stop-off at Destination</idValue>
    <idCode>STF</idCode>
        <idValue>Container Stuffing</idValue>
    <idCode>STL</idCode>
        <idValue>Standard Labor Charge</idValue>
    <idCode>STM</idCode>
        <idValue>Steaming Charge</idValue>
    <idCode>STO</idCode>
        <idValue>Stowage Charge</idValue>
    <idCode>STP</idCode>
        <idValue>Stopping in Transit</idValue>
    <idCode>STQ</idCode>
        <idValue>Stopoff at Orgination</idValue>
    <idCode>STR</idCode>
        <idValue>Storage in Transit</idValue>
    <idCode>STW</idCode>
        <idValue>Special tooling rework charge</idValue>
    <idCode>SUC</idCode>
        <idValue>Special Use</idValue>
    <idCode>SUF</idCode>
        <idValue>Sufferance Warehouse Charge (Export or Import)</idValue>
    <idCode>SUP</idCode>
        <idValue>Supervisor Charge</idValue>
    <idCode>SUR</idCode>
        <idValue>Surcharge</idValue>
    <idCode>SVA</idCode>
        <idValue>Single Invoice Allowance</idValue>
    <idCode>SVL</idCode>
        <idValue>Manual Surveillance of Shipment</idValue>
    <idCode>SVS</idCode>
        <idValue>Storage of Vehicles</idValue>
    <idCode>SWC</idCode>
        <idValue>Switching Charge</idValue>
    <idCode>TAA</idCode>
        <idValue>Telephone Charge</idValue>
    <idCode>TAB</idCode>
        <idValue>Tank Rental</idValue>
    <idCode>TAC</idCode>
        <idValue>Temporary Allowance</idValue>
    <idCode>TAD</idCode>
        <idValue>Tax on Transportation</idValue>
    <idCode>TAE</idCode>
        <idValue>Temporary Voluntary Allowance</idValue>
    <idCode>TAF</idCode>
        <idValue>Terminal Differential</idValue>
    <idCode>TAG</idCode>
        <idValue>Testing Charge</idValue>
    <idCode>TAH</idCode>
        <idValue>Tool Charge</idValue>
    <idCode>TAI</idCode>
        <idValue>Testing Allowance</idValue>
    <idCode>TAJ</idCode>
        <idValue>Trade In</idValue>
    <idCode>TAK</idCode>
        <idValue>Transportation and Setup</idValue>
    <idCode>TAL</idCode>
        <idValue>Truckload Discount</idValue>
    <idCode>TAR</idCode>
        <idValue>Tarping Charge</idValue>
    <idCode>TAX</idCode>
        <idValue>Tax Charge</idValue>
    <idCode>TAY</idCode>
        <idValue>Governmental Tax</idValue>
    <idCode>TCB</idCode>
        <idValue>Telegram Chargeback</idValue>
    <idCode>TCM</idCode>
        <idValue>Transportation Charge (Minimum Rate)</idValue>
    <idCode>TDT</idCode>
        <idValue>Truck Detention</idValue>
    <idCode>TER</idCode>
        <idValue>Terminal Charge</idValue>
    <idCode>TLC</idCode>
        <idValue>Trimming Charge</idValue>
    <idCode>TMS</idCode>
        <idValue>Multi-Tank Surveillance Service</idValue>
    <idCode>TMV</idCode>
        <idValue>Tendering of Multiple Vehicles</idValue>
    <idCode>TOA</idCode>
        <idValue>Total Assessorial Charges</idValue>
    <idCode>TOC</idCode>
        <idValue>TOFC Service Charge</idValue>
    <idCode>TPA</idCode>
        <idValue>Carrier Equipment Pool Charge</idValue>
    <idCode>TPC</idCode>
        <idValue>Throughput Container Charge</idValue>
    <idCode>TPS</idCode>
        <idValue>Third-Party Service</idValue>
    <idCode>TRA</idCode>
        <idValue>Travel Charge</idValue>
    <idCode>TRC</idCode>
        <idValue>Trailer Rental Charge</idValue>
    <idCode>TRE</idCode>
        <idValue>Travel Expense</idValue>
    <idCode>TRF</idCode>
        <idValue>Transfer Charge</idValue>
    <idCode>TRM</idCode>
        <idValue>Termination</idValue>
    <idCode>TRN</idCode>
        <idValue>Transit</idValue>
    <idCode>TRP</idCode>
        <idValue>Process in Transit Privilege</idValue>
    <idCode>TRS</idCode>
        <idValue>Transferred Charges</idValue>
    <idCode>TRU</idCode>
        <idValue>Thruway Charge</idValue>
    <idCode>TSC</idCode>
        <idValue>Testing Services Charge</idValue>
    <idCode>TSS</idCode>
        <idValue>Tank Surveillance Service</idValue>
    <idCode>TST</idCode>
        <idValue>Track Storage</idValue>
    <idCode>TTA</idCode>
        <idValue>Tank Car Allowance</idValue>
    <idCode>TTB</idCode>
        <idValue>Transportation-Direct Billing</idValue>
    <idCode>TTD</idCode>
        <idValue>Trade Discount</idValue>
    <idCode>TTL</idCode>
        <idValue>Local Tax</idValue>
    <idCode>TTM</idCode>
        <idValue>Tax on Miscellaneous Charges</idValue>
    <idCode>TTP</idCode>
        <idValue>Third Party Allowance</idValue>
    <idCode>TTR</idCode>
        <idValue>Throughput Allowance</idValue>
    <idCode>TTS</idCode>
        <idValue>State Tax</idValue>
    <idCode>TTT</idCode>
        <idValue>Transportation - Third Party Billing</idValue>
    <idCode>TTU</idCode>
        <idValue>Tire Repair and Replace</idValue>
    <idCode>TTV</idCode>
        <idValue>Transportation - Vendor Provided</idValue>
    <idCode>TUR</idCode>
        <idValue>Turning Charge</idValue>
    <idCode>TWO</idCode>
        <idValue>Two Door Pick Up</idValue>
    <idCode>UFC</idCode>
        <idValue>Under Carriage Furnished By Carrier Charge</idValue>
    <idCode>UND</idCode>
        <idValue>Unloading</idValue>
    <idCode>UNL</idCode>
        <idValue>Unloading (Labor Charges)</idValue>
    <idCode>UPD</idCode>
        <idValue>Usage Plan Detail Charge</idValue>
    <idCode>UPK</idCode>
        <idValue>Unpacking</idValue>
    <idCode>URC</idCode>
        <idValue>Unloading/Reloading Charge</idValue>
    <idCode>USF</idCode>
        <idValue>Use - Special Type Flat Car</idValue>
    <idCode>USV</idCode>
        <idValue>U.S. Vehicles</idValue>
    <idCode>USW</idCode>
        <idValue>Unabsorbed Switching</idValue>
    <idCode>UTL</idCode>
        <idValue>Utilities Disconnect and Connect</idValue>
    <idCode>UTP</idCode>
        <idValue>Use charge tooling/personnel</idValue>
    <idCode>UUC</idCode>
        <idValue>Up Charge</idValue>
    <idCode>UUM</idCode>
        <idValue>Unsalable Merchandise Allowance</idValue>
    <idCode>UUT</idCode>
        <idValue>Use Tax</idValue>
    <idCode>VAA</idCode>
        <idValue>Vendor Freight</idValue>
    <idCode>VAB</idCode>
        <idValue>Volume Discount</idValue>
    <idCode>VCL</idCode>
        <idValue>Van Cleaning</idValue>
    <idCode>VCR</idCode>
        <idValue>Voluntary contribution charge</idValue>
    <idCode>VEX</idCode>
        <idValue>Excess Mileage for Stop-off Delivery of Personal Vehicles Charge</idValue>
    <idCode>VFN</idCode>
        <idValue>Vehicles Furnished But Not Used</idValue>
    <idCode>VIS</idCode>
        <idValue>Vehicles Inoperable</idValue>
    <idCode>VIT</idCode>
        <idValue>Virgin Island Transfer Charge</idValue>
    <idCode>VOR</idCode>
        <idValue>Vehicle Ordered but Not Used</idValue>
    <idCode>VSO</idCode>
        <idValue>Stop-off Delivery of Personal Vehicles Charge</idValue>
    <idCode>VTS</idCode>
        <idValue>Vehicles in Truckway</idValue>
    <idCode>VVL</idCode>
        <idValue>Vehicle Load Allowance</idValue>
    <idCode>VVP</idCode>
        <idValue>Vehicle Prep Charge (courtesy delivery)</idValue>
    <idCode>WAR</idCode>
        <idValue>War Risk Surcharge</idValue>
    <idCode>WAT</idCode>
        <idValue>Wide Area Telephone Service (WATS) Usage Credit</idValue>
    <idCode>WBB</idCode>
        <idValue>Wharfage - Breakbulk</idValue>
    <idCode>WCT</idCode>
        <idValue>Wharfage - Container</idValue>
    <idCode>WDS</idCode>
        <idValue>Waterfront Delivery Charge</idValue>
    <idCode>WEA</idCode>
        <idValue>Weather Protection</idValue>
    <idCode>WEI</idCode>
        <idValue>Weighing Charge (Intermodal)</idValue>
    <idCode>WFG</idCode>
        <idValue>Wharfage</idValue>
    <idCode>WFH</idCode>
        <idValue>Wharfage &amp; Handling</idValue>
    <idCode>WFT</idCode>
        <idValue>Wasted/Futile Trip</idValue>
    <idCode>WHC</idCode>
        <idValue>Warehouse Charge</idValue>
    <idCode>WRB</idCode>
        <idValue>War Risk Crew Bonus</idValue>
    <idCode>WRC</idCode>
        <idValue>Load Weighing Charge</idValue>
    <idCode>WRE</idCode>
        <idValue>Empty Weighing Charge</idValue>
    <idCode>WRI</idCode>
        <idValue>War Risk Insurance</idValue>
    <idCode>WSA</idCode>
        <idValue>Warehouse Allowance</idValue>
    <idCode>WTG</idCode>
        <idValue>Waiting Time</idValue>
    <idCode>WTM</idCode>
        <idValue>Waiting Time Service Charge</idValue>
    <idCode>WTV</idCode>
        <idValue>Weight Verification Charge</idValue>
    <idCode>WWC</idCode>
        <idValue>Wharfage Charge</idValue>
    <idCode>Z01</idCode>
        <idValue>Protective Service Rule 25</idValue>
    <idCode>Z02</idCode>
        <idValue>Protective Service Rule 27</idValue>
    <idCode>Z03</idCode>
        <idValue>Protective Service Rule 37</idValue>
    <idCode>Z04</idCode>
        <idValue>Protective Service Rule 75</idValue>
    <idCode>Z05</idCode>
        <idValue>Protective Service Rule 95</idValue>
    <idCode>Z06</idCode>
        <idValue>Protective Service Rule 140</idValue>
    <idCode>Z07</idCode>
        <idValue>Protective Service Rule 160</idValue>
    <idCode>Z08</idCode>
        <idValue>Protective Service Rule 165</idValue>
    <idCode>Z09</idCode>
        <idValue>Protective Service Rule 500</idValue>
    <idCode>Z10</idCode>
        <idValue>Protective Service Rule 510</idValue>
    <idCode>Z11</idCode>
        <idValue>Protective Service Rule 518</idValue>
    <idCode>Z12</idCode>
        <idValue>Protective Service Rule 530</idValue>
    <idCode>Z13</idCode>
        <idValue>Protective Service Rule 531</idValue>
    <idCode>Z14</idCode>
        <idValue>Protective Service Rule 545</idValue>
    <idCode>Z15</idCode>
        <idValue>Protective Service Rule 565</idValue>
    <idCode>Z16</idCode>
        <idValue>Protective Service Rule 570</idValue>
    <idCode>Z17</idCode>
        <idValue>Protective Service Rule 580</idValue>
    <idCode>Z18</idCode>
        <idValue>Protective Service Rule 581</idValue>
    <idCode>Z19</idCode>
        <idValue>Protective Service Rule 705</idValue>
    <idCode>Z20</idCode>
        <idValue>Protective Service Rule 710</idValue>
    <idCode>Z21</idCode>
        <idValue>Protective Service Rule 711</idValue>
    <idCode>Z22</idCode>
        <idValue>Protective Service Rule 712</idValue>
    <idCode>Z23</idCode>
        <idValue>Protective Service Rule 716</idValue>
    <idCode>Z24</idCode>
        <idValue>Protective Service Rule 720</idValue>
    <idCode>Z25</idCode>
        <idValue>Protective Service Rule 725</idValue>
    <idCode>Z26</idCode>
        <idValue>Protective Service Rule 727</idValue>
    <idCode>Z27</idCode>
        <idValue>Protective Service Rule 735</idValue>
    <idCode>Z28</idCode>
        <idValue>Protective Service Rule 740</idValue>
    <idCode>Z29</idCode>
        <idValue>Protective Service Rule 760</idValue>
    <idCode>Z30</idCode>
        <idValue>Protective Service Rule 815</idValue>
    <idCode>Z31</idCode>
        <idValue>Quality Differential</idValue>
    <idCode>Z32</idCode>
        <idValue>Protective Service Rule 26</idValue>
    <idCode>Z33</idCode>
        <idValue>Protective Service Rule 715</idValue>
    <idCode>Z34</idCode>
        <idValue>Protective Service Rule 745</idValue>
    <idCode>Z35</idCode>
        <idValue>Protective Service Rule 755</idValue>
    <idCode>ZFF</idCode>
        <idValue>First Flight Out</idValue>
    <idCode>ZZZ</idCode>
        <idValue>Mutually Defined</idValue>
</idList>
