<?xml version="1.0" encoding="UTF-8"?>
<!DOCTYPE idList SYSTEM "idList.dtd">
<!-- Revision 3.0.0 data/OBOE, docs,June 11, 2007, -->
<idList>
    <idCode>CSD</idCode>
        <idValue>Cost Markup Multiplier - Original Cost</idValue>
    <idCode>CSR</idCode>
        <idValue>Cost Markup Multiplier - Retail Cost</idValue>
    <idCode>DIS</idCode>
        <idValue>Discount Multiplier</idValue>
    <idCode>ILP</idCode>
        <idValue>Cost Markup Multiplier - Wholesale Cost</idValue>
    <idCode>PSP</idCode>
        <idValue>Percent Solution Multiplier</idValue>
    <idCode>SEL</idCode>
        <idValue>Selling Multiplier</idValue>
</idList>
