<?xml version="1.0" encoding="UTF-8"?>
<!DOCTYPE idList SYSTEM "idList.dtd">
<!-- Revision 3.0.0 data/OBOE, docs,June 1, 2007, -->
<idList>
    <idCode>AA</idCode>
        <idValue>Item Accepted - Order Forwarded to Alternate Supplier Location</idValue>
    <idCode>AC</idCode>
        <idValue>Item Accepted and Shipped</idValue>
    <idCode>AR</idCode>
        <idValue>Item Accepted and Released for Shipment</idValue>
    <idCode>BP</idCode>
        <idValue>Item Accepted - Partial Shipment, Balance Backordered</idValue>
    <idCode>DR</idCode>
        <idValue>Item Accepted - Date Rescheduled</idValue>
    <idCode>IA</idCode>
        <idValue>Item Accepted</idValue>
    <idCode>IB</idCode>
        <idValue>Item Backordered</idValue>
    <idCode>IC</idCode>
        <idValue>Item Accepted - Changes Made</idValue>
    <idCode>ID</idCode>
        <idValue>Item Deleted</idValue>
    <idCode>IE</idCode>
        <idValue>Item Accepted, Price Pending</idValue>
    <idCode>IF</idCode>
        <idValue>Item on Hold, Incomplete Description</idValue>
    <idCode>IH</idCode>
        <idValue>Item on Hold</idValue>
    <idCode>IP</idCode>
        <idValue>Item Accepted - Price Changed</idValue>
    <idCode>IQ</idCode>
        <idValue>Item Accepted - Quantity Changed</idValue>
    <idCode>IR</idCode>
        <idValue>Item Rejected</idValue>
    <idCode>IS</idCode>
        <idValue>Item Accepted - Substitution Made</idValue>
    <idCode>IW</idCode>
        <idValue>Item on Hold-Waiver Required</idValue>
    <idCode>R1</idCode>
        <idValue>Item Rejected, Not a Contract Item</idValue>
    <idCode>R2</idCode>
        <idValue>Item Rejected, Invalid Item Product Number</idValue>
    <idCode>R3</idCode>
        <idValue>Item Rejected, Invalid Unit of Issue</idValue>
    <idCode>R4</idCode>
        <idValue>Item Rejected, Contract Item not Available</idValue>
    <idCode>R5</idCode>
        <idValue>Item Rejected, Reorder Item as a Just in Time (JIT) Order</idValue>
    <idCode>R6</idCode>
        <idValue>Item Rejected, Reorder Item as an Extended Delivery Order (EDO)</idValue>
    <idCode>R7</idCode>
        <idValue>Item Rejected, Reorder Item as a Drop Shipment</idValue>
    <idCode>R8</idCode>
        <idValue>Item Rejected, Reorder Item as a Surge Order</idValue>
    <idCode>SP</idCode>
        <idValue>Item Accepted - Schedule Date Pending</idValue>
</idList>
