<?xml version="1.0" encoding="UTF-8"?>
<!DOCTYPE idList SYSTEM "idList.dtd">
<!-- Revision 3.0.0 data/OBOE, docs,June 1, 2007, -->
<idList>
    <idCode>01</idCode>
        <idValue>Loan Applicant</idValue>
    <idCode>02</idCode>
        <idValue>Loan Broker</idValue>
    <idCode>03</idCode>
        <idValue>Dependent</idValue>
    <idCode>04</idCode>
        <idValue>Asset Account Holder</idValue>
    <idCode>05</idCode>
        <idValue>Tenant</idValue>
    <idCode>06</idCode>
        <idValue>Recipient of Civil or Legal Liability Payment</idValue>
    <idCode>07</idCode>
        <idValue>Titleholder</idValue>
    <idCode>08</idCode>
        <idValue>Non-Mortgage Liability Account Holder</idValue>
    <idCode>09</idCode>
        <idValue>Note Co-Signer</idValue>
    <idCode>0A</idCode>
        <idValue>Comparable Rentals</idValue>
    <idCode>0B</idCode>
        <idValue>Interim Funding Organization</idValue>
    <idCode>0D</idCode>
        <idValue>Non-occupant Co-borrower</idValue>
    <idCode>0E</idCode>
        <idValue>List Owner</idValue>
    <idCode>0F</idCode>
        <idValue>List Mailer</idValue>
    <idCode>0H</idCode>
        <idValue>State Division</idValue>
    <idCode>10</idCode>
        <idValue>Conduit</idValue>
    <idCode>11</idCode>
        <idValue>Party to be billed(AAR Accounting Rule 11)</idValue>
    <idCode>12</idCode>
        <idValue>Regional Office</idValue>
    <idCode>13</idCode>
        <idValue>Contracted Service Provider</idValue>
    <idCode>14</idCode>
        <idValue>Wholly-Owned Subsidiary</idValue>
    <idCode>15</idCode>
        <idValue>Accounts Payable Office</idValue>
    <idCode>16</idCode>
        <idValue>Plant</idValue>
    <idCode>17</idCode>
        <idValue>Consultant&apos;s Office</idValue>
    <idCode>18</idCode>
        <idValue>Production</idValue>
    <idCode>19</idCode>
        <idValue>Non-Production Supplier</idValue>
    <idCode>1A</idCode>
        <idValue>Subgroup</idValue>
    <idCode>1B</idCode>
        <idValue>Applicant</idValue>
    <idCode>1C</idCode>
        <idValue>Group Purchasing Organization (GPO)</idValue>
    <idCode>1D</idCode>
        <idValue>Co-operative</idValue>
    <idCode>1E</idCode>
        <idValue>Health Maintenance Organization (HMO)</idValue>
    <idCode>1F</idCode>
        <idValue>Alliance</idValue>
    <idCode>1G</idCode>
        <idValue>Oncology Center</idValue>
    <idCode>1H</idCode>
        <idValue>Kidney Dialysis Unit</idValue>
    <idCode>1I</idCode>
        <idValue>Preferred Provider Organization (PPO)</idValue>
    <idCode>1J</idCode>
        <idValue>Connection</idValue>
    <idCode>1K</idCode>
        <idValue>Franchisor</idValue>
    <idCode>1L</idCode>
        <idValue>Franchisee</idValue>
    <idCode>1M</idCode>
        <idValue>Previous Group</idValue>
    <idCode>1N</idCode>
        <idValue>Shareholder</idValue>
    <idCode>1O</idCode>
        <idValue>Acute Care Hospital</idValue>
    <idCode>1P</idCode>
        <idValue>Provider</idValue>
    <idCode>1Q</idCode>
        <idValue>Military Facility</idValue>
    <idCode>1R</idCode>
        <idValue>University, College or School</idValue>
    <idCode>1S</idCode>
        <idValue>Outpatient Surgicenter</idValue>
    <idCode>1T</idCode>
        <idValue>Physician, Clinic or Group Practice</idValue>
    <idCode>1U</idCode>
        <idValue>Long Term Care Facility</idValue>
    <idCode>1V</idCode>
        <idValue>Extended Care Facility</idValue>
    <idCode>1W</idCode>
        <idValue>Psychiatric Health Facility</idValue>
    <idCode>1X</idCode>
        <idValue>Laboratory</idValue>
    <idCode>1Y</idCode>
        <idValue>Retail Pharmacy</idValue>
    <idCode>1Z</idCode>
        <idValue>Home Health Care</idValue>
    <idCode>20</idCode>
        <idValue>Foreign Supplier</idValue>
    <idCode>21</idCode>
        <idValue>Small Business</idValue>
    <idCode>22</idCode>
        <idValue>Minority-Owned Business, Small</idValue>
    <idCode>23</idCode>
        <idValue>Minority-Owned Business, Large</idValue>
    <idCode>24</idCode>
        <idValue>Woman-Owned Business, Small</idValue>
    <idCode>25</idCode>
        <idValue>Woman-Owned Business, Large</idValue>
    <idCode>26</idCode>
        <idValue>Socially Disadvantaged Business</idValue>
    <idCode>27</idCode>
        <idValue>Small Disadvantaged Business</idValue>
    <idCode>28</idCode>
        <idValue>Subcontractor</idValue>
    <idCode>29</idCode>
        <idValue>Prototype Supplier</idValue>
    <idCode>2A</idCode>
        <idValue>Federal, State, County or City Facility</idValue>
    <idCode>2B</idCode>
        <idValue>Third-Party Administrator</idValue>
    <idCode>2C</idCode>
        <idValue>Co-Participant</idValue>
    <idCode>2D</idCode>
        <idValue>Miscellaneous Health Care Facility</idValue>
    <idCode>2E</idCode>
        <idValue>Non-Health Care Miscellaneous Facility</idValue>
    <idCode>2F</idCode>
        <idValue>State</idValue>
    <idCode>2G</idCode>
        <idValue>Assigner</idValue>
    <idCode>2H</idCode>
        <idValue>Hospital District or Authority</idValue>
    <idCode>2I</idCode>
        <idValue>Church Operated Facility</idValue>
    <idCode>2J</idCode>
        <idValue>Individual</idValue>
    <idCode>2K</idCode>
        <idValue>Partnership</idValue>
    <idCode>2L</idCode>
        <idValue>Corporation</idValue>
    <idCode>2M</idCode>
        <idValue>Air Force Facility</idValue>
    <idCode>2N</idCode>
        <idValue>Army Facility</idValue>
    <idCode>2O</idCode>
        <idValue>Navy Facility</idValue>
    <idCode>2P</idCode>
        <idValue>Public Health Service Facility</idValue>
    <idCode>2Q</idCode>
        <idValue>Veterans Administration Facility</idValue>
    <idCode>2R</idCode>
        <idValue>Federal Facility</idValue>
    <idCode>2S</idCode>
        <idValue>Public Health Service Indian Service Facility</idValue>
    <idCode>2T</idCode>
        <idValue>Department of Justice Facility</idValue>
    <idCode>2U</idCode>
        <idValue>Other Not-for-profit Facility</idValue>
    <idCode>2V</idCode>
        <idValue>Individual for-profit Facility</idValue>
    <idCode>2W</idCode>
        <idValue>Partnership for-profit Facility</idValue>
    <idCode>2X</idCode>
        <idValue>Corporation for-profit Facility</idValue>
    <idCode>2Y</idCode>
        <idValue>General Medical and Surgical Facility</idValue>
    <idCode>2Z</idCode>
        <idValue>Hospital Unit of an Institution (prison hospital, college infirmary, etc.)</idValue>
    <idCode>30</idCode>
        <idValue>Service Supplier</idValue>
    <idCode>31</idCode>
        <idValue>Postal Mailing Address</idValue>
    <idCode>32</idCode>
        <idValue>Party to Receive Material Release</idValue>
    <idCode>33</idCode>
        <idValue>Inquiry Address</idValue>
    <idCode>34</idCode>
        <idValue>Material Change Notice Address</idValue>
    <idCode>35</idCode>
        <idValue>Electronic Data Interchange (EDI) Coordinator Point Address</idValue>
    <idCode>36</idCode>
        <idValue>Employer</idValue>
    <idCode>37</idCode>
        <idValue>Previous Debt Holder</idValue>
    <idCode>38</idCode>
        <idValue>Mortgage Liability Account Holder</idValue>
    <idCode>39</idCode>
        <idValue>Appraisal Company</idValue>
    <idCode>3A</idCode>
        <idValue>Hospital Unit Within an Institution for the Mentally Retarded</idValue>
    <idCode>3B</idCode>
        <idValue>Psychiatric Facility</idValue>
    <idCode>3C</idCode>
        <idValue>Tuberculosis and Other Respiratory Diseases Facility</idValue>
    <idCode>3D</idCode>
        <idValue>Obstetrics and Gynecology Facility</idValue>
    <idCode>3E</idCode>
        <idValue>Eye, Ear, Nose and Throat Facility</idValue>
    <idCode>3F</idCode>
        <idValue>Rehabilitation Facility</idValue>
    <idCode>3G</idCode>
        <idValue>Orthopedic Facility</idValue>
    <idCode>3H</idCode>
        <idValue>Chronic Disease Facility</idValue>
    <idCode>3I</idCode>
        <idValue>Other Specialty Facility</idValue>
    <idCode>3J</idCode>
        <idValue>Children&apos;s General Facility</idValue>
    <idCode>3K</idCode>
        <idValue>Children&apos;s Hospital Unit of an Institution</idValue>
    <idCode>3L</idCode>
        <idValue>Children&apos;s Psychiatric Facility</idValue>
    <idCode>3M</idCode>
        <idValue>Children&apos;s Tuberculosis and Other Respiratory Diseases Facility</idValue>
    <idCode>3N</idCode>
        <idValue>Children&apos;s Eye, Ear, Nose and Throat Facility</idValue>
    <idCode>3O</idCode>
        <idValue>Children&apos;s Rehabilitation Facility</idValue>
    <idCode>3P</idCode>
        <idValue>Children&apos;s Orthopedic Facility</idValue>
    <idCode>3Q</idCode>
        <idValue>Children&apos;s Chronic Disease Facility</idValue>
    <idCode>3R</idCode>
        <idValue>Children&apos;s Other Specialty Facility</idValue>
    <idCode>3S</idCode>
        <idValue>Institution for Mental Retardation</idValue>
    <idCode>3T</idCode>
        <idValue>Alcoholism and Other Chemical Dependency Facility</idValue>
    <idCode>3U</idCode>
        <idValue>General Inpatient Care for AIDS/ARC Facility</idValue>
    <idCode>3V</idCode>
        <idValue>AIDS/ARC Unit</idValue>
    <idCode>3W</idCode>
        <idValue>Specialized Outpatient Program for AIDS/ARC</idValue>
    <idCode>3X</idCode>
        <idValue>Alcohol/Drug Abuse or Dependency Inpatient Unit</idValue>
    <idCode>3Y</idCode>
        <idValue>Alcohol/Drug Abuse or Dependency Outpatient Services</idValue>
    <idCode>3Z</idCode>
        <idValue>Arthritis Treatment Center</idValue>
    <idCode>40</idCode>
        <idValue>Receiver</idValue>
    <idCode>41</idCode>
        <idValue>Submitter</idValue>
    <idCode>42</idCode>
        <idValue>Component Manufacturer</idValue>
    <idCode>43</idCode>
        <idValue>Claimant Authorized Representative</idValue>
    <idCode>44</idCode>
        <idValue>Data Processing Service Bureau</idValue>
    <idCode>45</idCode>
        <idValue>Drop-off Location</idValue>
    <idCode>46</idCode>
        <idValue>Invoicing Dealer</idValue>
    <idCode>47</idCode>
        <idValue>Estimator</idValue>
    <idCode>48</idCode>
        <idValue>In-service Source</idValue>
    <idCode>49</idCode>
        <idValue>Initial Dealer</idValue>
    <idCode>4A</idCode>
        <idValue>Birthing Room/LDRP Room</idValue>
    <idCode>4B</idCode>
        <idValue>Burn Care Unit</idValue>
    <idCode>4C</idCode>
        <idValue>Cardiac Catherization Laboratory</idValue>
    <idCode>4D</idCode>
        <idValue>Open-Heart Surgery Facility</idValue>
    <idCode>4E</idCode>
        <idValue>Cardiac Intensive Care Unit</idValue>
    <idCode>4F</idCode>
        <idValue>Angioplasty Facility</idValue>
    <idCode>4G</idCode>
        <idValue>Chronic Obstructive Pulmonary Disease Service Facility</idValue>
    <idCode>4H</idCode>
        <idValue>Emergency Department</idValue>
    <idCode>4I</idCode>
        <idValue>Trauma Center (Certified)</idValue>
    <idCode>4J</idCode>
        <idValue>Extracorporeal Shock-Wave Lithotripter (ESWL) Unit</idValue>
    <idCode>4K</idCode>
        <idValue>Fitness Center</idValue>
    <idCode>4L</idCode>
        <idValue>Genetic Counseling/Screening Services</idValue>
    <idCode>4M</idCode>
        <idValue>Adult Day Care Program Facility</idValue>
    <idCode>4N</idCode>
        <idValue>Alzheimer&apos;s Diagnostic/Assessment Services</idValue>
    <idCode>4O</idCode>
        <idValue>Comprehensive Geriatric Assessment Facility</idValue>
    <idCode>4P</idCode>
        <idValue>Emergency Response (Geriatric) Unit</idValue>
    <idCode>4Q</idCode>
        <idValue>Geriatric Acute Care Unit</idValue>
    <idCode>4R</idCode>
        <idValue>Geriatric Clinics</idValue>
    <idCode>4S</idCode>
        <idValue>Respite Care Facility</idValue>
    <idCode>4T</idCode>
        <idValue>Senior Membership Program</idValue>
    <idCode>4U</idCode>
        <idValue>Patient Education Unit</idValue>
    <idCode>4V</idCode>
        <idValue>Community Health Promotion Facility</idValue>
    <idCode>4W</idCode>
        <idValue>Worksite Health Promotion Facility</idValue>
    <idCode>4X</idCode>
        <idValue>Hemodialysis Facility</idValue>
    <idCode>4Y</idCode>
        <idValue>Home Health Services</idValue>
    <idCode>4Z</idCode>
        <idValue>Hospice</idValue>
    <idCode>50</idCode>
        <idValue>Manufacturer&apos;s Representative</idValue>
    <idCode>51</idCode>
        <idValue>Parts Distributor</idValue>
    <idCode>52</idCode>
        <idValue>Part Remanufacturer</idValue>
    <idCode>53</idCode>
        <idValue>Registered Owner</idValue>
    <idCode>54</idCode>
        <idValue>Order Writer</idValue>
    <idCode>55</idCode>
        <idValue>Service Manager</idValue>
    <idCode>56</idCode>
        <idValue>Servicing Dealer</idValue>
    <idCode>57</idCode>
        <idValue>Servicing Organization</idValue>
    <idCode>58</idCode>
        <idValue>Store Manager</idValue>
    <idCode>59</idCode>
        <idValue>Party to Approve Specification</idValue>
    <idCode>5A</idCode>
        <idValue>Medical Surgical or Other Intensive Care Unit</idValue>
    <idCode>5B</idCode>
        <idValue>Hisopathology Laboratory</idValue>
    <idCode>5C</idCode>
        <idValue>Blood Bank</idValue>
    <idCode>5D</idCode>
        <idValue>Neonatal Intensive Care Unit</idValue>
    <idCode>5E</idCode>
        <idValue>Obstetrics Unit</idValue>
    <idCode>5F</idCode>
        <idValue>Occupational Health Services</idValue>
    <idCode>5G</idCode>
        <idValue>Organized Outpatient Services</idValue>
    <idCode>5H</idCode>
        <idValue>Pediatric Acute Inpatient Unit</idValue>
    <idCode>5I</idCode>
        <idValue>Psychiatric Child/Adolescent Services</idValue>
    <idCode>5J</idCode>
        <idValue>Psychiatric Consultation-Liaison Services</idValue>
    <idCode>5K</idCode>
        <idValue>Psychiatric Education Services</idValue>
    <idCode>5L</idCode>
        <idValue>Psychiatric Emergency Services</idValue>
    <idCode>5M</idCode>
        <idValue>Psychiatric Geriatric Services</idValue>
    <idCode>5N</idCode>
        <idValue>Psychiatric Inpatient Unit</idValue>
    <idCode>5O</idCode>
        <idValue>Psychiatric Outpatient Services</idValue>
    <idCode>5P</idCode>
        <idValue>Psychiatric Partial Hospitalization Program</idValue>
    <idCode>5Q</idCode>
        <idValue>Megavoltage Radiation Therapy Unit</idValue>
    <idCode>5R</idCode>
        <idValue>Radioactive Implants Unit</idValue>
    <idCode>5S</idCode>
        <idValue>Therapeutic Radioisotope Facility</idValue>
    <idCode>5T</idCode>
        <idValue>X-Ray Radiation Therapy Unit</idValue>
    <idCode>5U</idCode>
        <idValue>CT Scanner Unit</idValue>
    <idCode>5V</idCode>
        <idValue>Diagnostic Radioisotope Facility</idValue>
    <idCode>5W</idCode>
        <idValue>Magnetic Resonance Imaging (MRI) Facility</idValue>
    <idCode>5X</idCode>
        <idValue>Ultrasound Unit</idValue>
    <idCode>5Y</idCode>
        <idValue>Rehabilitation Inpatient Unit</idValue>
    <idCode>5Z</idCode>
        <idValue>Rehabilitation Outpatient Services</idValue>
    <idCode>60</idCode>
        <idValue>Salesperson</idValue>
    <idCode>61</idCode>
        <idValue>Performed At</idValue>
    <idCode>62</idCode>
        <idValue>Applicant&apos;s Employer</idValue>
    <idCode>63</idCode>
        <idValue>Reference&apos;s Employer</idValue>
    <idCode>64</idCode>
        <idValue>Cosigner&apos;s Employer</idValue>
    <idCode>65</idCode>
        <idValue>Applicant&apos;s Reference</idValue>
    <idCode>66</idCode>
        <idValue>Applicant&apos;s Cosigner</idValue>
    <idCode>67</idCode>
        <idValue>Applicant&apos;s Comaker</idValue>
    <idCode>68</idCode>
        <idValue>Owner&apos;s Representative</idValue>
    <idCode>69</idCode>
        <idValue>Repairing Outlet</idValue>
    <idCode>6A</idCode>
        <idValue>Reproductive Health Services</idValue>
    <idCode>6B</idCode>
        <idValue>Skilled Nursing or Other Long-Term Care Unit</idValue>
    <idCode>6C</idCode>
        <idValue>Single Photon Emission Computerized Tomography (SPECT) Unit</idValue>
    <idCode>6D</idCode>
        <idValue>Organized Social Work Service Facility</idValue>
    <idCode>6E</idCode>
        <idValue>Outpatient Social Work Services</idValue>
    <idCode>6F</idCode>
        <idValue>Emergency Department Social Work Services</idValue>
    <idCode>6G</idCode>
        <idValue>Sports Medicine Clinic/Services</idValue>
    <idCode>6H</idCode>
        <idValue>Hospital Auxiliary Unit</idValue>
    <idCode>6I</idCode>
        <idValue>Patient Representative Services</idValue>
    <idCode>6J</idCode>
        <idValue>Volunteer Services Department</idValue>
    <idCode>6K</idCode>
        <idValue>Outpatient Surgery Services</idValue>
    <idCode>6L</idCode>
        <idValue>Organ/Tissue Transplant Unit</idValue>
    <idCode>6M</idCode>
        <idValue>Orthopedic Surgery Facility</idValue>
    <idCode>6N</idCode>
        <idValue>Occupational Therapy Services</idValue>
    <idCode>6O</idCode>
        <idValue>Physical Therapy Services</idValue>
    <idCode>6P</idCode>
        <idValue>Recreational Therapy Services</idValue>
    <idCode>6Q</idCode>
        <idValue>Respiratory Therapy Services</idValue>
    <idCode>6R</idCode>
        <idValue>Speech Therapy Services</idValue>
    <idCode>6S</idCode>
        <idValue>Women&apos;s Health Center/Services</idValue>
    <idCode>6T</idCode>
        <idValue>Health Sciences Library</idValue>
    <idCode>6U</idCode>
        <idValue>Cardiac Rehabilitation Program Facility</idValue>
    <idCode>6V</idCode>
        <idValue>Non-Invasive Cardiac Assessment Services</idValue>
    <idCode>6W</idCode>
        <idValue>Emergency Medical Technician</idValue>
    <idCode>6X</idCode>
        <idValue>Disciplinary Contact</idValue>
    <idCode>6Y</idCode>
        <idValue>Case Manager</idValue>
    <idCode>6Z</idCode>
        <idValue>Advisor</idValue>
    <idCode>70</idCode>
        <idValue>Prior Incorrect Insured</idValue>
    <idCode>71</idCode>
        <idValue>Attending Physician</idValue>
    <idCode>72</idCode>
        <idValue>Operating Physician</idValue>
    <idCode>73</idCode>
        <idValue>Other Physician</idValue>
    <idCode>74</idCode>
        <idValue>Corrected Insured</idValue>
    <idCode>75</idCode>
        <idValue>Participant</idValue>
    <idCode>76</idCode>
        <idValue>Secondary Warranter</idValue>
    <idCode>77</idCode>
        <idValue>Service Location</idValue>
    <idCode>78</idCode>
        <idValue>Service Requester</idValue>
    <idCode>79</idCode>
        <idValue>Warranter</idValue>
    <idCode>7A</idCode>
        <idValue>Premises</idValue>
    <idCode>7B</idCode>
        <idValue>Bottler</idValue>
    <idCode>7C</idCode>
        <idValue>Place of Occurrence</idValue>
    <idCode>7D</idCode>
        <idValue>Contracting Officer Representative</idValue>
    <idCode>7E</idCode>
        <idValue>Party Authorized to Definitize Contract Action</idValue>
    <idCode>7F</idCode>
        <idValue>Filing Address</idValue>
    <idCode>7G</idCode>
        <idValue>Hazardous Material Office</idValue>
    <idCode>7H</idCode>
        <idValue>Government Furnished Property FOB Point</idValue>
    <idCode>7I</idCode>
        <idValue>Project Name</idValue>
    <idCode>7J</idCode>
        <idValue>Codefendant</idValue>
    <idCode>7K</idCode>
        <idValue>Co-occupant</idValue>
    <idCode>7L</idCode>
        <idValue>Preliminary Inspection Location</idValue>
    <idCode>7M</idCode>
        <idValue>Inspection and Acceptance Location</idValue>
    <idCode>7N</idCode>
        <idValue>Party to Receive Proposal</idValue>
    <idCode>7O</idCode>
        <idValue>Federally Chartered Facility</idValue>
    <idCode>7P</idCode>
        <idValue>Transportation Office</idValue>
    <idCode>7Q</idCode>
        <idValue>Party to Whom Protest Submitted</idValue>
    <idCode>7R</idCode>
        <idValue>Birthplace</idValue>
    <idCode>7S</idCode>
        <idValue>Pipeline Segment</idValue>
    <idCode>7T</idCode>
        <idValue>Home State Name</idValue>
    <idCode>7U</idCode>
        <idValue>Liquidator</idValue>
    <idCode>7V</idCode>
        <idValue>Petitioning Creditor&apos;s Attorney</idValue>
    <idCode>7W</idCode>
        <idValue>Merged Name</idValue>
    <idCode>7X</idCode>
        <idValue>Party Represented</idValue>
    <idCode>7Y</idCode>
        <idValue>Professional Organization</idValue>
    <idCode>7Z</idCode>
        <idValue>Referee</idValue>
    <idCode>80</idCode>
        <idValue>Hospital</idValue>
    <idCode>81</idCode>
        <idValue>Part Source</idValue>
    <idCode>82</idCode>
        <idValue>Rendering Provider</idValue>
    <idCode>83</idCode>
        <idValue>Subscriber&apos;s School</idValue>
    <idCode>84</idCode>
        <idValue>Subscriber&apos;s Employer</idValue>
    <idCode>85</idCode>
        <idValue>Billing Provider</idValue>
    <idCode>86</idCode>
        <idValue>Conductor</idValue>
    <idCode>87</idCode>
        <idValue>Pay-to Provider</idValue>
    <idCode>88</idCode>
        <idValue>Approver</idValue>
    <idCode>89</idCode>
        <idValue>Investor</idValue>
    <idCode>8A</idCode>
        <idValue>Vacation Home</idValue>
    <idCode>8B</idCode>
        <idValue>Primary Residence</idValue>
    <idCode>8C</idCode>
        <idValue>Second Home</idValue>
    <idCode>8D</idCode>
        <idValue>Permit Holder</idValue>
    <idCode>8E</idCode>
        <idValue>Minority Institution</idValue>
    <idCode>8F</idCode>
        <idValue>Bailment Warehouse</idValue>
    <idCode>8G</idCode>
        <idValue>First Appraiser</idValue>
    <idCode>8H</idCode>
        <idValue>Tax Exempt Organization</idValue>
    <idCode>8I</idCode>
        <idValue>Service Organization</idValue>
    <idCode>8J</idCode>
        <idValue>Emerging Small Business</idValue>
    <idCode>8K</idCode>
        <idValue>Surplus Dealer</idValue>
    <idCode>8L</idCode>
        <idValue>Polling Site</idValue>
    <idCode>8M</idCode>
        <idValue>Socially Disadvantaged Individual</idValue>
    <idCode>8N</idCode>
        <idValue>Economically Disadvantaged Individual</idValue>
    <idCode>8O</idCode>
        <idValue>Disabled Individual</idValue>
    <idCode>8P</idCode>
        <idValue>Producer</idValue>
    <idCode>8Q</idCode>
        <idValue>Public or Private Organization for the Disabled</idValue>
    <idCode>8R</idCode>
        <idValue>Consumer Service Provider (CSP) Customer</idValue>
    <idCode>8S</idCode>
        <idValue>Consumer Service Provider (CSP)</idValue>
    <idCode>8T</idCode>
        <idValue>Voter</idValue>
    <idCode>8U</idCode>
        <idValue>Native Hawaiian Organization</idValue>
    <idCode>8V</idCode>
        <idValue>Primary Intra-LATA (Local Access Transport Area) Carrier</idValue>
    <idCode>8W</idCode>
        <idValue>Payment Address</idValue>
    <idCode>8X</idCode>
        <idValue>Oil and Gas Custodian</idValue>
    <idCode>8Y</idCode>
        <idValue>Registered Office</idValue>
    <idCode>8Z</idCode>
        <idValue>Joint Debtor Attorney</idValue>
    <idCode>90</idCode>
        <idValue>Previous Business Partner</idValue>
    <idCode>91</idCode>
        <idValue>Action Party</idValue>
    <idCode>92</idCode>
        <idValue>Support Party</idValue>
    <idCode>93</idCode>
        <idValue>Insurance Institute</idValue>
    <idCode>94</idCode>
        <idValue>New Supply Source</idValue>
    <idCode>95</idCode>
        <idValue>Research Institute</idValue>
    <idCode>96</idCode>
        <idValue>Debtor Company</idValue>
    <idCode>97</idCode>
        <idValue>Party Waiving Requirements</idValue>
    <idCode>98</idCode>
        <idValue>Freight Management Facilitator</idValue>
    <idCode>99</idCode>
        <idValue>Outer Continental Shelf (OCS) Area Location</idValue>
    <idCode>9A</idCode>
        <idValue>Debtor Individual</idValue>
    <idCode>9B</idCode>
        <idValue>Country of Export</idValue>
    <idCode>9C</idCode>
        <idValue>Country of Destination</idValue>
    <idCode>9D</idCode>
        <idValue>New Service Provider</idValue>
    <idCode>9E</idCode>
        <idValue>Sub-servicer</idValue>
    <idCode>9F</idCode>
        <idValue>Loss Payee</idValue>
    <idCode>9G</idCode>
        <idValue>Nickname</idValue>
    <idCode>9H</idCode>
        <idValue>Assignee</idValue>
    <idCode>9I</idCode>
        <idValue>Registered Principal</idValue>
    <idCode>9J</idCode>
        <idValue>Additional Debtor</idValue>
    <idCode>9K</idCode>
        <idValue>Key Person</idValue>
    <idCode>9L</idCode>
        <idValue>Incorporated By</idValue>
    <idCode>9N</idCode>
        <idValue>Party to Lease</idValue>
    <idCode>9O</idCode>
        <idValue>Party to Contract</idValue>
    <idCode>9P</idCode>
        <idValue>Investigator</idValue>
    <idCode>9Q</idCode>
        <idValue>Last Supplier</idValue>
    <idCode>9R</idCode>
        <idValue>Downstream First Supplier</idValue>
    <idCode>9S</idCode>
        <idValue>Co-Investigator</idValue>
    <idCode>9T</idCode>
        <idValue>Telephone Answering Service Bureau</idValue>
    <idCode>9U</idCode>
        <idValue>Author</idValue>
    <idCode>9V</idCode>
        <idValue>First Supplier</idValue>
    <idCode>9W</idCode>
        <idValue>Ultimate Parent Company</idValue>
    <idCode>9X</idCode>
        <idValue>Contractual Receipt Meter</idValue>
    <idCode>9Y</idCode>
        <idValue>Contractual Delivery Meter</idValue>
    <idCode>9Z</idCode>
        <idValue>Co-debtor</idValue>
    <idCode>001</idCode>
        <idValue>Pumper</idValue>
    <idCode>002</idCode>
        <idValue>Surface Management Entity</idValue>
    <idCode>003</idCode>
        <idValue>Application Party</idValue>
    <idCode>004</idCode>
        <idValue>Site Operator</idValue>
    <idCode>005</idCode>
        <idValue>Construction Contractor</idValue>
    <idCode>006</idCode>
        <idValue>Drilling Contractor</idValue>
    <idCode>007</idCode>
        <idValue>Spud Contractor</idValue>
    <idCode>A1</idCode>
        <idValue>Adjuster</idValue>
    <idCode>A2</idCode>
        <idValue>Woman-Owned Business</idValue>
    <idCode>A3</idCode>
        <idValue>Labor Surplus Area Firm</idValue>
    <idCode>A4</idCode>
        <idValue>Other Disadvantaged Business</idValue>
    <idCode>A5</idCode>
        <idValue>Veteran-Owned Business</idValue>
    <idCode>A6</idCode>
        <idValue>Section 8(a) Program Participant Firm</idValue>
    <idCode>A7</idCode>
        <idValue>Sheltered Workshop</idValue>
    <idCode>A8</idCode>
        <idValue>Nonprofit Institution</idValue>
    <idCode>A9</idCode>
        <idValue>Sales Office</idValue>
    <idCode>AA</idCode>
        <idValue>Authority For Shipment</idValue>
    <idCode>AAA</idCode>
        <idValue>Sub-account</idValue>
    <idCode>AAB</idCode>
        <idValue>Management Non-Officer</idValue>
    <idCode>AAC</idCode>
        <idValue>Incorporated Location</idValue>
    <idCode>AAD</idCode>
        <idValue>Name not to be Confused with</idValue>
    <idCode>AAE</idCode>
        <idValue>Lot</idValue>
    <idCode>AAF</idCode>
        <idValue>Previous Occupant</idValue>
    <idCode>AAG</idCode>
        <idValue>Ground Ambulance Services</idValue>
    <idCode>AAH</idCode>
        <idValue>Air Ambulance Services</idValue>
    <idCode>AAI</idCode>
        <idValue>Water Ambulance Services</idValue>
    <idCode>AAJ</idCode>
        <idValue>Admitting Services</idValue>
    <idCode>AAK</idCode>
        <idValue>Primary Surgeon</idValue>
    <idCode>AAL</idCode>
        <idValue>Medical Nurse</idValue>
    <idCode>AAM</idCode>
        <idValue>Cardiac Rehabilitation Services</idValue>
    <idCode>AAN</idCode>
        <idValue>Skilled Nursing Services</idValue>
    <idCode>AAO</idCode>
        <idValue>Observation Room Services</idValue>
    <idCode>AAP</idCode>
        <idValue>Employee</idValue>
    <idCode>AAQ</idCode>
        <idValue>Anesthesiology Services</idValue>
    <idCode>AAS</idCode>
        <idValue>Prior Base Jurisdiction</idValue>
    <idCode>AAT</idCode>
        <idValue>Incorporation Jurisdiction</idValue>
    <idCode>AAU</idCode>
        <idValue>Marker Owner</idValue>
    <idCode>AAV</idCode>
        <idValue>Reclamation Center</idValue>
    <idCode>AB</idCode>
        <idValue>Additional Pick Up Address</idValue>
    <idCode>ABB</idCode>
        <idValue>Master Property</idValue>
    <idCode>ABC</idCode>
        <idValue>Project Property</idValue>
    <idCode>ABD</idCode>
        <idValue>Unit Property</idValue>
    <idCode>ABE</idCode>
        <idValue>Additional Address</idValue>
    <idCode>ABF</idCode>
        <idValue>Society of Property Information Compilers and Analysts</idValue>
    <idCode>ABG</idCode>
        <idValue>Organization</idValue>
    <idCode>ABH</idCode>
        <idValue>Joint Owner Annuitant</idValue>
    <idCode>ABI</idCode>
        <idValue>Joint Annuitant Owner</idValue>
    <idCode>ABJ</idCode>
        <idValue>Joint Owner Annuitant Payor</idValue>
    <idCode>ABK</idCode>
        <idValue>Joint Owner Joint Annuitant</idValue>
    <idCode>ABL</idCode>
        <idValue>Joint Owner Joint Annuitant Payor</idValue>
    <idCode>ABM</idCode>
        <idValue>Joint Owner Payor</idValue>
    <idCode>AC</idCode>
        <idValue>Air Cargo Company</idValue>
    <idCode>AD</idCode>
        <idValue>Party to be advised (Written orders)</idValue>
    <idCode>AE</idCode>
        <idValue>Additional Delivery Address</idValue>
    <idCode>AF</idCode>
        <idValue>Authorized Accepting Official</idValue>
    <idCode>AG</idCode>
        <idValue>Agent/Agency</idValue>
    <idCode>AH</idCode>
        <idValue>Advertiser</idValue>
    <idCode>AI</idCode>
        <idValue>Airline</idValue>
    <idCode>AJ</idCode>
        <idValue>Alleged Debtor</idValue>
    <idCode>AK</idCode>
        <idValue>Party to Whom Acknowledgment Should Be Sent</idValue>
    <idCode>AL</idCode>
        <idValue>Allotment Customer</idValue>
    <idCode>ALA</idCode>
        <idValue>Alternative Addressee</idValue>
    <idCode>AM</idCode>
        <idValue>Assistant U.S. Trustee</idValue>
    <idCode>AN</idCode>
        <idValue>Authorized From</idValue>
    <idCode>AO</idCode>
        <idValue>Account Of</idValue>
    <idCode>AP</idCode>
        <idValue>Account of (Origin Party)</idValue>
    <idCode>AQ</idCode>
        <idValue>Account of (Destination Party)</idValue>
    <idCode>AR</idCode>
        <idValue>Armed Services Location Designation</idValue>
    <idCode>AS</idCode>
        <idValue>Postsecondary Education Sender</idValue>
    <idCode>AT</idCode>
        <idValue>Postsecondary Education Recipient</idValue>
    <idCode>AU</idCode>
        <idValue>Party Authorizing Disposition</idValue>
    <idCode>AV</idCode>
        <idValue>Authorized To</idValue>
    <idCode>AW</idCode>
        <idValue>Accountant</idValue>
    <idCode>AX</idCode>
        <idValue>Plaintiff</idValue>
    <idCode>AY</idCode>
        <idValue>Clearinghouse</idValue>
    <idCode>AZ</idCode>
        <idValue>Previous Name</idValue>
    <idCode>B1</idCode>
        <idValue>Construction Firm</idValue>
    <idCode>B2</idCode>
        <idValue>Other Unlisted Type of Organizational Entity</idValue>
    <idCode>B3</idCode>
        <idValue>Previous Name of Firm</idValue>
    <idCode>B4</idCode>
        <idValue>Parent Company</idValue>
    <idCode>B5</idCode>
        <idValue>Affiliated Company</idValue>
    <idCode>B6</idCode>
        <idValue>Registering Parent Party</idValue>
    <idCode>B7</idCode>
        <idValue>Registering Nonparent Party</idValue>
    <idCode>B8</idCode>
        <idValue>Regular Dealer</idValue>
    <idCode>B9</idCode>
        <idValue>Large Business</idValue>
    <idCode>BA</idCode>
        <idValue>Battery</idValue>
    <idCode>BAL</idCode>
        <idValue>Bailiff</idValue>
    <idCode>BB</idCode>
        <idValue>Business Partner</idValue>
    <idCode>BC</idCode>
        <idValue>Broadcaster</idValue>
    <idCode>BD</idCode>
        <idValue>Bill-to Party for Diversion Charges</idValue>
    <idCode>BE</idCode>
        <idValue>Beneficiary</idValue>
    <idCode>BF</idCode>
        <idValue>Billed From</idValue>
    <idCode>BG</idCode>
        <idValue>Buying Group</idValue>
    <idCode>BH</idCode>
        <idValue>Interim Trustee</idValue>
    <idCode>BI</idCode>
        <idValue>Trustee&apos;s Attorney</idValue>
    <idCode>BJ</idCode>
        <idValue>Co-Counsel</idValue>
    <idCode>BK</idCode>
        <idValue>Bank</idValue>
    <idCode>BKR</idCode>
        <idValue>Bookkeeper</idValue>
    <idCode>BL</idCode>
        <idValue>Party to Receive Bill of Lading</idValue>
    <idCode>BM</idCode>
        <idValue>Brakeman</idValue>
    <idCode>BN</idCode>
        <idValue>Beneficial Owner</idValue>
    <idCode>BO</idCode>
        <idValue>Broker or Sales Office</idValue>
    <idCode>BP</idCode>
        <idValue>Special Counsel</idValue>
    <idCode>BQ</idCode>
        <idValue>Attorney for Defendant Private</idValue>
    <idCode>BR</idCode>
        <idValue>Broker</idValue>
    <idCode>BRN</idCode>
        <idValue>Brand Name</idValue>
    <idCode>BS</idCode>
        <idValue>Bill and Ship To</idValue>
    <idCode>BT</idCode>
        <idValue>Bill-to-Party</idValue>
    <idCode>BU</idCode>
        <idValue>Place of Business</idValue>
    <idCode>BUS</idCode>
        <idValue>Business</idValue>
    <idCode>BV</idCode>
        <idValue>Billing Service</idValue>
    <idCode>BW</idCode>
        <idValue>Borrower</idValue>
    <idCode>BX</idCode>
        <idValue>Attorney for Plaintiff</idValue>
    <idCode>BY</idCode>
        <idValue>Buying Party (Purchaser)</idValue>
    <idCode>BZ</idCode>
        <idValue>Business Associate</idValue>
    <idCode>C1</idCode>
        <idValue>In Care Of Party no. 1</idValue>
    <idCode>C2</idCode>
        <idValue>In Care Of Party no. 2</idValue>
    <idCode>C3</idCode>
        <idValue>Circuit Location Identifier</idValue>
    <idCode>C4</idCode>
        <idValue>Contract Administration Office</idValue>
    <idCode>C5</idCode>
        <idValue>Party Submitting Quote</idValue>
    <idCode>C6</idCode>
        <idValue>Municipality</idValue>
    <idCode>C7</idCode>
        <idValue>County</idValue>
    <idCode>C8</idCode>
        <idValue>City</idValue>
    <idCode>C9</idCode>
        <idValue>Contract Holder</idValue>
    <idCode>CA</idCode>
        <idValue>Carrier</idValue>
    <idCode>CB</idCode>
        <idValue>Customs Broker</idValue>
    <idCode>CC</idCode>
        <idValue>Claimant</idValue>
    <idCode>CD</idCode>
        <idValue>Consignee (To Receive Mail and Small Parcels)</idValue>
    <idCode>CE</idCode>
        <idValue>Consignee (To receive large parcels and freight)</idValue>
    <idCode>CF</idCode>
        <idValue>Subsidiary/Division</idValue>
    <idCode>CG</idCode>
        <idValue>Carnet Issuer</idValue>
    <idCode>CH</idCode>
        <idValue>Chassis Provider</idValue>
    <idCode>CI</idCode>
        <idValue>Consignor</idValue>
    <idCode>CJ</idCode>
        <idValue>Automated Data Processing (ADP) Point</idValue>
    <idCode>CK</idCode>
        <idValue>Pharmacist</idValue>
    <idCode>CL</idCode>
        <idValue>Container Location</idValue>
    <idCode>CM</idCode>
        <idValue>Customs</idValue>
    <idCode>CMW</idCode>
        <idValue>Company Merged With</idValue>
    <idCode>CN</idCode>
        <idValue>Consignee</idValue>
    <idCode>CO</idCode>
        <idValue>Ocean Tariff Conference</idValue>
    <idCode>COL</idCode>
        <idValue>Collateral Assignee</idValue>
    <idCode>COR</idCode>
        <idValue>Corrected Name</idValue>
    <idCode>CP</idCode>
        <idValue>Party to Receive Cert. of Compliance</idValue>
    <idCode>CQ</idCode>
        <idValue>Corporate Office</idValue>
    <idCode>CR</idCode>
        <idValue>Container Return Company</idValue>
    <idCode>CS</idCode>
        <idValue>Consolidator</idValue>
    <idCode>CT</idCode>
        <idValue>Country of Origin</idValue>
    <idCode>CU</idCode>
        <idValue>Coating or Paint Supplier</idValue>
    <idCode>CV</idCode>
        <idValue>Converter</idValue>
    <idCode>CW</idCode>
        <idValue>Accounting Station</idValue>
    <idCode>CX</idCode>
        <idValue>Claim Administrator</idValue>
    <idCode>CY</idCode>
        <idValue>Country</idValue>
    <idCode>CZ</idCode>
        <idValue>Admitting Surgeon</idValue>
    <idCode>D1</idCode>
        <idValue>Driver</idValue>
    <idCode>D2</idCode>
        <idValue>Commercial Insurer</idValue>
    <idCode>D3</idCode>
        <idValue>Defendant</idValue>
    <idCode>D4</idCode>
        <idValue>Debtor</idValue>
    <idCode>D5</idCode>
        <idValue>Debtor-In-Possession</idValue>
    <idCode>D6</idCode>
        <idValue>Consolidated Debtor</idValue>
    <idCode>D7</idCode>
        <idValue>Petitioning Creditor</idValue>
    <idCode>D8</idCode>
        <idValue>Dispatcher</idValue>
    <idCode>D9</idCode>
        <idValue>Creditor&apos;s Attorney</idValue>
    <idCode>DA</idCode>
        <idValue>Delivery Address</idValue>
    <idCode>DB</idCode>
        <idValue>Distributor Branch</idValue>
    <idCode>DC</idCode>
        <idValue>Destination Carrier</idValue>
    <idCode>DCC</idCode>
        <idValue>Chief Deputy Clerk of Court</idValue>
    <idCode>DD</idCode>
        <idValue>Assistant Surgeon</idValue>
    <idCode>DE</idCode>
        <idValue>Depositor</idValue>
    <idCode>DF</idCode>
        <idValue>Material Disposition Authorization Location</idValue>
    <idCode>DG</idCode>
        <idValue>Design Engineering</idValue>
    <idCode>DH</idCode>
        <idValue>Doing Business As</idValue>
    <idCode>DI</idCode>
        <idValue>Different Premise Address (DPA)</idValue>
    <idCode>DIR</idCode>
        <idValue>Distribution Recipient</idValue>
    <idCode>DJ</idCode>
        <idValue>Consulting Physician</idValue>
    <idCode>DK</idCode>
        <idValue>Ordering Physician</idValue>
    <idCode>DL</idCode>
        <idValue>Dealer</idValue>
    <idCode>DM</idCode>
        <idValue>Destination Mail Facility</idValue>
    <idCode>DN</idCode>
        <idValue>Referring Provider</idValue>
    <idCode>DO</idCode>
        <idValue>Dependent Name</idValue>
    <idCode>DP</idCode>
        <idValue>Party to Provide Discount</idValue>
    <idCode>DQ</idCode>
        <idValue>Supervising Physician</idValue>
    <idCode>DR</idCode>
        <idValue>Destination Drayman</idValue>
    <idCode>DS</idCode>
        <idValue>Distributor</idValue>
    <idCode>DT</idCode>
        <idValue>Destination Terminal</idValue>
    <idCode>DU</idCode>
        <idValue>Resale Dealer</idValue>
    <idCode>DV</idCode>
        <idValue>Division</idValue>
    <idCode>DW</idCode>
        <idValue>Downstream Party</idValue>
    <idCode>DX</idCode>
        <idValue>Distiller</idValue>
    <idCode>DY</idCode>
        <idValue>Default/Foreclosure Specialist</idValue>
    <idCode>DZ</idCode>
        <idValue>Delivery Zone</idValue>
    <idCode>E1</idCode>
        <idValue>Person or Other Entity Legally Responsible for a Child</idValue>
    <idCode>E2</idCode>
        <idValue>Person or Other Entity With Whom a Child Resides</idValue>
    <idCode>E3</idCode>
        <idValue>Person or Other Entity Legally Responsible for and With Whom a Child Resides</idValue>
    <idCode>E4</idCode>
        <idValue>Other Person or Entity Associated with Student</idValue>
    <idCode>E5</idCode>
        <idValue>Examiner</idValue>
    <idCode>E6</idCode>
        <idValue>Engineering</idValue>
    <idCode>E7</idCode>
        <idValue>Previous Employer</idValue>
    <idCode>E8</idCode>
        <idValue>Inquiring Party</idValue>
    <idCode>E9</idCode>
        <idValue>Participating Laboratory</idValue>
    <idCode>EA</idCode>
        <idValue>Study Submitter</idValue>
    <idCode>EB</idCode>
        <idValue>Eligible Party To The Contract</idValue>
    <idCode>EC</idCode>
        <idValue>Exchanger</idValue>
    <idCode>ED</idCode>
        <idValue>Excluded Party</idValue>
    <idCode>EE</idCode>
        <idValue>Location of Goods for Customs Examination Before Clearance</idValue>
    <idCode>EF</idCode>
        <idValue>Electronic Filer</idValue>
    <idCode>EG</idCode>
        <idValue>Engineer</idValue>
    <idCode>EH</idCode>
        <idValue>Exhibitor</idValue>
    <idCode>EI</idCode>
        <idValue>Executor of Estate</idValue>
    <idCode>EJ</idCode>
        <idValue>Principal Person</idValue>
    <idCode>EK</idCode>
        <idValue>Animal Source</idValue>
    <idCode>EL</idCode>
        <idValue>Established Location</idValue>
    <idCode>EM</idCode>
        <idValue>Party to Receive Electronic Memo of Invoice</idValue>
    <idCode>EN</idCode>
        <idValue>End User</idValue>
    <idCode>ENR</idCode>
        <idValue>Enroller</idValue>
    <idCode>EO</idCode>
        <idValue>Limited Liability Partnership</idValue>
    <idCode>EP</idCode>
        <idValue>Eligible Party to the Rate</idValue>
    <idCode>EQ</idCode>
        <idValue>Old Debtor</idValue>
    <idCode>ER</idCode>
        <idValue>New Debtor</idValue>
    <idCode>ES</idCode>
        <idValue>Employer Name</idValue>
    <idCode>ET</idCode>
        <idValue>Plan Administrator</idValue>
    <idCode>EU</idCode>
        <idValue>Old Secured Party</idValue>
    <idCode>EV</idCode>
        <idValue>Selling Agent</idValue>
    <idCode>EW</idCode>
        <idValue>Servicing Broker</idValue>
    <idCode>EX</idCode>
        <idValue>Exporter</idValue>
    <idCode>EXS</idCode>
        <idValue>Ex-spouse</idValue>
    <idCode>EY</idCode>
        <idValue>Employee Name</idValue>
    <idCode>EZ</idCode>
        <idValue>New Secured Party</idValue>
    <idCode>F1</idCode>
        <idValue>Company - Owned Oil Field</idValue>
    <idCode>F2</idCode>
        <idValue>Energy Information Administration (Department of Energy) - Owned Oil Field</idValue>
    <idCode>F3</idCode>
        <idValue>Specialized Mobile Radio Service (SMRS) Licensee</idValue>
    <idCode>F4</idCode>
        <idValue>Former Residence</idValue>
    <idCode>F5</idCode>
        <idValue>Radio Control Station Location</idValue>
    <idCode>F6</idCode>
        <idValue>Small Control Station Location</idValue>
    <idCode>F7</idCode>
        <idValue>Small Base Station Location</idValue>
    <idCode>F8</idCode>
        <idValue>Antenna Site</idValue>
    <idCode>F9</idCode>
        <idValue>Area of Operation</idValue>
    <idCode>FA</idCode>
        <idValue>Facility</idValue>
    <idCode>FB</idCode>
        <idValue>First Break Terminal</idValue>
    <idCode>FC</idCode>
        <idValue>Customer Identification File (CIF) Customer Identifier</idValue>
    <idCode>FD</idCode>
        <idValue>Physical Address</idValue>
    <idCode>FE</idCode>
        <idValue>Mail Address</idValue>
    <idCode>FF</idCode>
        <idValue>Foreign Language Synonym</idValue>
    <idCode>FG</idCode>
        <idValue>Trade Name Synonym</idValue>
    <idCode>FH</idCode>
        <idValue>Party to Receive Limitations of Heavy Elements Report</idValue>
    <idCode>FI</idCode>
        <idValue>Name Variation Synonym</idValue>
    <idCode>FJ</idCode>
        <idValue>First Contact</idValue>
    <idCode>FL</idCode>
        <idValue>Primary Control Point Location</idValue>
    <idCode>FM</idCode>
        <idValue>Fireman</idValue>
    <idCode>FN</idCode>
        <idValue>Filer Name</idValue>
    <idCode>FO</idCode>
        <idValue>Field or Branch Office</idValue>
    <idCode>FP</idCode>
        <idValue>Name on Credit Card</idValue>
    <idCode>FQ</idCode>
        <idValue>Pier Name</idValue>
    <idCode>FR</idCode>
        <idValue>Message From</idValue>
    <idCode>FRL</idCode>
        <idValue>Foreign Registration Location</idValue>
    <idCode>FS</idCode>
        <idValue>Final Scheduled Destination</idValue>
    <idCode>FSR</idCode>
        <idValue>Financial Statement Recipient</idValue>
    <idCode>FT</idCode>
        <idValue>New Assignee</idValue>
    <idCode>FU</idCode>
        <idValue>Old Assignee</idValue>
    <idCode>FV</idCode>
        <idValue>Vessel Name</idValue>
    <idCode>FW</idCode>
        <idValue>Forwarder</idValue>
    <idCode>FX</idCode>
        <idValue>Closed Door Pharmacy</idValue>
    <idCode>FY</idCode>
        <idValue>Veterinary Hospital</idValue>
    <idCode>FZ</idCode>
        <idValue>Children&apos;s Day Care Center</idValue>
    <idCode>G0</idCode>
        <idValue>Dependent Insured</idValue>
    <idCode>G1</idCode>
        <idValue>Bankruptcy Trustee</idValue>
    <idCode>G2</idCode>
        <idValue>Annuitant</idValue>
    <idCode>G3</idCode>
        <idValue>Clinic</idValue>
    <idCode>G5</idCode>
        <idValue>Contingent Beneficiary</idValue>
    <idCode>G6</idCode>
        <idValue>Entity Holding the Information</idValue>
    <idCode>G7</idCode>
        <idValue>Entity Providing the Service</idValue>
    <idCode>G8</idCode>
        <idValue>Entity Responsible for Follow-up</idValue>
    <idCode>G9</idCode>
        <idValue>Family Member</idValue>
    <idCode>GA</idCode>
        <idValue>Gas Plant</idValue>
    <idCode>GB</idCode>
        <idValue>Other Insured</idValue>
    <idCode>GC</idCode>
        <idValue>Previous Credit Grantor</idValue>
    <idCode>GD</idCode>
        <idValue>Guardian</idValue>
    <idCode>GE</idCode>
        <idValue>General Agency</idValue>
    <idCode>GF</idCode>
        <idValue>Inspection Company</idValue>
    <idCode>GG</idCode>
        <idValue>Intermediary</idValue>
    <idCode>GH</idCode>
        <idValue>Motor Vehicle Report Provider Company</idValue>
    <idCode>GI</idCode>
        <idValue>Paramedic</idValue>
    <idCode>GIR</idCode>
        <idValue>Gift Recipient</idValue>
    <idCode>GJ</idCode>
        <idValue>Paramedical Company</idValue>
    <idCode>GK</idCode>
        <idValue>Previous Insured</idValue>
    <idCode>GL</idCode>
        <idValue>Previous Residence</idValue>
    <idCode>GM</idCode>
        <idValue>Spouse Insured</idValue>
    <idCode>GN</idCode>
        <idValue>Garnishee</idValue>
    <idCode>GO</idCode>
        <idValue>Primary Beneficiary</idValue>
    <idCode>GP</idCode>
        <idValue>Gateway Provider</idValue>
    <idCode>GQ</idCode>
        <idValue>Proposed Insured</idValue>
    <idCode>GR</idCode>
        <idValue>Reinsurer</idValue>
    <idCode>GS</idCode>
        <idValue>Garaged Location</idValue>
    <idCode>GT</idCode>
        <idValue>Credit Grantor</idValue>
    <idCode>GU</idCode>
        <idValue>Guarantee Agency</idValue>
    <idCode>GV</idCode>
        <idValue>Gas Transaction Ending Point</idValue>
    <idCode>GW</idCode>
        <idValue>Group</idValue>
    <idCode>GX</idCode>
        <idValue>Retrocessionaire</idValue>
    <idCode>GY</idCode>
        <idValue>Treatment Facility</idValue>
    <idCode>GZ</idCode>
        <idValue>Grandparent</idValue>
    <idCode>H1</idCode>
        <idValue>Representative</idValue>
    <idCode>H2</idCode>
        <idValue>Sub-Office</idValue>
    <idCode>H3</idCode>
        <idValue>District</idValue>
    <idCode>H5</idCode>
        <idValue>Paying Agent</idValue>
    <idCode>H6</idCode>
        <idValue>School District</idValue>
    <idCode>H7</idCode>
        <idValue>Group Affiliate</idValue>
    <idCode>H8</idCode>
        <idValue>Servicing Agent</idValue>
    <idCode>H9</idCode>
        <idValue>Designer</idValue>
    <idCode>HA</idCode>
        <idValue>Owner</idValue>
    <idCode>HB</idCode>
        <idValue>Historically Black College or University</idValue>
    <idCode>HC</idCode>
        <idValue>Joint Annuitant</idValue>
    <idCode>HD</idCode>
        <idValue>Contingent Annuitant</idValue>
    <idCode>HE</idCode>
        <idValue>Contingent Owner</idValue>
    <idCode>HF</idCode>
        <idValue>Healthcare Professional Shortage Area (HPSA) Facility</idValue>
    <idCode>HG</idCode>
        <idValue>Broker Opinion or Analysis Requester</idValue>
    <idCode>HH</idCode>
        <idValue>Home Health Agency</idValue>
    <idCode>HI</idCode>
        <idValue>Listing Company</idValue>
    <idCode>HJ</idCode>
        <idValue>Automated Underwriting System</idValue>
    <idCode>HK</idCode>
        <idValue>Subscriber</idValue>
    <idCode>HL</idCode>
        <idValue>Document Custodian</idValue>
    <idCode>HM</idCode>
        <idValue>Competitive Property Listing</idValue>
    <idCode>HMI</idCode>
        <idValue>Material Safety Data Sheet (MSDS) Recipient</idValue>
    <idCode>HN</idCode>
        <idValue>Competing Property</idValue>
    <idCode>HO</idCode>
        <idValue>Comparable Property Listing</idValue>
    <idCode>HOM</idCode>
        <idValue>Home Office</idValue>
    <idCode>HP</idCode>
        <idValue>Closed Sale</idValue>
    <idCode>HQ</idCode>
        <idValue>Source Party of Information</idValue>
    <idCode>HR</idCode>
        <idValue>Subject of Inquiry</idValue>
    <idCode>HS</idCode>
        <idValue>High School</idValue>
    <idCode>HT</idCode>
        <idValue>State Chartered Facility</idValue>
    <idCode>HU</idCode>
        <idValue>Subsidiary</idValue>
    <idCode>HV</idCode>
        <idValue>Tax Address</idValue>
    <idCode>HW</idCode>
        <idValue>Designated Hazardous Waste Facility</idValue>
    <idCode>HX</idCode>
        <idValue>Transporter of Hazardous Waste</idValue>
    <idCode>HY</idCode>
        <idValue>Charity</idValue>
    <idCode>HZ</idCode>
        <idValue>Hazardous Waste Generator</idValue>
    <idCode>I1</idCode>
        <idValue>Interested Party</idValue>
    <idCode>I3</idCode>
        <idValue>Independent Physicians Association (IPA)</idValue>
    <idCode>I4</idCode>
        <idValue>Intellectual Property Owner</idValue>
    <idCode>I9</idCode>
        <idValue>Interviewer</idValue>
    <idCode>IA</idCode>
        <idValue>Installed At</idValue>
    <idCode>IAA</idCode>
        <idValue>Business Entity</idValue>
    <idCode>IAC</idCode>
        <idValue>Principal Executive Office</idValue>
    <idCode>IAD</idCode>
        <idValue>Foreign Office</idValue>
    <idCode>IAE</idCode>
        <idValue>Member</idValue>
    <idCode>IAF</idCode>
        <idValue>Executive Committee Member</idValue>
    <idCode>IAG</idCode>
        <idValue>Director</idValue>
    <idCode>IAH</idCode>
        <idValue>Clerk</idValue>
    <idCode>IAI</idCode>
        <idValue>Party with Knowledge of Affairs of the Company</idValue>
    <idCode>IAK</idCode>
        <idValue>Party to Receive Statement of Fees Due</idValue>
    <idCode>IAL</idCode>
        <idValue>Company in which Interest Held</idValue>
    <idCode>IAM</idCode>
        <idValue>Company which Holds Interest</idValue>
    <idCode>IAN</idCode>
        <idValue>Notary</idValue>
    <idCode>IAO</idCode>
        <idValue>Manager</idValue>
    <idCode>IAP</idCode>
        <idValue>Alien Affiliate</idValue>
    <idCode>IAQ</idCode>
        <idValue>Incorporation State Principal Office</idValue>
    <idCode>IAR</idCode>
        <idValue>Incorporation State Place of Business</idValue>
    <idCode>IAS</idCode>
        <idValue>Out-of-State Principal Office</idValue>
    <idCode>IAT</idCode>
        <idValue>Party Executing and Verifying</idValue>
    <idCode>IAU</idCode>
        <idValue>Felon</idValue>
    <idCode>IAV</idCode>
        <idValue>Other Related Party</idValue>
    <idCode>IAW</idCode>
        <idValue>Record-Keeping Address</idValue>
    <idCode>IAY</idCode>
        <idValue>Initial Subscriber</idValue>
    <idCode>IAZ</idCode>
        <idValue>Original Jurisdiction</idValue>
    <idCode>IB</idCode>
        <idValue>Industry Bureau</idValue>
    <idCode>IC</idCode>
        <idValue>Intermediate Consignee</idValue>
    <idCode>ID</idCode>
        <idValue>Issuer of Debit or Credit Memo</idValue>
    <idCode>IE</idCode>
        <idValue>Other Individual Disability Carrier</idValue>
    <idCode>IF</idCode>
        <idValue>International Freight Forwarder</idValue>
    <idCode>II</idCode>
        <idValue>Issuer of Invoice</idValue>
    <idCode>IJ</idCode>
        <idValue>Injection Point</idValue>
    <idCode>IK</idCode>
        <idValue>Intermediate Carrier</idValue>
    <idCode>IL</idCode>
        <idValue>Insured or Subscriber</idValue>
    <idCode>IM</idCode>
        <idValue>Importer</idValue>
    <idCode>IN</idCode>
        <idValue>Insurer</idValue>
    <idCode>INV</idCode>
        <idValue>Investment Advisor</idValue>
    <idCode>IO</idCode>
        <idValue>Inspector</idValue>
    <idCode>IP</idCode>
        <idValue>Independent Adjuster</idValue>
    <idCode>IQ</idCode>
        <idValue>In-patient Pharmacy</idValue>
    <idCode>IR</idCode>
        <idValue>Self Insured</idValue>
    <idCode>IS</idCode>
        <idValue>Party to Receive Certified Inspection Report</idValue>
    <idCode>IT</idCode>
        <idValue>Installation on Site</idValue>
    <idCode>IU</idCode>
        <idValue>Issuer</idValue>
    <idCode>IV</idCode>
        <idValue>Renter</idValue>
    <idCode>J1</idCode>
        <idValue>Associate General Agent</idValue>
    <idCode>J2</idCode>
        <idValue>Authorized Entity</idValue>
    <idCode>J3</idCode>
        <idValue>Broker&apos;s Assistant</idValue>
    <idCode>J4</idCode>
        <idValue>Custodian</idValue>
    <idCode>J5</idCode>
        <idValue>Irrevocable Beneficiary</idValue>
    <idCode>J6</idCode>
        <idValue>Power of Attorney</idValue>
    <idCode>J7</idCode>
        <idValue>Trust Officer</idValue>
    <idCode>J8</idCode>
        <idValue>Broker Dealer</idValue>
    <idCode>J9</idCode>
        <idValue>Community Agent</idValue>
    <idCode>JA</idCode>
        <idValue>Dairy Department</idValue>
    <idCode>JB</idCode>
        <idValue>Delicatessen Department</idValue>
    <idCode>JC</idCode>
        <idValue>Dry Grocery Department</idValue>
    <idCode>JD</idCode>
        <idValue>Judge</idValue>
    <idCode>JE</idCode>
        <idValue>Frozen Department</idValue>
    <idCode>JF</idCode>
        <idValue>General Merchandise Department</idValue>
    <idCode>JG</idCode>
        <idValue>Health &amp; Beauty Department</idValue>
    <idCode>JH</idCode>
        <idValue>Alcohol Beverage Department</idValue>
    <idCode>JI</idCode>
        <idValue>Meat Department</idValue>
    <idCode>JJ</idCode>
        <idValue>Produce Department</idValue>
    <idCode>JK</idCode>
        <idValue>Bakery Department</idValue>
    <idCode>JL</idCode>
        <idValue>Video Department</idValue>
    <idCode>JM</idCode>
        <idValue>Candy and Confections Department</idValue>
    <idCode>JN</idCode>
        <idValue>Cigarettes and Tobacco Department</idValue>
    <idCode>JO</idCode>
        <idValue>In-Store Bakery Department</idValue>
    <idCode>JP</idCode>
        <idValue>Floral Department</idValue>
    <idCode>JQ</idCode>
        <idValue>Pharmacy Department</idValue>
    <idCode>JR</idCode>
        <idValue>Bidder</idValue>
    <idCode>JS</idCode>
        <idValue>Joint Debtor Attorney</idValue>
    <idCode>JT</idCode>
        <idValue>Joint Debtor</idValue>
    <idCode>JU</idCode>
        <idValue>Jurisdiction</idValue>
    <idCode>JV</idCode>
        <idValue>Joint Owner</idValue>
    <idCode>JW</idCode>
        <idValue>Joint Venture</idValue>
    <idCode>JX</idCode>
        <idValue>Closing Agent</idValue>
    <idCode>JY</idCode>
        <idValue>Financial Planner</idValue>
    <idCode>JZ</idCode>
        <idValue>Managing General Agent</idValue>
    <idCode>K1</idCode>
        <idValue>Contractor Cognizant Security Office</idValue>
    <idCode>K2</idCode>
        <idValue>Subcontractor Cognizant Security Office</idValue>
    <idCode>K3</idCode>
        <idValue>Place of Performance Cognizant Security Office</idValue>
    <idCode>K4</idCode>
        <idValue>Party Authorizing Release of Security Information</idValue>
    <idCode>K5</idCode>
        <idValue>Party To Receive Contract Security Classification Specification</idValue>
    <idCode>K6</idCode>
        <idValue>Policy Writing Agent</idValue>
    <idCode>K7</idCode>
        <idValue>Radio Station</idValue>
    <idCode>K8</idCode>
        <idValue>Filing Location</idValue>
    <idCode>K9</idCode>
        <idValue>Previous Distributor</idValue>
    <idCode>KA</idCode>
        <idValue>Item Manager</idValue>
    <idCode>KB</idCode>
        <idValue>Customer for Whom Same or Similar Work Was Performed</idValue>
    <idCode>KC</idCode>
        <idValue>Party That Received Disclosure Statement</idValue>
    <idCode>KD</idCode>
        <idValue>Proposer</idValue>
    <idCode>KE</idCode>
        <idValue>Contact Office</idValue>
    <idCode>KF</idCode>
        <idValue>Audit Office</idValue>
    <idCode>KG</idCode>
        <idValue>Project Manager</idValue>
    <idCode>KH</idCode>
        <idValue>Organization Having Source Control</idValue>
    <idCode>KI</idCode>
        <idValue>United States Overseas Security Administration Office</idValue>
    <idCode>KJ</idCode>
        <idValue>Qualifying Officer</idValue>
    <idCode>KK</idCode>
        <idValue>Registering Party</idValue>
    <idCode>KL</idCode>
        <idValue>Clerk of Court</idValue>
    <idCode>KM</idCode>
        <idValue>Coordinator</idValue>
    <idCode>KN</idCode>
        <idValue>Former Address</idValue>
    <idCode>KO</idCode>
        <idValue>Plant Clearance Officer</idValue>
    <idCode>KP</idCode>
        <idValue>Name Under Which Filed</idValue>
    <idCode>KQ</idCode>
        <idValue>Licensee</idValue>
    <idCode>KR</idCode>
        <idValue>Pre-kindergarten to Grade 12 Recipient</idValue>
    <idCode>KS</idCode>
        <idValue>Pre-kindergarten to Grade 12 Sender</idValue>
    <idCode>KT</idCode>
        <idValue>Court</idValue>
    <idCode>KU</idCode>
        <idValue>Receiver Site</idValue>
    <idCode>KV</idCode>
        <idValue>Disbursing Officer</idValue>
    <idCode>KW</idCode>
        <idValue>Bid Opening Location</idValue>
    <idCode>KX</idCode>
        <idValue>Free on Board Point</idValue>
    <idCode>KY</idCode>
        <idValue>Technical Office</idValue>
    <idCode>KZ</idCode>
        <idValue>Acceptance Location</idValue>
    <idCode>L1</idCode>
        <idValue>Inspection Location</idValue>
    <idCode>L2</idCode>
        <idValue>Location of Principal Assets</idValue>
    <idCode>L3</idCode>
        <idValue>Loan Correspondent</idValue>
    <idCode>L5</idCode>
        <idValue>Contact</idValue>
    <idCode>L8</idCode>
        <idValue>Head Office</idValue>
    <idCode>L9</idCode>
        <idValue>Information Provider</idValue>
    <idCode>LA</idCode>
        <idValue>Attorney</idValue>
    <idCode>LB</idCode>
        <idValue>Last Break Terminal</idValue>
    <idCode>LC</idCode>
        <idValue>Location of Spot for Storage</idValue>
    <idCode>LD</idCode>
        <idValue>Liability Holder</idValue>
    <idCode>LE</idCode>
        <idValue>Lessor</idValue>
    <idCode>LF</idCode>
        <idValue>Limited Partner</idValue>
    <idCode>LG</idCode>
        <idValue>Location of Goods</idValue>
    <idCode>LGS</idCode>
        <idValue>Local Government Sponsor</idValue>
    <idCode>LH</idCode>
        <idValue>Pipeline</idValue>
    <idCode>LI</idCode>
        <idValue>Independent Lab</idValue>
    <idCode>LJ</idCode>
        <idValue>Limited Liability Company</idValue>
    <idCode>LK</idCode>
        <idValue>Juvenile Owner</idValue>
    <idCode>LL</idCode>
        <idValue>Location of Load Exchange (Export)</idValue>
    <idCode>LM</idCode>
        <idValue>Lending Institution</idValue>
    <idCode>LN</idCode>
        <idValue>Lender</idValue>
    <idCode>LO</idCode>
        <idValue>Loan Originator</idValue>
    <idCode>LP</idCode>
        <idValue>Loading Party</idValue>
    <idCode>LQ</idCode>
        <idValue>Law Firm</idValue>
    <idCode>LR</idCode>
        <idValue>Legal Representative</idValue>
    <idCode>LS</idCode>
        <idValue>Lessee</idValue>
    <idCode>LT</idCode>
        <idValue>Long-term Disability Carrier</idValue>
    <idCode>LU</idCode>
        <idValue>Master Agent</idValue>
    <idCode>LV</idCode>
        <idValue>Loan Servicer</idValue>
    <idCode>LW</idCode>
        <idValue>Customer</idValue>
    <idCode>LY</idCode>
        <idValue>Labeler</idValue>
    <idCode>LYM</idCode>
        <idValue>Amended Name</idValue>
    <idCode>LYN</idCode>
        <idValue>Stockholder</idValue>
    <idCode>LYO</idCode>
        <idValue>Managing Agent</idValue>
    <idCode>LYP</idCode>
        <idValue>Organizer</idValue>
    <idCode>LZ</idCode>
        <idValue>Local Chain</idValue>
    <idCode>M1</idCode>
        <idValue>Source Meter Location</idValue>
    <idCode>M2</idCode>
        <idValue>Receipt Meter Location</idValue>
    <idCode>M3</idCode>
        <idValue>Upstream Meter Location</idValue>
    <idCode>M4</idCode>
        <idValue>Downstream Meter Location</idValue>
    <idCode>M5</idCode>
        <idValue>Migrant Health Clinic</idValue>
    <idCode>M6</idCode>
        <idValue>Landlord</idValue>
    <idCode>M7</idCode>
        <idValue>Foreclosing Lender</idValue>
    <idCode>M8</idCode>
        <idValue>Educational Institution</idValue>
    <idCode>M9</idCode>
        <idValue>Manufacturing</idValue>
    <idCode>MA</idCode>
        <idValue>Party for whom Item is Ultimately Intended</idValue>
    <idCode>MB</idCode>
        <idValue>Company Interviewer Works For</idValue>
    <idCode>MC</idCode>
        <idValue>Motor Carrier</idValue>
    <idCode>MD</idCode>
        <idValue>Veterans Administration Loan Guaranty Authority</idValue>
    <idCode>ME</idCode>
        <idValue>Veterans Administration Loan Authorized Supplier</idValue>
    <idCode>MF</idCode>
        <idValue>Manufacturer of Goods</idValue>
    <idCode>MG</idCode>
        <idValue>Government Loan Agency Sponsor or Agent</idValue>
    <idCode>MH</idCode>
        <idValue>Mortgage Insurer</idValue>
    <idCode>MI</idCode>
        <idValue>Planning Schedule/Material Release Issuer</idValue>
    <idCode>MJ</idCode>
        <idValue>Financial Institution</idValue>
    <idCode>MK</idCode>
        <idValue>Loan Holder for Real Estate Asset</idValue>
    <idCode>ML</idCode>
        <idValue>Consumer Credit Account Company</idValue>
    <idCode>MM</idCode>
        <idValue>Mortgage Company</idValue>
    <idCode>MN</idCode>
        <idValue>Authorized Marketer</idValue>
    <idCode>MO</idCode>
        <idValue>Release Drayman</idValue>
    <idCode>MP</idCode>
        <idValue>Manufacturing Plant</idValue>
    <idCode>MQ</idCode>
        <idValue>Metering Location</idValue>
    <idCode>MR</idCode>
        <idValue>Medical Insurance Carrier</idValue>
    <idCode>MS</idCode>
        <idValue>Bureau of Land Management (Minerals Management Service) Property Unit</idValue>
    <idCode>MSC</idCode>
        <idValue>Mammography Screening Center</idValue>
    <idCode>MT</idCode>
        <idValue>Material</idValue>
    <idCode>MU</idCode>
        <idValue>Meeting Location</idValue>
    <idCode>MV</idCode>
        <idValue>Mainline</idValue>
    <idCode>MW</idCode>
        <idValue>Marine Surveyor</idValue>
    <idCode>MX</idCode>
        <idValue>Juvenile Witness</idValue>
    <idCode>MY</idCode>
        <idValue>Master General Agent</idValue>
    <idCode>MZ</idCode>
        <idValue>Minister</idValue>
    <idCode>N1</idCode>
        <idValue>Notify Party no. 1</idValue>
    <idCode>N2</idCode>
        <idValue>Notify Party no. 2</idValue>
    <idCode>N3</idCode>
        <idValue>Ineligible Party</idValue>
    <idCode>N4</idCode>
        <idValue>Price Administration</idValue>
    <idCode>N5</idCode>
        <idValue>Party Who Signed the Delivery Receipt</idValue>
    <idCode>N6</idCode>
        <idValue>Nonemployment Income Source</idValue>
    <idCode>N7</idCode>
        <idValue>Previous Neighbor</idValue>
    <idCode>N8</idCode>
        <idValue>Relative</idValue>
    <idCode>N9</idCode>
        <idValue>Neighborhood</idValue>
    <idCode>NB</idCode>
        <idValue>Neighbor</idValue>
    <idCode>NC</idCode>
        <idValue>Cross-Town Switch</idValue>
    <idCode>NCT</idCode>
        <idValue>Name Changed To</idValue>
    <idCode>ND</idCode>
        <idValue>Next Destination</idValue>
    <idCode>NE</idCode>
        <idValue>Newspaper</idValue>
    <idCode>NF</idCode>
        <idValue>Owner Annuitant</idValue>
    <idCode>NG</idCode>
        <idValue>Administrator</idValue>
    <idCode>NH</idCode>
        <idValue>Association</idValue>
    <idCode>NI</idCode>
        <idValue>Non-insured</idValue>
    <idCode>NJ</idCode>
        <idValue>Trust or Estate</idValue>
    <idCode>NK</idCode>
        <idValue>National Chain</idValue>
    <idCode>NL</idCode>
        <idValue>Non-railroad Entity</idValue>
    <idCode>NM</idCode>
        <idValue>Physician - Specialists</idValue>
    <idCode>NN</idCode>
        <idValue>Network Name</idValue>
    <idCode>NP</idCode>
        <idValue>Notify Party for Shipper&apos;s Order</idValue>
    <idCode>NPC</idCode>
        <idValue>Notary Public</idValue>
    <idCode>NQ</idCode>
        <idValue>Pipeline Segment Boundary</idValue>
    <idCode>NR</idCode>
        <idValue>Gas Transaction Starting Point</idValue>
    <idCode>NS</idCode>
        <idValue>Non-Temporary Storage Facility</idValue>
    <idCode>NT</idCode>
        <idValue>Magistrate Judge</idValue>
    <idCode>NU</idCode>
        <idValue>Formerly Known As</idValue>
    <idCode>NV</idCode>
        <idValue>Formerly Doing Business As</idValue>
    <idCode>NW</idCode>
        <idValue>Maiden Name</idValue>
    <idCode>NX</idCode>
        <idValue>Primary Owner</idValue>
    <idCode>NY</idCode>
        <idValue>Birth Name</idValue>
    <idCode>NZ</idCode>
        <idValue>Primary Physician</idValue>
    <idCode>O1</idCode>
        <idValue>Originating Bank</idValue>
    <idCode>O2</idCode>
        <idValue>Originating Company</idValue>
    <idCode>O3</idCode>
        <idValue>Receiving Company</idValue>
    <idCode>O4</idCode>
        <idValue>Factor</idValue>
    <idCode>O5</idCode>
        <idValue>Merchant Banker</idValue>
    <idCode>O6</idCode>
        <idValue>Non Registered Business Name</idValue>
    <idCode>O7</idCode>
        <idValue>Registered Business Name</idValue>
    <idCode>O8</idCode>
        <idValue>Registrar</idValue>
    <idCode>OA</idCode>
        <idValue>Electronic Return Originator</idValue>
    <idCode>OB</idCode>
        <idValue>Ordered By</idValue>
    <idCode>OC</idCode>
        <idValue>Origin Carrier</idValue>
    <idCode>OD</idCode>
        <idValue>Doctor of Optometry</idValue>
    <idCode>OE</idCode>
        <idValue>Booking Office</idValue>
    <idCode>OF</idCode>
        <idValue>Offset Operator</idValue>
    <idCode>OG</idCode>
        <idValue>Co-owner</idValue>
    <idCode>OH</idCode>
        <idValue>Other Departments</idValue>
    <idCode>OI</idCode>
        <idValue>Outside Inspection Agency</idValue>
    <idCode>OK</idCode>
        <idValue>Owner</idValue>
    <idCode>OL</idCode>
        <idValue>Officer</idValue>
    <idCode>OM</idCode>
        <idValue>Origin Mail Facility</idValue>
    <idCode>ON</idCode>
        <idValue>Product Position Holder</idValue>
    <idCode>OO</idCode>
        <idValue>Order Of (Shippers Orders) - (Transportation)</idValue>
    <idCode>OP</idCode>
        <idValue>Operator of property or unit</idValue>
    <idCode>OR</idCode>
        <idValue>Origin Drayman</idValue>
    <idCode>ORI</idCode>
        <idValue>Original Name</idValue>
    <idCode>OS</idCode>
        <idValue>Override Institution; this is not the institution sending the record, but another institution the student previously attended or is currently attending</idValue>
    <idCode>OT</idCode>
        <idValue>Origin Terminal</idValue>
    <idCode>OU</idCode>
        <idValue>Outside Processor</idValue>
    <idCode>OV</idCode>
        <idValue>Owner of Vessel</idValue>
    <idCode>OW</idCode>
        <idValue>Owner of Property or Unit</idValue>
    <idCode>OX</idCode>
        <idValue>Oxygen Therapy Facility</idValue>
    <idCode>OY</idCode>
        <idValue>Owner of Vehicle</idValue>
    <idCode>OZ</idCode>
        <idValue>Outside Testing Agency</idValue>
    <idCode>P0</idCode>
        <idValue>Patient Facility</idValue>
    <idCode>P1</idCode>
        <idValue>Preparer</idValue>
    <idCode>P2</idCode>
        <idValue>Primary Insured or Subscriber</idValue>
    <idCode>P3</idCode>
        <idValue>Primary Care Provider</idValue>
    <idCode>P4</idCode>
        <idValue>Prior Insurance Carrier</idValue>
    <idCode>P5</idCode>
        <idValue>Plan Sponsor</idValue>
    <idCode>P6</idCode>
        <idValue>Third Party Reviewing Preferred Provider Organization (PPO)</idValue>
    <idCode>P7</idCode>
        <idValue>Third Party Repricing Preferred Provider Organization (PPO)</idValue>
    <idCode>P8</idCode>
        <idValue>Personnel Office</idValue>
    <idCode>P9</idCode>
        <idValue>Primary Interexchange Carrier (PIC)</idValue>
    <idCode>PA</idCode>
        <idValue>Party to Receive Inspection Report</idValue>
    <idCode>PB</idCode>
        <idValue>Paying Bank</idValue>
    <idCode>PC</idCode>
        <idValue>Party to Receive Cert. of Conformance (C.A.A.)</idValue>
    <idCode>PD</idCode>
        <idValue>Purchaser&apos;s Department Buyer</idValue>
    <idCode>PE</idCode>
        <idValue>Payee</idValue>
    <idCode>PF</idCode>
        <idValue>Party to Receive Freight Bill</idValue>
    <idCode>PG</idCode>
        <idValue>Prime Contractor</idValue>
    <idCode>PH</idCode>
        <idValue>Printer</idValue>
    <idCode>PI</idCode>
        <idValue>Publisher</idValue>
    <idCode>PJ</idCode>
        <idValue>Party to Receive Correspondence</idValue>
    <idCode>PK</idCode>
        <idValue>Party to Receive Copy</idValue>
    <idCode>PL</idCode>
        <idValue>Party to Receive Purchase Order</idValue>
    <idCode>PLR</idCode>
        <idValue>Payer of Last Resort</idValue>
    <idCode>PM</idCode>
        <idValue>Party to receive paper Memo of Invoice</idValue>
    <idCode>PMF</idCode>
        <idValue>Party Manufactured For</idValue>
    <idCode>PN</idCode>
        <idValue>Party to Receive Shipping Notice</idValue>
    <idCode>PO</idCode>
        <idValue>Party to Receive Invoice for Goods or Services</idValue>
    <idCode>PP</idCode>
        <idValue>Property</idValue>
    <idCode>PPS</idCode>
        <idValue>Person for Whose Benefit Property was Seized</idValue>
    <idCode>PQ</idCode>
        <idValue>Party to Receive Invoice for Lease Payments</idValue>
    <idCode>PR</idCode>
        <idValue>Payer</idValue>
    <idCode>PRE</idCode>
        <idValue>Previous Owner</idValue>
    <idCode>PRP</idCode>
        <idValue>Primary Payer</idValue>
    <idCode>PS</idCode>
        <idValue>Previous Station</idValue>
    <idCode>PT</idCode>
        <idValue>Party to Receive Test Report</idValue>
    <idCode>PU</idCode>
        <idValue>Party at Pick-up Location</idValue>
    <idCode>PUR</idCode>
        <idValue>Purchased Company</idValue>
    <idCode>PV</idCode>
        <idValue>Party performing certification</idValue>
    <idCode>PW</idCode>
        <idValue>Pick Up Address</idValue>
    <idCode>PX</idCode>
        <idValue>Party Performing Count</idValue>
    <idCode>PY</idCode>
        <idValue>Party to File Personal Property Tax</idValue>
    <idCode>PZ</idCode>
        <idValue>Party to Receive Equipment</idValue>
    <idCode>Q1</idCode>
        <idValue>Conductor Pilot</idValue>
    <idCode>Q2</idCode>
        <idValue>Engineer Pilot</idValue>
    <idCode>Q3</idCode>
        <idValue>Retail Account</idValue>
    <idCode>Q4</idCode>
        <idValue>Cooperative Buying Group</idValue>
    <idCode>Q5</idCode>
        <idValue>Advertising Group</idValue>
    <idCode>Q6</idCode>
        <idValue>Interpreter</idValue>
    <idCode>Q7</idCode>
        <idValue>Partner</idValue>
    <idCode>Q8</idCode>
        <idValue>Base Period Employer</idValue>
    <idCode>Q9</idCode>
        <idValue>Last Employer</idValue>
    <idCode>QA</idCode>
        <idValue>Pharmacy</idValue>
    <idCode>QB</idCode>
        <idValue>Purchase Service Provider</idValue>
    <idCode>QC</idCode>
        <idValue>Patient</idValue>
    <idCode>QD</idCode>
        <idValue>Responsible Party</idValue>
    <idCode>QE</idCode>
        <idValue>Policyholder</idValue>
    <idCode>QF</idCode>
        <idValue>Passenger</idValue>
    <idCode>QG</idCode>
        <idValue>Pedestrian</idValue>
    <idCode>QH</idCode>
        <idValue>Physician</idValue>
    <idCode>QI</idCode>
        <idValue>Party in Possession</idValue>
    <idCode>QJ</idCode>
        <idValue>Most Recent Employer (Chargeable)</idValue>
    <idCode>QK</idCode>
        <idValue>Managed Care</idValue>
    <idCode>QL</idCode>
        <idValue>Chiropractor</idValue>
    <idCode>QM</idCode>
        <idValue>Dialysis Centers</idValue>
    <idCode>QN</idCode>
        <idValue>Dentist</idValue>
    <idCode>QO</idCode>
        <idValue>Doctor of Osteopathy</idValue>
    <idCode>QP</idCode>
        <idValue>Principal Borrower</idValue>
    <idCode>QQ</idCode>
        <idValue>Quality Control</idValue>
    <idCode>QR</idCode>
        <idValue>Buyer&apos;s Quality Review Board</idValue>
    <idCode>QS</idCode>
        <idValue>Podiatrist</idValue>
    <idCode>QT</idCode>
        <idValue>Psychiatrist</idValue>
    <idCode>QU</idCode>
        <idValue>Veterinarian</idValue>
    <idCode>QV</idCode>
        <idValue>Group Practice</idValue>
    <idCode>QW</idCode>
        <idValue>Government</idValue>
    <idCode>QX</idCode>
        <idValue>Home Health Corporation</idValue>
    <idCode>QY</idCode>
        <idValue>Medical Doctor</idValue>
    <idCode>QZ</idCode>
        <idValue>Co-borrower</idValue>
    <idCode>R0</idCode>
        <idValue>Royalty Owner</idValue>
    <idCode>R1</idCode>
        <idValue>Party to Receive Scale Ticket</idValue>
    <idCode>R2</idCode>
        <idValue>Reporting Officer</idValue>
    <idCode>R3</idCode>
        <idValue>Next Scheduled Destination</idValue>
    <idCode>R4</idCode>
        <idValue>Regulatory (State) District</idValue>
    <idCode>R5</idCode>
        <idValue>Regulatory (State) Entity</idValue>
    <idCode>R6</idCode>
        <idValue>Requester</idValue>
    <idCode>R7</idCode>
        <idValue>Consumer Referral Contact</idValue>
    <idCode>R8</idCode>
        <idValue>Credit Reporting Agency</idValue>
    <idCode>R9</idCode>
        <idValue>Requested Lender</idValue>
    <idCode>RA</idCode>
        <idValue>Alternate Return Address</idValue>
    <idCode>RB</idCode>
        <idValue>Receiving Bank</idValue>
    <idCode>RC</idCode>
        <idValue>Receiving Location</idValue>
    <idCode>RCR</idCode>
        <idValue>Recovery Room</idValue>
    <idCode>RD</idCode>
        <idValue>Destination Intermodal Ramp</idValue>
    <idCode>RE</idCode>
        <idValue>Party to receive commercial invoice remittance</idValue>
    <idCode>REC</idCode>
        <idValue>Receiver Manager</idValue>
    <idCode>RF</idCode>
        <idValue>Refinery</idValue>
    <idCode>RG</idCode>
        <idValue>Responsible Installation, Origin</idValue>
    <idCode>RGA</idCode>
        <idValue>Responsible Government Agency</idValue>
    <idCode>RH</idCode>
        <idValue>Responsible Installation, Destination</idValue>
    <idCode>RI</idCode>
        <idValue>Remit To</idValue>
    <idCode>RJ</idCode>
        <idValue>Residence or Domicile</idValue>
    <idCode>RK</idCode>
        <idValue>Refinery Operator</idValue>
    <idCode>RL</idCode>
        <idValue>Reporting Location</idValue>
    <idCode>RM</idCode>
        <idValue>Party that remits payment</idValue>
    <idCode>RN</idCode>
        <idValue>Repair or Refurbish Location</idValue>
    <idCode>RO</idCode>
        <idValue>Original Intermodal Ramp</idValue>
    <idCode>RP</idCode>
        <idValue>Receiving Point for Customer Samples</idValue>
    <idCode>RQ</idCode>
        <idValue>Resale Customer</idValue>
    <idCode>RR</idCode>
        <idValue>Railroad</idValue>
    <idCode>RS</idCode>
        <idValue>Receiving Facility Scheduler</idValue>
    <idCode>RT</idCode>
        <idValue>Returned to</idValue>
    <idCode>RU</idCode>
        <idValue>Receiving Sub-Location</idValue>
    <idCode>RV</idCode>
        <idValue>Reservoir</idValue>
    <idCode>RW</idCode>
        <idValue>Rural Health Clinic</idValue>
    <idCode>RX</idCode>
        <idValue>Responsible Exhibitor</idValue>
    <idCode>RY</idCode>
        <idValue>Specified Repository</idValue>
    <idCode>RZ</idCode>
        <idValue>Receipt Zone</idValue>
    <idCode>S0</idCode>
        <idValue>Sole Proprietor</idValue>
    <idCode>S1</idCode>
        <idValue>Parent</idValue>
    <idCode>S2</idCode>
        <idValue>Student</idValue>
    <idCode>S3</idCode>
        <idValue>Custodial Parent</idValue>
    <idCode>S4</idCode>
        <idValue>Skilled Nursing Facility</idValue>
    <idCode>S5</idCode>
        <idValue>Secured Party</idValue>
    <idCode>S6</idCode>
        <idValue>Agency Granting Security Clearance</idValue>
    <idCode>S7</idCode>
        <idValue>Secured Party Company</idValue>
    <idCode>S8</idCode>
        <idValue>Secured Party Individual</idValue>
    <idCode>S9</idCode>
        <idValue>Sibling</idValue>
    <idCode>SA</idCode>
        <idValue>Salvage Carrier</idValue>
    <idCode>SB</idCode>
        <idValue>Storage Area</idValue>
    <idCode>SC</idCode>
        <idValue>Store Class</idValue>
    <idCode>SD</idCode>
        <idValue>Sold To and Ship To</idValue>
    <idCode>SE</idCode>
        <idValue>Selling Party</idValue>
    <idCode>SEP</idCode>
        <idValue>Secondary Payer</idValue>
    <idCode>SF</idCode>
        <idValue>Ship From</idValue>
    <idCode>SG</idCode>
        <idValue>Store Group</idValue>
    <idCode>SH</idCode>
        <idValue>Shipper</idValue>
    <idCode>SI</idCode>
        <idValue>Shipping Schedule Issuer</idValue>
    <idCode>SJ</idCode>
        <idValue>Service Provider</idValue>
    <idCode>SK</idCode>
        <idValue>Secondary Location Address (SLA)</idValue>
    <idCode>SL</idCode>
        <idValue>Origin Sublocation</idValue>
    <idCode>SM</idCode>
        <idValue>Party to Receive Shipping Manifest</idValue>
    <idCode>SN</idCode>
        <idValue>Store</idValue>
    <idCode>SO</idCode>
        <idValue>Sold To If Different From Bill To</idValue>
    <idCode>SP</idCode>
        <idValue>Party filling Shipper&apos;s Order</idValue>
    <idCode>SQ</idCode>
        <idValue>Service Bureau</idValue>
    <idCode>SR</idCode>
        <idValue>Samples to be Returned To</idValue>
    <idCode>SS</idCode>
        <idValue>Steamship Company</idValue>
    <idCode>ST</idCode>
        <idValue>Ship To</idValue>
    <idCode>SU</idCode>
        <idValue>Supplier/Manufacturer</idValue>
    <idCode>SV</idCode>
        <idValue>Service Performance Site</idValue>
    <idCode>SW</idCode>
        <idValue>Sealing Company</idValue>
    <idCode>SX</idCode>
        <idValue>School-based Service Provider</idValue>
    <idCode>SY</idCode>
        <idValue>Secondary Taxpayer</idValue>
    <idCode>SZ</idCode>
        <idValue>Supervisor</idValue>
    <idCode>T1</idCode>
        <idValue>Operator of the Transfer Point</idValue>
    <idCode>T2</idCode>
        <idValue>Operator of the Source Transfer Point</idValue>
    <idCode>T3</idCode>
        <idValue>Terminal Location</idValue>
    <idCode>T4</idCode>
        <idValue>Transfer Point</idValue>
    <idCode>T6</idCode>
        <idValue>Terminal Operator</idValue>
    <idCode>T8</idCode>
        <idValue>Previous Title Company</idValue>
    <idCode>T9</idCode>
        <idValue>Prior Title Evidence Holder</idValue>
    <idCode>TA</idCode>
        <idValue>Title Insurance Services Provider</idValue>
    <idCode>TB</idCode>
        <idValue>Tooling</idValue>
    <idCode>TC</idCode>
        <idValue>Tool Source</idValue>
    <idCode>TD</idCode>
        <idValue>Tooling Design</idValue>
    <idCode>TE</idCode>
        <idValue>Theatre</idValue>
    <idCode>TF</idCode>
        <idValue>Tank Farm</idValue>
    <idCode>TG</idCode>
        <idValue>Tooling Fabrication</idValue>
    <idCode>TH</idCode>
        <idValue>Theater Circuit</idValue>
    <idCode>TI</idCode>
        <idValue>Tariff Issuer</idValue>
    <idCode>TJ</idCode>
        <idValue>Cosigner</idValue>
    <idCode>TK</idCode>
        <idValue>Test Sponsor</idValue>
    <idCode>TL</idCode>
        <idValue>Testing Laboratory</idValue>
    <idCode>TM</idCode>
        <idValue>Transmitter</idValue>
    <idCode>TN</idCode>
        <idValue>Tradename</idValue>
    <idCode>TO</idCode>
        <idValue>Message To</idValue>
    <idCode>TP</idCode>
        <idValue>Primary Taxpayer</idValue>
    <idCode>TPM</idCode>
        <idValue>Third Party Marketer</idValue>
    <idCode>TQ</idCode>
        <idValue>Third Party Reviewing Organization (TPO)</idValue>
    <idCode>TR</idCode>
        <idValue>Terminal</idValue>
    <idCode>TS</idCode>
        <idValue>Party to Receive Certified Test Results</idValue>
    <idCode>TSE</idCode>
        <idValue>Consignee Courier Transfer Station</idValue>
    <idCode>TSR</idCode>
        <idValue>Consignor Courier Transfer Station</idValue>
    <idCode>TT</idCode>
        <idValue>Transfer To</idValue>
    <idCode>TTP</idCode>
        <idValue>Tertiary Payer</idValue>
    <idCode>TU</idCode>
        <idValue>Third Party Repricing Organization (TPO)</idValue>
    <idCode>TV</idCode>
        <idValue>Third Party Administrator (TPA)</idValue>
    <idCode>TW</idCode>
        <idValue>Transit Authority</idValue>
    <idCode>TX</idCode>
        <idValue>Tax Authority</idValue>
    <idCode>TY</idCode>
        <idValue>Trustee</idValue>
    <idCode>TZ</idCode>
        <idValue>Significant Other</idValue>
    <idCode>U1</idCode>
        <idValue>Gas Transaction Point 1</idValue>
    <idCode>U2</idCode>
        <idValue>Gas Transaction Point 2</idValue>
    <idCode>U3</idCode>
        <idValue>Servicing Agent</idValue>
    <idCode>U4</idCode>
        <idValue>Team</idValue>
    <idCode>U5</idCode>
        <idValue>Underwriter</idValue>
    <idCode>U6</idCode>
        <idValue>Title Underwriter</idValue>
    <idCode>U7</idCode>
        <idValue>Psychologist</idValue>
    <idCode>U8</idCode>
        <idValue>Reference</idValue>
    <idCode>U9</idCode>
        <idValue>Non-Registered Investment Advisor</idValue>
    <idCode>UA</idCode>
        <idValue>Place of Bottling</idValue>
    <idCode>UB</idCode>
        <idValue>Place of Distilling</idValue>
    <idCode>UC</idCode>
        <idValue>Ultimate Consignee</idValue>
    <idCode>UD</idCode>
        <idValue>Region</idValue>
    <idCode>UE</idCode>
        <idValue>Testing Service</idValue>
    <idCode>UF</idCode>
        <idValue>Health Miscellaneous</idValue>
    <idCode>UG</idCode>
        <idValue>Nursing Home Chain</idValue>
    <idCode>UH</idCode>
        <idValue>Nursing Home</idValue>
    <idCode>UI</idCode>
        <idValue>Registered Investment Advisor</idValue>
    <idCode>UJ</idCode>
        <idValue>Sales Assistant</idValue>
    <idCode>UK</idCode>
        <idValue>System</idValue>
    <idCode>UL</idCode>
        <idValue>Special Account</idValue>
    <idCode>UM</idCode>
        <idValue>Current Employer (Primary)</idValue>
    <idCode>UN</idCode>
        <idValue>Union</idValue>
    <idCode>UO</idCode>
        <idValue>Current Employer (Secondary)</idValue>
    <idCode>UP</idCode>
        <idValue>Unloading Party</idValue>
    <idCode>UQ</idCode>
        <idValue>Subsequent Owner</idValue>
    <idCode>UR</idCode>
        <idValue>Surgeon</idValue>
    <idCode>US</idCode>
        <idValue>Upstream Party</idValue>
    <idCode>UT</idCode>
        <idValue>U.S. Trustee</idValue>
    <idCode>UU</idCode>
        <idValue>Annuitant Payor</idValue>
    <idCode>UW</idCode>
        <idValue>Unassigned Agent</idValue>
    <idCode>UX</idCode>
        <idValue>Base Jurisdiction</idValue>
    <idCode>UY</idCode>
        <idValue>Vehicle</idValue>
    <idCode>UZ</idCode>
        <idValue>Signer</idValue>
    <idCode>V1</idCode>
        <idValue>Surety</idValue>
    <idCode>V2</idCode>
        <idValue>Grantor</idValue>
    <idCode>V3</idCode>
        <idValue>Well Pad Construction Contractor</idValue>
    <idCode>V4</idCode>
        <idValue>Oil and Gas Regulatory Agency</idValue>
    <idCode>V5</idCode>
        <idValue>Surface Discharge Agency</idValue>
    <idCode>V6</idCode>
        <idValue>Well Casing Depth Authority</idValue>
    <idCode>V8</idCode>
        <idValue>Market Timer</idValue>
    <idCode>V9</idCode>
        <idValue>Owner Annuitant Payor</idValue>
    <idCode>VA</idCode>
        <idValue>Second Contact</idValue>
    <idCode>VB</idCode>
        <idValue>Candidate</idValue>
    <idCode>VC</idCode>
        <idValue>Vehicle Custodian</idValue>
    <idCode>VD</idCode>
        <idValue>Multiple Listing Service</idValue>
    <idCode>VE</idCode>
        <idValue>Board of Realtors</idValue>
    <idCode>VF</idCode>
        <idValue>Selling Office</idValue>
    <idCode>VG</idCode>
        <idValue>Listing Agent</idValue>
    <idCode>VH</idCode>
        <idValue>Showing Agent</idValue>
    <idCode>VI</idCode>
        <idValue>Contact Person</idValue>
    <idCode>VJ</idCode>
        <idValue>Owner Joint Annuitant Payor</idValue>
    <idCode>VK</idCode>
        <idValue>Property or Building Manager</idValue>
    <idCode>VL</idCode>
        <idValue>Builder Name</idValue>
    <idCode>VM</idCode>
        <idValue>Occupant</idValue>
    <idCode>VN</idCode>
        <idValue>Vendor</idValue>
    <idCode>VO</idCode>
        <idValue>Elementary School</idValue>
    <idCode>VP</idCode>
        <idValue>Party with Power to Vote Securities</idValue>
    <idCode>VQ</idCode>
        <idValue>Middle School</idValue>
    <idCode>VR</idCode>
        <idValue>Junior High School</idValue>
    <idCode>VS</idCode>
        <idValue>Vehicle Salvage Assignment</idValue>
    <idCode>VT</idCode>
        <idValue>Listing Office</idValue>
    <idCode>VU</idCode>
        <idValue>Second Contact Organization</idValue>
    <idCode>VV</idCode>
        <idValue>Owner Payor</idValue>
    <idCode>VW</idCode>
        <idValue>Winner</idValue>
    <idCode>VX</idCode>
        <idValue>Production Manager</idValue>
    <idCode>VY</idCode>
        <idValue>Organization Completing Configuration Change</idValue>
    <idCode>VZ</idCode>
        <idValue>Production Manager</idValue>
    <idCode>W1</idCode>
        <idValue>Work Team</idValue>
    <idCode>W2</idCode>
        <idValue>Supplier Work Team</idValue>
    <idCode>W3</idCode>
        <idValue>Third Party Investment Advisor</idValue>
    <idCode>W4</idCode>
        <idValue>Trust</idValue>
    <idCode>W8</idCode>
        <idValue>Interline Service Commitment Customer</idValue>
    <idCode>W9</idCode>
        <idValue>Sampling Location</idValue>
    <idCode>WA</idCode>
        <idValue>Writing Agent</idValue>
    <idCode>WB</idCode>
        <idValue>Appraiser Name</idValue>
    <idCode>WC</idCode>
        <idValue>Comparable Property</idValue>
    <idCode>WD</idCode>
        <idValue>Storage Facility at Destination</idValue>
    <idCode>WE</idCode>
        <idValue>Subject Property</idValue>
    <idCode>WF</idCode>
        <idValue>Tank Farm Owner</idValue>
    <idCode>WG</idCode>
        <idValue>Wage Earner</idValue>
    <idCode>WH</idCode>
        <idValue>Warehouse</idValue>
    <idCode>WI</idCode>
        <idValue>Witness</idValue>
    <idCode>WJ</idCode>
        <idValue>Supervisory Appraiser Name</idValue>
    <idCode>WL</idCode>
        <idValue>Wholesaler</idValue>
    <idCode>WN</idCode>
        <idValue>Company Assigned Well</idValue>
    <idCode>WO</idCode>
        <idValue>Storage Facility at Origin</idValue>
    <idCode>WP</idCode>
        <idValue>Witness for Plaintiff</idValue>
    <idCode>WR</idCode>
        <idValue>Withdrawal Point</idValue>
    <idCode>WS</idCode>
        <idValue>Water System</idValue>
    <idCode>WT</idCode>
        <idValue>Witness for Defendant</idValue>
    <idCode>WU</idCode>
        <idValue>Primary Support Organization</idValue>
    <idCode>WV</idCode>
        <idValue>Preliminary Maintenance Period Designating Organization</idValue>
    <idCode>WW</idCode>
        <idValue>Preliminary Maintenance Organization</idValue>
    <idCode>WX</idCode>
        <idValue>Preliminary Referred To Organization</idValue>
    <idCode>WY</idCode>
        <idValue>Final Maintenance Period Designating Organization</idValue>
    <idCode>WZ</idCode>
        <idValue>Final Maintenance Organization</idValue>
    <idCode>X1</idCode>
        <idValue>Mail to</idValue>
    <idCode>X2</idCode>
        <idValue>Party to Perform Packaging</idValue>
    <idCode>X3</idCode>
        <idValue>Utilization Management Organization</idValue>
    <idCode>X4</idCode>
        <idValue>Spouse</idValue>
    <idCode>X5</idCode>
        <idValue>Durable Medical Equipment Supplier</idValue>
    <idCode>X6</idCode>
        <idValue>International Organization</idValue>
    <idCode>X7</idCode>
        <idValue>Inventor</idValue>
    <idCode>X8</idCode>
        <idValue>Hispanic Service Institute</idValue>
    <idCode>XA</idCode>
        <idValue>Creditor</idValue>
    <idCode>XC</idCode>
        <idValue>Debtor&apos;s Attorney</idValue>
    <idCode>XD</idCode>
        <idValue>Alias</idValue>
    <idCode>XE</idCode>
        <idValue>Claim Recipient</idValue>
    <idCode>XF</idCode>
        <idValue>Auctioneer</idValue>
    <idCode>XG</idCode>
        <idValue>Event Location</idValue>
    <idCode>XH</idCode>
        <idValue>Final Referred To Organization</idValue>
    <idCode>XI</idCode>
        <idValue>Original Claimant</idValue>
    <idCode>XJ</idCode>
        <idValue>Actual Referred By Organization</idValue>
    <idCode>XK</idCode>
        <idValue>Actual Referred To Organization</idValue>
    <idCode>XL</idCode>
        <idValue>Borrower&apos;s Employer</idValue>
    <idCode>XM</idCode>
        <idValue>Maintenance Organization Used for Estimate</idValue>
    <idCode>XN</idCode>
        <idValue>Planning/Maintenance Organization</idValue>
    <idCode>XO</idCode>
        <idValue>Preliminary Customer Organization</idValue>
    <idCode>XP</idCode>
        <idValue>Party to Receive Solicitation</idValue>
    <idCode>XQ</idCode>
        <idValue>Canadian Customs Broker</idValue>
    <idCode>XR</idCode>
        <idValue>Mexican Customs Broker</idValue>
    <idCode>XS</idCode>
        <idValue>S Corporation</idValue>
    <idCode>XT</idCode>
        <idValue>Final Customer Organization</idValue>
    <idCode>XU</idCode>
        <idValue>United States Customs Broker</idValue>
    <idCode>XV</idCode>
        <idValue>Cross Claimant</idValue>
    <idCode>XW</idCode>
        <idValue>Counter Claimant</idValue>
    <idCode>XX</idCode>
        <idValue>Business Area</idValue>
    <idCode>XY</idCode>
        <idValue>Tribal Government</idValue>
    <idCode>XZ</idCode>
        <idValue>American Indian-Owned Business</idValue>
    <idCode>Y2</idCode>
        <idValue>Managed Care Organization</idValue>
    <idCode>YA</idCode>
        <idValue>Affiant</idValue>
    <idCode>YB</idCode>
        <idValue>Arbitrator</idValue>
    <idCode>YC</idCode>
        <idValue>Bail Payor</idValue>
    <idCode>YD</idCode>
        <idValue>District Justice</idValue>
    <idCode>YE</idCode>
        <idValue>Third Party</idValue>
    <idCode>YF</idCode>
        <idValue>Witness for Prosecution</idValue>
    <idCode>YG</idCode>
        <idValue>Expert Witness</idValue>
    <idCode>YH</idCode>
        <idValue>Crime Victim</idValue>
    <idCode>YI</idCode>
        <idValue>Juvenile Victim</idValue>
    <idCode>YJ</idCode>
        <idValue>Juvenile Defendant</idValue>
    <idCode>YK</idCode>
        <idValue>Bondsman</idValue>
    <idCode>YL</idCode>
        <idValue>Court Appointed Attorney</idValue>
    <idCode>YM</idCode>
        <idValue>Complainant&apos;s Attorney</idValue>
    <idCode>YN</idCode>
        <idValue>District Attorney</idValue>
    <idCode>YO</idCode>
        <idValue>Attorney for Defendant, Public</idValue>
    <idCode>YP</idCode>
        <idValue>Pro Bono Attorney</idValue>
    <idCode>YQ</idCode>
        <idValue>Pro Se Counsel</idValue>
    <idCode>YR</idCode>
        <idValue>Party to Appear Before</idValue>
    <idCode>YS</idCode>
        <idValue>Appellant</idValue>
    <idCode>YT</idCode>
        <idValue>Appellee</idValue>
    <idCode>YU</idCode>
        <idValue>Arresting Officer</idValue>
    <idCode>YV</idCode>
        <idValue>Hostile Witness</idValue>
    <idCode>YW</idCode>
        <idValue>Discharge Point</idValue>
    <idCode>YX</idCode>
        <idValue>Flood Certifier</idValue>
    <idCode>YY</idCode>
        <idValue>Flood Determination Provider</idValue>
    <idCode>YZ</idCode>
        <idValue>Electronic Registration Utility</idValue>
    <idCode>Z1</idCode>
        <idValue>Party to Receive Status</idValue>
    <idCode>Z2</idCode>
        <idValue>Unserviceable Material Consignee</idValue>
    <idCode>Z3</idCode>
        <idValue>Potential Source of Supply</idValue>
    <idCode>Z4</idCode>
        <idValue>Owning Inventory Control Point</idValue>
    <idCode>Z5</idCode>
        <idValue>Management Control Activity</idValue>
    <idCode>Z6</idCode>
        <idValue>Transferring Party</idValue>
    <idCode>Z7</idCode>
        <idValue>Mark-for Party</idValue>
    <idCode>Z8</idCode>
        <idValue>Last Known Source of Supply</idValue>
    <idCode>Z9</idCode>
        <idValue>Banker</idValue>
    <idCode>ZA</idCode>
        <idValue>Corrected Address</idValue>
    <idCode>ZB</idCode>
        <idValue>Party to Receive Credit</idValue>
    <idCode>ZC</idCode>
        <idValue>Rent Payor</idValue>
    <idCode>ZD</idCode>
        <idValue>Party to Receive Reports</idValue>
    <idCode>ZE</idCode>
        <idValue>End Item Manufacturer</idValue>
    <idCode>ZF</idCode>
        <idValue>Break Bulk Point</idValue>
    <idCode>ZG</idCode>
        <idValue>Present Address</idValue>
    <idCode>ZH</idCode>
        <idValue>Child</idValue>
    <idCode>ZJ</idCode>
        <idValue>Branch</idValue>
    <idCode>ZK</idCode>
        <idValue>Reporter</idValue>
    <idCode>ZL</idCode>
        <idValue>Party Passing the Transaction</idValue>
    <idCode>ZM</idCode>
        <idValue>Lease Location</idValue>
    <idCode>ZN</idCode>
        <idValue>Losing Inventory Manager</idValue>
    <idCode>ZO</idCode>
        <idValue>Minimum Royalty Payor</idValue>
    <idCode>ZP</idCode>
        <idValue>Gaining Inventory Manager</idValue>
    <idCode>ZQ</idCode>
        <idValue>Screening Point</idValue>
    <idCode>ZR</idCode>
        <idValue>Validating Party</idValue>
    <idCode>ZS</idCode>
        <idValue>Monitoring Party</idValue>
    <idCode>ZT</idCode>
        <idValue>Participating Area</idValue>
    <idCode>ZU</idCode>
        <idValue>Formation</idValue>
    <idCode>ZV</idCode>
        <idValue>Allowable Recipient</idValue>
    <idCode>ZW</idCode>
        <idValue>Field</idValue>
    <idCode>ZX</idCode>
        <idValue>Attorney of Record</idValue>
    <idCode>ZY</idCode>
        <idValue>Amicus Curiae</idValue>
    <idCode>ZZ</idCode>
        <idValue>Mutually Defined</idValue>
</idList>
