<?xml version="1.0" encoding="UTF-8"?>
<!DOCTYPE idList SYSTEM "idList.dtd">
<!-- Revision 3.0.0 data/OBOE, docs,June 1, 2007, -->
<idList>
    <idCode>F</idCode>
        <idValue>Specified Flag Required</idValue>
    <idCode>M</idCode>
        <idValue>Must Comply</idValue>
    <idCode>O</idCode>
        <idValue>Forwarder Option</idValue>
    <idCode>R</idCode>
        <idValue>Roll Booking to Another Vessel</idValue>
    <idCode>S</idCode>
        <idValue>Substitution OK</idValue>
</idList>
