<?xml version="1.0" encoding="UTF-8"?>
<!DOCTYPE idList SYSTEM "idList.dtd">
<!-- Revision 3.0.0 data/OBOE, docs,June 1, 2007, -->
<idList>
    <idCode>CAF</idCode>
        <idValue>Cost and Freight</idValue>
    <idCode>CFR</idCode>
        <idValue>Cost and Freight</idValue>
    <idCode>CIF</idCode>
        <idValue>Cost, Insurance, and Freight</idValue>
    <idCode>CIP</idCode>
        <idValue>Carriage and Insurance Paid To</idValue>
    <idCode>CPT</idCode>
        <idValue>Carriage Paid To</idValue>
    <idCode>DAF</idCode>
        <idValue>Delivered at Frontier</idValue>
    <idCode>DDP</idCode>
        <idValue>Delivered Duty Paid</idValue>
    <idCode>DDU</idCode>
        <idValue>Deliver Duty Unpaid</idValue>
    <idCode>DEQ</idCode>
        <idValue>Delivered Ex Quay</idValue>
    <idCode>DES</idCode>
        <idValue>Delivered Ex Ship</idValue>
    <idCode>DOM</idCode>
        <idValue>Domestically Supplied</idValue>
    <idCode>DUP</idCode>
        <idValue>Delivered; Duty Unpaid</idValue>
    <idCode>EXQ</idCode>
        <idValue>Ex Quay</idValue>
    <idCode>EXS</idCode>
        <idValue>Ex Ship</idValue>
    <idCode>EXW</idCode>
        <idValue>Ex Works</idValue>
    <idCode>FAS</idCode>
        <idValue>Free Alongside Ship</idValue>
    <idCode>FCA</idCode>
        <idValue>Free Carrier</idValue>
    <idCode>FCI</idCode>
        <idValue>Freight Carriage and Insurance Paid To</idValue>
    <idCode>FCP</idCode>
        <idValue>Freight Carriage Paid To</idValue>
    <idCode>FOB</idCode>
        <idValue>Free on Board</idValue>
    <idCode>FOR</idCode>
        <idValue>Free on Rail</idValue>
    <idCode>FOT</idCode>
        <idValue>Free on Truck</idValue>
    <idCode>NPF</idCode>
        <idValue>Non-privileged Foreign</idValue>
    <idCode>PPF</idCode>
        <idValue>Privileged Foreign</idValue>
    <idCode>ZZZ</idCode>
        <idValue>Mutually Defined</idValue>
</idList>
