<?xml version="1.0" encoding="UTF-8"?>
<!DOCTYPE idList SYSTEM "idList.dtd">
<!-- Revision 3.0.0 data/OBOE, docs,June 1, 2007, -->
<idList>
    <idCode>01</idCode>
        <idValue>Where Air = 1</idValue>
    <idCode>02</idCode>
        <idValue>Where Butyl Acetate = 1</idValue>
    <idCode>03</idCode>
        <idValue>Approximately</idValue>
    <idCode>04</idCode>
        <idValue>Equal to</idValue>
    <idCode>05</idCode>
        <idValue>Greater than or equal to</idValue>
    <idCode>06</idCode>
        <idValue>Greater than</idValue>
    <idCode>07</idCode>
        <idValue>Less than</idValue>
    <idCode>08</idCode>
        <idValue>Less than or equal to</idValue>
    <idCode>09</idCode>
        <idValue>Where H2O = 1 or Water = 1</idValue>
    <idCode>10</idCode>
        <idValue>Not equal to</idValue>
    <idCode>11</idCode>
        <idValue>Corrected to 60 Degrees Fahrenheit</idValue>
    <idCode>12</idCode>
        <idValue>Where Toluene = 1</idValue>
    <idCode>13</idCode>
        <idValue>Vapor in Air</idValue>
    <idCode>14</idCode>
        <idValue>Vapor in Other Than Air</idValue>
    <idCode>15</idCode>
        <idValue>Standard Temperature and Pressure</idValue>
    <idCode>16</idCode>
        <idValue>Conditions Other Than Standard Temperature and Pressure</idValue>
    <idCode>17</idCode>
        <idValue>In Ethyl Alcohol</idValue>
    <idCode>18</idCode>
        <idValue>In Ethyl Ether</idValue>
    <idCode>19</idCode>
        <idValue>In Water</idValue>
    <idCode>20</idCode>
        <idValue>At 1 Atmosphere Pressure</idValue>
    <idCode>21</idCode>
        <idValue>Where Ether = 1</idValue>
    <idCode>22</idCode>
        <idValue>Actual</idValue>
    <idCode>23</idCode>
        <idValue>Predicted</idValue>
    <idCode>24</idCode>
        <idValue>Air-dried Basis</idValue>
    <idCode>25</idCode>
        <idValue>As-received Basis</idValue>
    <idCode>26</idCode>
        <idValue>Dry Basis</idValue>
    <idCode>27</idCode>
        <idValue>Equilibrium Basis</idValue>
    <idCode>28</idCode>
        <idValue>Moisture and Ash-Free Basis</idValue>
    <idCode>29</idCode>
        <idValue>Oxidizing Atmosphere</idValue>
    <idCode>30</idCode>
        <idValue>Reducing Atmosphere</idValue>
    <idCode>31</idCode>
        <idValue>Calculated</idValue>
    <idCode>32</idCode>
        <idValue>Scaled Weight</idValue>
    <idCode>34</idCode>
        <idValue>Ratchet</idValue>
    <idCode>35</idCode>
        <idValue>Saturated Vapor</idValue>
    <idCode>36</idCode>
        <idValue>Unconditional</idValue>
    <idCode>37</idCode>
        <idValue>Short-term</idValue>
    <idCode>38</idCode>
        <idValue>Time-weighted</idValue>
    <idCode>39</idCode>
        <idValue>Corrected</idValue>
    <idCode>40</idCode>
        <idValue>Uncorrected</idValue>
    <idCode>41</idCode>
        <idValue>Off Peak</idValue>
    <idCode>42</idCode>
        <idValue>On Peak</idValue>
    <idCode>43</idCode>
        <idValue>Intermediate</idValue>
    <idCode>44</idCode>
        <idValue>Average</idValue>
    <idCode>45</idCode>
        <idValue>Per Gallon</idValue>
    <idCode>46</idCode>
        <idValue>Estimated</idValue>
    <idCode>47</idCode>
        <idValue>Minimum</idValue>
    <idCode>49</idCode>
        <idValue>Mist</idValue>
    <idCode>50</idCode>
        <idValue>Predominant</idValue>
    <idCode>51</idCode>
        <idValue>Total</idValue>
    <idCode>52</idCode>
        <idValue>Cost</idValue>
</idList>
