<?xml version="1.0" encoding="UTF-8"?>
<!DOCTYPE idList SYSTEM "idList.dtd">
<!-- Revision 3.0.0 data/OBOE, docs,June 1, 2007, -->
<idList>
    <idCode>01</idCode>
        <idValue>Labor</idValue>
    <idCode>02</idCode>
        <idValue>Material</idValue>
    <idCode>03</idCode>
        <idValue>Other Direct Costs (ODC)</idValue>
    <idCode>04</idCode>
        <idValue>Subcontract</idValue>
    <idCode>05</idCode>
        <idValue>Labor and Material</idValue>
    <idCode>06</idCode>
        <idValue>Labor Overhead</idValue>
    <idCode>07</idCode>
        <idValue>Material Overhead</idValue>
    <idCode>08</idCode>
        <idValue>Other Overhead</idValue>
    <idCode>09</idCode>
        <idValue>Total Overhead</idValue>
    <idCode>10</idCode>
        <idValue>Total General and Administrative</idValue>
    <idCode>11</idCode>
        <idValue>Engineering Labor</idValue>
    <idCode>12</idCode>
        <idValue>Engineering Overhead</idValue>
    <idCode>13</idCode>
        <idValue>Manufacturing Labor</idValue>
    <idCode>14</idCode>
        <idValue>Manufacturing Overhead</idValue>
    <idCode>15</idCode>
        <idValue>Interdivisional Work Authorization</idValue>
    <idCode>16</idCode>
        <idValue>Intercomponent Work Authorization</idValue>
    <idCode>17</idCode>
        <idValue>Change Document Number</idValue>
    <idCode>18</idCode>
        <idValue>Funds Appropriation</idValue>
    <idCode>19</idCode>
        <idValue>Nonrecurring Labor</idValue>
    <idCode>20</idCode>
        <idValue>Nonrecurring Material</idValue>
    <idCode>21</idCode>
        <idValue>Nonrecurring Other Direct Costs</idValue>
    <idCode>22</idCode>
        <idValue>Nonrecurring Subcontract</idValue>
    <idCode>23</idCode>
        <idValue>Nonrecurring Labor and Material</idValue>
    <idCode>24</idCode>
        <idValue>Nonrecurring Engineering Labor</idValue>
    <idCode>25</idCode>
        <idValue>Nonrecurring Manufacturing Labor</idValue>
    <idCode>26</idCode>
        <idValue>Recurring</idValue>
    <idCode>27</idCode>
        <idValue>Nonrecurring</idValue>
    <idCode>28</idCode>
        <idValue>Total</idValue>
    <idCode>29</idCode>
        <idValue>Nonrecurring and Total</idValue>
    <idCode>30</idCode>
        <idValue>Recurring and Total</idValue>
    <idCode>31</idCode>
        <idValue>Direct Cost or Hours</idValue>
    <idCode>32</idCode>
        <idValue>Plant-wide Overhead</idValue>
    <idCode>33</idCode>
        <idValue>General &amp; Administrative</idValue>
    <idCode>34</idCode>
        <idValue>Cost of Money</idValue>
    <idCode>35</idCode>
        <idValue>Profit or Fee</idValue>
    <idCode>36</idCode>
        <idValue>Total Price</idValue>
    <idCode>37</idCode>
        <idValue>Total Cost Less General &amp; Administrative</idValue>
    <idCode>38</idCode>
        <idValue>Total Cost Plus General &amp; Administrative</idValue>
    <idCode>39</idCode>
        <idValue>Other Costs</idValue>
    <idCode>40</idCode>
        <idValue>Standard</idValue>
    <idCode>41</idCode>
        <idValue>Variance</idValue>
    <idCode>42</idCode>
        <idValue>Purchased Equipment</idValue>
    <idCode>43</idCode>
        <idValue>Materials and Purchased Items</idValue>
    <idCode>44</idCode>
        <idValue>Quality Control Labor</idValue>
    <idCode>45</idCode>
        <idValue>Other Government Effort</idValue>
    <idCode>46</idCode>
        <idValue>Commercial Effort</idValue>
    <idCode>47</idCode>
        <idValue>Total Direct Cost Base</idValue>
    <idCode>48</idCode>
        <idValue>Indirect Labor</idValue>
    <idCode>49</idCode>
        <idValue>Employee Benefits</idValue>
    <idCode>50</idCode>
        <idValue>Payroll Taxes</idValue>
    <idCode>51</idCode>
        <idValue>Employment</idValue>
    <idCode>52</idCode>
        <idValue>Communications and Travel</idValue>
    <idCode>53</idCode>
        <idValue>Production Related</idValue>
    <idCode>54</idCode>
        <idValue>Facilities - Building and Land</idValue>
    <idCode>55</idCode>
        <idValue>Facilities - Furniture and Equipment</idValue>
    <idCode>56</idCode>
        <idValue>Administration</idValue>
    <idCode>57</idCode>
        <idValue>Future Business</idValue>
    <idCode>58</idCode>
        <idValue>Credits</idValue>
    <idCode>59</idCode>
        <idValue>Government Furnished Equipment</idValue>
    <idCode>60</idCode>
        <idValue>Government Furnished Material</idValue>
    <idCode>61</idCode>
        <idValue>Government Furnished Property</idValue>
    <idCode>62</idCode>
        <idValue>Engineering</idValue>
    <idCode>63</idCode>
        <idValue>Tooling</idValue>
    <idCode>64</idCode>
        <idValue>Tooling Design</idValue>
    <idCode>65</idCode>
        <idValue>Tooling Fabrication</idValue>
    <idCode>66</idCode>
        <idValue>Quality Control</idValue>
    <idCode>67</idCode>
        <idValue>Manufacturing</idValue>
    <idCode>70</idCode>
        <idValue>Total Salaries and Wages</idValue>
    <idCode>71</idCode>
        <idValue>Total Salaries and Wages and Employee Benefits</idValue>
    <idCode>72</idCode>
        <idValue>Total Purchased Equipment</idValue>
    <idCode>73</idCode>
        <idValue>Travel - Domestic</idValue>
    <idCode>74</idCode>
        <idValue>Travel - Foreign</idValue>
    <idCode>75</idCode>
        <idValue>Participant Stipends</idValue>
    <idCode>77</idCode>
        <idValue>Participant Travel</idValue>
    <idCode>78</idCode>
        <idValue>Participant Other</idValue>
    <idCode>79</idCode>
        <idValue>Participant Total</idValue>
    <idCode>80</idCode>
        <idValue>Publication Costs</idValue>
    <idCode>81</idCode>
        <idValue>Consultant Services</idValue>
    <idCode>82</idCode>
        <idValue>Computer Automated Data Processing (ADP) Services</idValue>
    <idCode>83</idCode>
        <idValue>Funding From Non-Federal Sources</idValue>
    <idCode>84</idCode>
        <idValue>Total Direct Costs</idValue>
    <idCode>85</idCode>
        <idValue>Human Subject Costs</idValue>
    <idCode>86</idCode>
        <idValue>Animal Costs</idValue>
    <idCode>87</idCode>
        <idValue>Alternations and Renovations</idValue>
    <idCode>88</idCode>
        <idValue>Cost Sharing</idValue>
    <idCode>A1</idCode>
        <idValue>Department Indicator</idValue>
    <idCode>A2</idCode>
        <idValue>Transfer from Department</idValue>
    <idCode>A3</idCode>
        <idValue>Fiscal Year Indicator</idValue>
    <idCode>A4</idCode>
        <idValue>Basic Symbol Number</idValue>
    <idCode>A5</idCode>
        <idValue>Sub-class</idValue>
    <idCode>A6</idCode>
        <idValue>Sub-Account Symbol</idValue>
    <idCode>A7</idCode>
        <idValue>Subhead or Limit</idValue>
    <idCode>A8</idCode>
        <idValue>Treasury Symbol Number</idValue>
    <idCode>A9</idCode>
        <idValue>Ending Fiscal Year Indicator</idValue>
    <idCode>AT</idCode>
        <idValue>Air Force Transportation Account Code (ATAC)</idValue>
    <idCode>B1</idCode>
        <idValue>Budget Activity Number</idValue>
    <idCode>B2</idCode>
        <idValue>Budget Sub-activity Number</idValue>
    <idCode>B3</idCode>
        <idValue>Budget Program Activity</idValue>
    <idCode>B4</idCode>
        <idValue>Program Year Indicator</idValue>
    <idCode>B5</idCode>
        <idValue>Fund Code</idValue>
    <idCode>BL</idCode>
        <idValue>Billings</idValue>
    <idCode>BY</idCode>
        <idValue>Base Year Costs</idValue>
    <idCode>C1</idCode>
        <idValue>Program Element</idValue>
    <idCode>C2</idCode>
        <idValue>Project Task or Budget Subline</idValue>
    <idCode>C3</idCode>
        <idValue>Budget Restriction</idValue>
    <idCode>C4</idCode>
        <idValue>Project Account</idValue>
    <idCode>CM</idCode>
        <idValue>Commitments</idValue>
    <idCode>CY</idCode>
        <idValue>Current Year Costs</idValue>
    <idCode>D1</idCode>
        <idValue>Defense Agency Allocation Recipient</idValue>
    <idCode>D2</idCode>
        <idValue>Defense Agency Sub-allocation Recipient</idValue>
    <idCode>D3</idCode>
        <idValue>Component Allocation Recipient</idValue>
    <idCode>D4</idCode>
        <idValue>Component Sub-allocation Recipient</idValue>
    <idCode>D5</idCode>
        <idValue>Allotment Recipient</idValue>
    <idCode>D6</idCode>
        <idValue>Sub-allotment Recipient</idValue>
    <idCode>D7</idCode>
        <idValue>Work Center Recipient</idValue>
    <idCode>E1</idCode>
        <idValue>Major Reimbursement Source Code</idValue>
    <idCode>E2</idCode>
        <idValue>Detail Reimbursement Source Code</idValue>
    <idCode>E3</idCode>
        <idValue>Customer Indicator</idValue>
    <idCode>E4</idCode>
        <idValue>Operating Budget Activity Number</idValue>
    <idCode>EH</idCode>
        <idValue>Equipment Maintenance</idValue>
    <idCode>ES</idCode>
        <idValue>Escalation</idValue>
    <idCode>EX</idCode>
        <idValue>Expenditures</idValue>
    <idCode>F1</idCode>
        <idValue>Object Class</idValue>
    <idCode>F2</idCode>
        <idValue>Object Sub-class</idValue>
    <idCode>F3</idCode>
        <idValue>Government or Public Sector Identifier</idValue>
    <idCode>F4</idCode>
        <idValue>Country Code</idValue>
    <idCode>FE</idCode>
        <idValue>Participant Fees</idValue>
    <idCode>FP</idCode>
        <idValue>Fixed Price</idValue>
    <idCode>FR</idCode>
        <idValue>Forward Priced</idValue>
    <idCode>G1</idCode>
        <idValue>Program or Planning Code</idValue>
    <idCode>G2</idCode>
        <idValue>Special Interest Code or Special Program Cost Code</idValue>
    <idCode>G3</idCode>
        <idValue>Material Program Code</idValue>
    <idCode>G4</idCode>
        <idValue>Accounting Processing Code</idValue>
    <idCode>G5</idCode>
        <idValue>Property Accounting Activity Indicator</idValue>
    <idCode>H1</idCode>
        <idValue>Cost Code</idValue>
    <idCode>H2</idCode>
        <idValue>Labor Type Code</idValue>
    <idCode>H3</idCode>
        <idValue>Cost Allocation Code</idValue>
    <idCode>H4</idCode>
        <idValue>Classification Code</idValue>
    <idCode>H5</idCode>
        <idValue>Classification Code</idValue>
    <idCode>I1</idCode>
        <idValue>Abbreviated Department of Defense (DoD) Budget and Accounting Classification Code (BACC)</idValue>
    <idCode>IN</idCode>
        <idValue>Insurance</idValue>
    <idCode>J1</idCode>
        <idValue>Document or Record Reference Number</idValue>
    <idCode>J2</idCode>
        <idValue>Abbreviated Installation Budget and Accounting Classification Code (BACC)</idValue>
    <idCode>K6</idCode>
        <idValue>Accounting Classification Reference Code</idValue>
    <idCode>L1</idCode>
        <idValue>Accounting Installation Number</idValue>
    <idCode>LM</idCode>
        <idValue>Labor - Military</idValue>
    <idCode>M1</idCode>
        <idValue>Local Installation Data</idValue>
    <idCode>MD</idCode>
        <idValue>Movement Designator Code (MDC)</idValue>
    <idCode>MR</idCode>
        <idValue>Management Reserve</idValue>
    <idCode>N1</idCode>
        <idValue>Transaction Type</idValue>
    <idCode>NP</idCode>
        <idValue>Non-production</idValue>
    <idCode>P1</idCode>
        <idValue>Disbursing Station Number</idValue>
    <idCode>P2</idCode>
        <idValue>International Balance of Payments (IBOP) Code</idValue>
    <idCode>P3</idCode>
        <idValue>Voucher Number</idValue>
    <idCode>P4</idCode>
        <idValue>International Balance of Payments (IBOP) Code</idValue>
    <idCode>P5</idCode>
        <idValue>Foreign Military Sales (FMS) Line Item Number</idValue>
    <idCode>P6</idCode>
        <idValue>Contract Payment Notice (CPN) Recipient Indicator</idValue>
    <idCode>RL</idCode>
        <idValue>Rental or Lease of Equipment or Facilities</idValue>
    <idCode>SC</idCode>
        <idValue>Service Contracts</idValue>
    <idCode>TA</idCode>
        <idValue>Transportation Account Code (TAC)</idValue>
    <idCode>TC</idCode>
        <idValue>Termination Costs</idValue>
    <idCode>TD</idCode>
        <idValue>Technical Data</idValue>
    <idCode>TR</idCode>
        <idValue>Training</idValue>
    <idCode>TU</idCode>
        <idValue>Participant Tuition</idValue>
    <idCode>UB</idCode>
        <idValue>Undistributed Budget</idValue>
    <idCode>ZZ</idCode>
        <idValue>Mutually Defined</idValue>
</idList>
