<?xml version="1.0" encoding="UTF-8"?>
<!DOCTYPE idList SYSTEM "idList.dtd">
<!-- Revision 3.0.0 data/OBOE, docs,June 1, 2007, -->
<idList>
    <idCode>A</idCode>
        <idValue>Approved Version</idValue>
    <idCode>B</idCode>
        <idValue>Initial Release</idValue>
    <idCode>C</idCode>
        <idValue>Cancelled</idValue>
    <idCode>D</idCode>
        <idValue>Released for Production</idValue>
    <idCode>E</idCode>
        <idValue>Released to Engineering</idValue>
    <idCode>F</idCode>
        <idValue>Released for Quotation</idValue>
    <idCode>G</idCode>
        <idValue>Replaces</idValue>
    <idCode>H</idCode>
        <idValue>Confirmation</idValue>
    <idCode>J</idCode>
        <idValue>Proposed</idValue>
    <idCode>K</idCode>
        <idValue>Seller-Initiated Change</idValue>
    <idCode>L</idCode>
        <idValue>Engineering Change Notice</idValue>
    <idCode>M</idCode>
        <idValue>Engineering Change Order</idValue>
    <idCode>N</idCode>
        <idValue>Engineering Change Request</idValue>
    <idCode>P</idCode>
        <idValue>Conditional</idValue>
    <idCode>Z</idCode>
        <idValue>Mutually Defined</idValue>
</idList>
