<?xml version="1.0" encoding="UTF-8"?>
<!DOCTYPE idList SYSTEM "idList.dtd">
<!-- Revision 3.0.0 data/OBOE, docs,June 1, 2007, -->
<idList>
    <idCode>01</idCode>
        <idValue>Patient was admitted to a hospital</idValue>
    <idCode>02</idCode>
        <idValue>Patient was bed confined before the ambulance service</idValue>
    <idCode>03</idCode>
        <idValue>Patient was bed confined after the ambulance service</idValue>
    <idCode>04</idCode>
        <idValue>Patient was moved by stretcher</idValue>
    <idCode>05</idCode>
        <idValue>Patient was unconscious or in shock</idValue>
    <idCode>06</idCode>
        <idValue>Patient was transported in an emergency situation</idValue>
    <idCode>07</idCode>
        <idValue>Patient had to be physically restrained</idValue>
    <idCode>08</idCode>
        <idValue>Patient had visible hemorrhaging</idValue>
    <idCode>09</idCode>
        <idValue>Ambulance service was medically necessary</idValue>
    <idCode>10</idCode>
        <idValue>Patient is ambulatory</idValue>
    <idCode>11</idCode>
        <idValue>Ambulation is Impaired and Walking Aid is Used for Therapy or Mobility</idValue>
    <idCode>12</idCode>
        <idValue>Patient is confined to a bed or chair</idValue>
    <idCode>13</idCode>
        <idValue>Patient is Confined to a Room or an Area Without Bathroom Facilities</idValue>
    <idCode>14</idCode>
        <idValue>Ambulation is Impaired and Walking Aid is Used for Mobility</idValue>
    <idCode>15</idCode>
        <idValue>Patient Condition Requires Positioning of the Body or Attachments Which Would Not be Feasible With the Use of an Ordinary Bed</idValue>
    <idCode>16</idCode>
        <idValue>Patient needs a trapeze bar to sit up due to respiratory condition or change body positions for other medical reasons</idValue>
    <idCode>17</idCode>
        <idValue>Patient&apos;s Ability to Breathe is Severely Impaired</idValue>
    <idCode>18</idCode>
        <idValue>Patient condition requires frequent and/or immediate changes in body positions</idValue>
    <idCode>19</idCode>
        <idValue>Patient can operate controls</idValue>
    <idCode>1A</idCode>
        <idValue>Patient is receiving anti-fungal therapy</idValue>
    <idCode>1B</idCode>
        <idValue>Property is occupied by owner</idValue>
    <idCode>1C</idCode>
        <idValue>Property is occupied by tenant</idValue>
    <idCode>1D</idCode>
        <idValue>Property is vacant</idValue>
    <idCode>1E</idCode>
        <idValue>Location is urban</idValue>
    <idCode>1F</idCode>
        <idValue>Location is suburban</idValue>
    <idCode>1G</idCode>
        <idValue>Location is rural</idValue>
    <idCode>1H</idCode>
        <idValue>Built-up over 75%</idValue>
    <idCode>1I</idCode>
        <idValue>Built-up 25 - 75%</idValue>
    <idCode>1J</idCode>
        <idValue>Built-up under 25%</idValue>
    <idCode>1K</idCode>
        <idValue>Growth rate is rapid</idValue>
    <idCode>1L</idCode>
        <idValue>Class I-Left</idValue>
    <idCode>1M</idCode>
        <idValue>Growth rate is stable</idValue>
    <idCode>1N</idCode>
        <idValue>Growth rate is slow</idValue>
    <idCode>1O</idCode>
        <idValue>Property values are increasing</idValue>
    <idCode>1P</idCode>
        <idValue>Property values are stable</idValue>
    <idCode>1Q</idCode>
        <idValue>Property values are declining</idValue>
    <idCode>1R</idCode>
        <idValue>Class I-Right</idValue>
    <idCode>1S</idCode>
        <idValue>Demand or supply is in shortage</idValue>
    <idCode>1T</idCode>
        <idValue>Demand or supply is in balance</idValue>
    <idCode>1U</idCode>
        <idValue>Demand or supply is over supply</idValue>
    <idCode>1V</idCode>
        <idValue>Marketing time is under 3 months</idValue>
    <idCode>1W</idCode>
        <idValue>Marketing time is 3 to 6 months</idValue>
    <idCode>1X</idCode>
        <idValue>Marketing time is over 6 months</idValue>
    <idCode>1Y</idCode>
        <idValue>Predominant occupancy is the owner</idValue>
    <idCode>1Z</idCode>
        <idValue>Predominant occupancy is the tenant</idValue>
    <idCode>20</idCode>
        <idValue>Siderails Are to be Attached to a Hospital Bed Owned by the Beneficiary</idValue>
    <idCode>21</idCode>
        <idValue>Patient owns equipment</idValue>
    <idCode>22</idCode>
        <idValue>Mattress or Siderails are Being Used with Prescribed Medically Necessary Hospital Bed Owned by the Beneficiary</idValue>
    <idCode>23</idCode>
        <idValue>Patient Needs Lift to Get In or Out of Bed or to Assist in Transfer from Bed to Wheelchair</idValue>
    <idCode>24</idCode>
        <idValue>Patient has an orthopedic impairment requiring traction equipment which prevents ambulation during period of use</idValue>
    <idCode>25</idCode>
        <idValue>Item has been prescribed as part of a planned regimen of treatment in patient home</idValue>
    <idCode>26</idCode>
        <idValue>Patient is highly susceptible to decubitus ulcers</idValue>
    <idCode>27</idCode>
        <idValue>Patient or a care-giver has been instructed in use of equipment</idValue>
    <idCode>28</idCode>
        <idValue>Patient has poor diabetic control</idValue>
    <idCode>29</idCode>
        <idValue>A 6-7 hour nocturnal study documents 30 episodes of apnea each lasting more than 10 seconds</idValue>
    <idCode>2A</idCode>
        <idValue>Patient is receiving oral anti-fungal therapy</idValue>
    <idCode>2B</idCode>
        <idValue>Predominant occupancy is vacant (0-5%)</idValue>
    <idCode>2C</idCode>
        <idValue>Predominant occupancy is vacant (over 5%)</idValue>
    <idCode>2D</idCode>
        <idValue>Developer or builder is in control of the Home Owners Association</idValue>
    <idCode>2E</idCode>
        <idValue>Site is a corner lot</idValue>
    <idCode>2F</idCode>
        <idValue>Zoning compliance is legal</idValue>
    <idCode>2G</idCode>
        <idValue>Zoning compliance is legal nonconforming (grandfather use)</idValue>
    <idCode>2H</idCode>
        <idValue>Zoning compliance is illegal</idValue>
    <idCode>2I</idCode>
        <idValue>There is no zoning</idValue>
    <idCode>2J</idCode>
        <idValue>Highest and best use as improved is the present use</idValue>
    <idCode>2K</idCode>
        <idValue>Highest and best use as improved is other use</idValue>
    <idCode>2L</idCode>
        <idValue>Class II-Left</idValue>
    <idCode>2M</idCode>
        <idValue>Property is located in a Federal Emergency Management Administration special flood hazard area</idValue>
    <idCode>2N</idCode>
        <idValue>Appraisal is made &quot;as is&quot;</idValue>
    <idCode>2O</idCode>
        <idValue>Appraisal is made subject to the repairs, alterations, inspections, or conditions listed</idValue>
    <idCode>2P</idCode>
        <idValue>Appraisal is made subject to the completion per plans and specifications</idValue>
    <idCode>2Q</idCode>
        <idValue>Project type is planned unit development (PUD)</idValue>
    <idCode>2R</idCode>
        <idValue>Class II-Right</idValue>
    <idCode>2S</idCode>
        <idValue>Project type is condominium</idValue>
    <idCode>2T</idCode>
        <idValue>Property rights are fee simple</idValue>
    <idCode>2U</idCode>
        <idValue>Property rights are leasehold</idValue>
    <idCode>2V</idCode>
        <idValue>Supervisor appraiser inspected the property per supervisory appraiser&apos;s certification</idValue>
    <idCode>2W</idCode>
        <idValue>Property was sold within last 12 months</idValue>
    <idCode>2X</idCode>
        <idValue>Appraiser signed statement of limiting conditions and disclaimer</idValue>
    <idCode>2Y</idCode>
        <idValue>Ownership interest in a property</idValue>
    <idCode>2Z</idCode>
        <idValue>Termination</idValue>
    <idCode>30</idCode>
        <idValue>Without the equipment, the patient would require surgery</idValue>
    <idCode>31</idCode>
        <idValue>Patient has had a total knee replacement</idValue>
    <idCode>32</idCode>
        <idValue>Patient has intractable lymphedema of the extremities</idValue>
    <idCode>33</idCode>
        <idValue>Patient is in a nursing home</idValue>
    <idCode>34</idCode>
        <idValue>Patient is conscious</idValue>
    <idCode>35</idCode>
        <idValue>This Feeding is the Only Form of Nutritional Intake for This Patient</idValue>
    <idCode>36</idCode>
        <idValue>Patient was administered premix</idValue>
    <idCode>37</idCode>
        <idValue>Oxygen delivery equipment is stationary</idValue>
    <idCode>38</idCode>
        <idValue>Certification signed by the physician is on file at the supplier&apos;s office</idValue>
    <idCode>39</idCode>
        <idValue>Patient Has Mobilizing Respiratory Tract Secretions</idValue>
    <idCode>3A</idCode>
        <idValue>Patient is receiving topical anti-fungal therapy</idValue>
    <idCode>3B</idCode>
        <idValue>Points Paid by Seller</idValue>
    <idCode>3C</idCode>
        <idValue>Points Paid by Buyer</idValue>
    <idCode>3D</idCode>
        <idValue>Seller Concession</idValue>
    <idCode>3E</idCode>
        <idValue>Letter of Certification</idValue>
    <idCode>3F</idCode>
        <idValue>Verbal Report Needed</idValue>
    <idCode>3G</idCode>
        <idValue>Any Relationship Between Owner and Occupant</idValue>
    <idCode>3H</idCode>
        <idValue>Map and Directions to Remote Properties to Follow</idValue>
    <idCode>3I</idCode>
        <idValue>Ground Lease to Follow</idValue>
    <idCode>3J</idCode>
        <idValue>Disclosure Statement to Follow</idValue>
    <idCode>3K</idCode>
        <idValue>Copy of Property Listing to Follow</idValue>
    <idCode>3L</idCode>
        <idValue>Class III-Left</idValue>
    <idCode>3M</idCode>
        <idValue>Copy of Title Report Plat Map to Follow</idValue>
    <idCode>3N</idCode>
        <idValue>Property Tax Bill to Follow</idValue>
    <idCode>3O</idCode>
        <idValue>Engineering or Soil Report to Follow</idValue>
    <idCode>3P</idCode>
        <idValue>Sales Contract Available</idValue>
    <idCode>3Q</idCode>
        <idValue>Leave Will be Taken</idValue>
    <idCode>3R</idCode>
        <idValue>Class III-Right</idValue>
    <idCode>3S</idCode>
        <idValue>Approved</idValue>
    <idCode>3T</idCode>
        <idValue>Balance Sheet does not balance</idValue>
    <idCode>3U</idCode>
        <idValue>Banking done through Parent Company</idValue>
    <idCode>3V</idCode>
        <idValue>Banking done through Related Concern</idValue>
    <idCode>3W</idCode>
        <idValue>Banking done through Subsidiary</idValue>
    <idCode>3X</idCode>
        <idValue>Can not determine if subject engaged in business</idValue>
    <idCode>3Y</idCode>
        <idValue>Deteriorated</idValue>
    <idCode>3Z</idCode>
        <idValue>Detrimental Information Received</idValue>
    <idCode>40</idCode>
        <idValue>Patient or Caregiver is Capable of Using the Equipment Without Technical or Professional Supervision</idValue>
    <idCode>41</idCode>
        <idValue>Patient or Caregiver is Unable to Propel or Lift a Standard Weight Wheelchair</idValue>
    <idCode>42</idCode>
        <idValue>Patient Requires Leg Elevation for Edema or Body Alignment</idValue>
    <idCode>43</idCode>
        <idValue>Patient Weight or Usage Needs Necessitate a Heavy Duty Wheelchair</idValue>
    <idCode>44</idCode>
        <idValue>Patient Requires Reclining Function of a Wheelchair</idValue>
    <idCode>45</idCode>
        <idValue>Patient is Unable to Operate a Wheelchair Manually</idValue>
    <idCode>46</idCode>
        <idValue>Patient or Caregiver Requires Side Transfer into Wheelchair, Commode or Other</idValue>
    <idCode>47</idCode>
        <idValue>Advertisement Run Condition</idValue>
    <idCode>48</idCode>
        <idValue>Individual Paid for Last Day Worked</idValue>
    <idCode>49</idCode>
        <idValue>Full Wages Paid for Date of Injury</idValue>
    <idCode>4A</idCode>
        <idValue>Services are rendered within Hospice-elected period of coverage</idValue>
    <idCode>4B</idCode>
        <idValue>Accidents</idValue>
    <idCode>4C</idCode>
        <idValue>Account Representative Transfer</idValue>
    <idCode>4D</idCode>
        <idValue>Additional Coverage</idValue>
    <idCode>4E</idCode>
        <idValue>Advice to Stop</idValue>
    <idCode>4F</idCode>
        <idValue>Agent Replacement</idValue>
    <idCode>4G</idCode>
        <idValue>Backup Withholding</idValue>
    <idCode>4H</idCode>
        <idValue>Current Employer</idValue>
    <idCode>4I</idCode>
        <idValue>Current Occupation</idValue>
    <idCode>4J</idCode>
        <idValue>Employer Reimbursement</idValue>
    <idCode>4K</idCode>
        <idValue>Employee Retirement Income Security Act (ERISA)</idValue>
    <idCode>4L</idCode>
        <idValue>Expected Changes</idValue>
    <idCode>4M</idCode>
        <idValue>Experimental</idValue>
    <idCode>4N</idCode>
        <idValue>Foreign Flight</idValue>
    <idCode>4O</idCode>
        <idValue>Future Involvement</idValue>
    <idCode>4P</idCode>
        <idValue>Grounding, Fine, Reprimand</idValue>
    <idCode>4Q</idCode>
        <idValue>Group Disability Insurance Conversion</idValue>
    <idCode>4R</idCode>
        <idValue>Group Disability Insurance Offset</idValue>
    <idCode>4S</idCode>
        <idValue>Group Disability Insurance Participation</idValue>
    <idCode>4T</idCode>
        <idValue>Group Disability Insurance Top Up</idValue>
    <idCode>4U</idCode>
        <idValue>Home Employment</idValue>
    <idCode>4V</idCode>
        <idValue>Information Omitted</idValue>
    <idCode>4W</idCode>
        <idValue>Injury Benefits</idValue>
    <idCode>4X</idCode>
        <idValue>Issue at Higher Premiums</idValue>
    <idCode>4Y</idCode>
        <idValue>Issue With Exclusions</idValue>
    <idCode>4Z</idCode>
        <idValue>Issue Without Benefits</idValue>
    <idCode>50</idCode>
        <idValue>Citation or Ticket Issued</idValue>
    <idCode>51</idCode>
        <idValue>Individual is Member of Policyholder&apos;s Household</idValue>
    <idCode>52</idCode>
        <idValue>Individual Permitted to Use Vehicle</idValue>
    <idCode>53</idCode>
        <idValue>Individual Wore Seatbelt</idValue>
    <idCode>54</idCode>
        <idValue>Child Restraint Device in Vehicle</idValue>
    <idCode>55</idCode>
        <idValue>Child Restraint Device Used</idValue>
    <idCode>56</idCode>
        <idValue>Individual Injured</idValue>
    <idCode>57</idCode>
        <idValue>Individual Transported to Another Location</idValue>
    <idCode>58</idCode>
        <idValue>Durable Medical Equipment (DME) Purchased New</idValue>
    <idCode>59</idCode>
        <idValue>Durable Medical Equipment (DME) Is Under Warranty</idValue>
    <idCode>5A</idCode>
        <idValue>Treatment is rendered related to the terminal illness</idValue>
    <idCode>5B</idCode>
        <idValue>Certified Aftermarket Parts Association (CAPA) Only</idValue>
    <idCode>5C</idCode>
        <idValue>Certified Aftermarket Parts Association (CAPA) Preferred</idValue>
    <idCode>5D</idCode>
        <idValue>Juvenile Seen</idValue>
    <idCode>5E</idCode>
        <idValue>Medical Treatment</idValue>
    <idCode>5F</idCode>
        <idValue>Military Aviation</idValue>
    <idCode>5G</idCode>
        <idValue>New Group</idValue>
    <idCode>5H</idCode>
        <idValue>Other Coverage Offset</idValue>
    <idCode>5I</idCode>
        <idValue>Other Principals Being Insured</idValue>
    <idCode>5J</idCode>
        <idValue>Owner Active in Business</idValue>
    <idCode>5K</idCode>
        <idValue>Payroll Deduction</idValue>
    <idCode>5L</idCode>
        <idValue>Prepaid</idValue>
    <idCode>5M</idCode>
        <idValue>Previous Application</idValue>
    <idCode>5N</idCode>
        <idValue>Primary Occupation</idValue>
    <idCode>5O</idCode>
        <idValue>Racing Accident</idValue>
    <idCode>5P</idCode>
        <idValue>Replacement</idValue>
    <idCode>5Q</idCode>
        <idValue>Resides With Applicant</idValue>
    <idCode>5R</idCode>
        <idValue>Gender Distinct</idValue>
    <idCode>5S</idCode>
        <idValue>Sibling Coverage</idValue>
    <idCode>5T</idCode>
        <idValue>Sickness Benefits</idValue>
    <idCode>5U</idCode>
        <idValue>Special Dating</idValue>
    <idCode>5V</idCode>
        <idValue>Spousal Consent</idValue>
    <idCode>5W</idCode>
        <idValue>Suitability Analysis</idValue>
    <idCode>5X</idCode>
        <idValue>Suitable for Coverage</idValue>
    <idCode>5Y</idCode>
        <idValue>Taxable</idValue>
    <idCode>5Z</idCode>
        <idValue>This Company Replacement</idValue>
    <idCode>60</idCode>
        <idValue>Transportation Was To the Nearest Facility</idValue>
    <idCode>61</idCode>
        <idValue>Employee is Exempt</idValue>
    <idCode>62</idCode>
        <idValue>Claimant is Covered on the Employer&apos;s Long-term Disability Plan</idValue>
    <idCode>63</idCode>
        <idValue>Employee&apos;s Job Responsibilities Changed Due to the Disabling Condition</idValue>
    <idCode>64</idCode>
        <idValue>Employer Has a Return to Work Policy for Disabled Employees</idValue>
    <idCode>65</idCode>
        <idValue>Open</idValue>
    <idCode>66</idCode>
        <idValue>Normal</idValue>
    <idCode>67</idCode>
        <idValue>Closed-moderate</idValue>
    <idCode>68</idCode>
        <idValue>Severe</idValue>
    <idCode>69</idCode>
        <idValue>Moderate</idValue>
    <idCode>6A</idCode>
        <idValue>Treatment is rendered by a Hospice employed physician</idValue>
    <idCode>6B</idCode>
        <idValue>United States Citizen</idValue>
    <idCode>6C</idCode>
        <idValue>Permanent Resident Alien</idValue>
    <idCode>6D</idCode>
        <idValue>Borrower is First Time Homebuyer</idValue>
    <idCode>6E</idCode>
        <idValue>Unemployment Claims</idValue>
    <idCode>6F</idCode>
        <idValue>Unemployment Insurance Eligibility</idValue>
    <idCode>6G</idCode>
        <idValue>Work Status</idValue>
    <idCode>6H</idCode>
        <idValue>Workers Compensation Eligible</idValue>
    <idCode>6I</idCode>
        <idValue>Factored on Recourse Basis</idValue>
    <idCode>6J</idCode>
        <idValue>Factored with Advances</idValue>
    <idCode>6K</idCode>
        <idValue>Figures are Actual</idValue>
    <idCode>6L</idCode>
        <idValue>Figures are Anticipated</idValue>
    <idCode>6M</idCode>
        <idValue>Figures are Estimated</idValue>
    <idCode>6N</idCode>
        <idValue>Figures are Modified</idValue>
    <idCode>6O</idCode>
        <idValue>Figures are Projected</idValue>
    <idCode>6P</idCode>
        <idValue>Government Business Number Unavailable</idValue>
    <idCode>6Q</idCode>
        <idValue>Goodwill Origin Purchased from Bankrupt Company</idValue>
    <idCode>6R</idCode>
        <idValue>Goodwill Origin Rented</idValue>
    <idCode>6S</idCode>
        <idValue>Has no ownership</idValue>
    <idCode>6T</idCode>
        <idValue>Improved</idValue>
    <idCode>6U</idCode>
        <idValue>Intangibles breakdown available</idValue>
    <idCode>6V</idCode>
        <idValue>Intangibles include Organizational Expense</idValue>
    <idCode>6W</idCode>
        <idValue>Intercompany relations consist of Loans and Advances</idValue>
    <idCode>6X</idCode>
        <idValue>Intercompany relations consist of Merchandise Transactions</idValue>
    <idCode>6Y</idCode>
        <idValue>Intercompany relations consist of Service Transactions</idValue>
    <idCode>6Z</idCode>
        <idValue>Local banking utilized on a transfer account basis</idValue>
    <idCode>70</idCode>
        <idValue>Straight</idValue>
    <idCode>71</idCode>
        <idValue>Convex</idValue>
    <idCode>72</idCode>
        <idValue>Concave</idValue>
    <idCode>73</idCode>
        <idValue>Double Protrusion</idValue>
    <idCode>74</idCode>
        <idValue>No Crossbite</idValue>
    <idCode>75</idCode>
        <idValue>Posterior</idValue>
    <idCode>76</idCode>
        <idValue>Anterior</idValue>
    <idCode>77</idCode>
        <idValue>Maxillary</idValue>
    <idCode>78</idCode>
        <idValue>Mandibular</idValue>
    <idCode>79</idCode>
        <idValue>Right</idValue>
    <idCode>7A</idCode>
        <idValue>Treatment is rendered by a private attending physician</idValue>
    <idCode>7B</idCode>
        <idValue>Medications Ordered are being Administered Intramuscularly</idValue>
    <idCode>7C</idCode>
        <idValue>Medications Ordered are being Administered Intravenously</idValue>
    <idCode>7D</idCode>
        <idValue>Medications Ordered are being Administered Orally</idValue>
    <idCode>7E</idCode>
        <idValue>Maintains no Inventory</idValue>
    <idCode>7F</idCode>
        <idValue>Medications Ordered are being Administered Subcutaneously</idValue>
    <idCode>7G</idCode>
        <idValue>Majority</idValue>
    <idCode>7H</idCode>
        <idValue>Marketable Securities valued at cost</idValue>
    <idCode>7I</idCode>
        <idValue>Marketable Securities valued at lower of cost or market</idValue>
    <idCode>7J</idCode>
        <idValue>Interior Access Denied</idValue>
    <idCode>7K</idCode>
        <idValue>Repairs are Recommended</idValue>
    <idCode>7L</idCode>
        <idValue>Loan Originated under Shared Equity Plan</idValue>
    <idCode>7M</idCode>
        <idValue>Title and or Legal Issues Exist</idValue>
    <idCode>7N</idCode>
        <idValue>Environmental Issues Exist</idValue>
    <idCode>7O</idCode>
        <idValue>Property is Listed As Is</idValue>
    <idCode>7P</idCode>
        <idValue>Property is Listed as Repaired</idValue>
    <idCode>7Q</idCode>
        <idValue>Vacancy Rate is Greater Than 5 Percent to 10 Percent</idValue>
    <idCode>7R</idCode>
        <idValue>Vacancy Rate is Greater Than 10 Percent to 20 Percent</idValue>
    <idCode>7S</idCode>
        <idValue>Vacancy Rate is Greater Than 20 Percent</idValue>
    <idCode>7T</idCode>
        <idValue>Most Comparable Property</idValue>
    <idCode>7U</idCode>
        <idValue>Anticipate Issues which Affect Ability to Secure Financing</idValue>
    <idCode>7V</idCode>
        <idValue>Points are Paid by Seller</idValue>
    <idCode>7W</idCode>
        <idValue>Property Covered by Flood Insurance Policy</idValue>
    <idCode>7X</idCode>
        <idValue>Property Covered by Earthquake Insurance Policy</idValue>
    <idCode>7Y</idCode>
        <idValue>Points are Negotiable</idValue>
    <idCode>7Z</idCode>
        <idValue>Property is Currently Listed with a Real Estate Firm</idValue>
    <idCode>80</idCode>
        <idValue>Left</idValue>
    <idCode>81</idCode>
        <idValue>Maxillary Moderate</idValue>
    <idCode>82</idCode>
        <idValue>Mandibular Moderate</idValue>
    <idCode>83</idCode>
        <idValue>Maxillary Severe</idValue>
    <idCode>84</idCode>
        <idValue>Mandibular Severe</idValue>
    <idCode>85</idCode>
        <idValue>Income Has Been Verified</idValue>
    <idCode>86</idCode>
        <idValue>Person Has Been Interviewed</idValue>
    <idCode>87</idCode>
        <idValue>Rent Has Been Verified</idValue>
    <idCode>88</idCode>
        <idValue>Employer Has Been Verified</idValue>
    <idCode>89</idCode>
        <idValue>Position Has Been Verified</idValue>
    <idCode>8A</idCode>
        <idValue>Treatment is curative</idValue>
    <idCode>8B</idCode>
        <idValue>Income or Assets of Another Used</idValue>
    <idCode>8C</idCode>
        <idValue>Disclosure of Someone Else&apos;s Liabilities Required</idValue>
    <idCode>8D</idCode>
        <idValue>Property Improvements &quot;to be made&quot;</idValue>
    <idCode>8E</idCode>
        <idValue>Property Improvements &quot;have been made&quot;</idValue>
    <idCode>8F</idCode>
        <idValue>Distant Suburban</idValue>
    <idCode>8G</idCode>
        <idValue>Self Employed</idValue>
    <idCode>8H</idCode>
        <idValue>Liability to be Satisfied</idValue>
    <idCode>8I</idCode>
        <idValue>Are Assets/Liabilities Reported Jointly</idValue>
    <idCode>8J</idCode>
        <idValue>Location is Farm</idValue>
    <idCode>8K</idCode>
        <idValue>Location is Resort</idValue>
    <idCode>8L</idCode>
        <idValue>Shortage Exist for Competing Listings</idValue>
    <idCode>8M</idCode>
        <idValue>Competing Listings are in Balance</idValue>
    <idCode>8N</idCode>
        <idValue>Oversupply Exist for Competing Listings</idValue>
    <idCode>8O</idCode>
        <idValue>Incentives are Offered</idValue>
    <idCode>8P</idCode>
        <idValue>Listed Property has been Inspected</idValue>
    <idCode>8Q</idCode>
        <idValue>Sale Property has been Inspected</idValue>
    <idCode>8R</idCode>
        <idValue>General Marketing Condition is Depressed</idValue>
    <idCode>8S</idCode>
        <idValue>General Marketing Condition is Slow</idValue>
    <idCode>8T</idCode>
        <idValue>General Marketing Condition is Static</idValue>
    <idCode>8U</idCode>
        <idValue>General Marketing Condition is Improving</idValue>
    <idCode>8V</idCode>
        <idValue>General Marketing Condition is Excellent</idValue>
    <idCode>8W</idCode>
        <idValue>Employment Conditions are Stable</idValue>
    <idCode>8X</idCode>
        <idValue>Employment Conditions are Declining</idValue>
    <idCode>8Y</idCode>
        <idValue>Employment Conditions are Increasing</idValue>
    <idCode>8Z</idCode>
        <idValue>Overimprovement Condition Exists</idValue>
    <idCode>90</idCode>
        <idValue>Inquiry Has Been Verified</idValue>
    <idCode>91</idCode>
        <idValue>Outstanding Judgments</idValue>
    <idCode>92</idCode>
        <idValue>Declared Bankruptcy in Past 7 Years</idValue>
    <idCode>93</idCode>
        <idValue>Foreclosure or Deed in Lieu in Past 7 Years</idValue>
    <idCode>94</idCode>
        <idValue>Party to Lawsuit</idValue>
    <idCode>95</idCode>
        <idValue>Obligated on a Loan Foreclosed, Deed in Lieu of Judgment</idValue>
    <idCode>96</idCode>
        <idValue>Currently Delinquent or in Default</idValue>
    <idCode>97</idCode>
        <idValue>Obligated to Pay Alimony, Child Support or Maintenance</idValue>
    <idCode>98</idCode>
        <idValue>Part of Down Payment Borrowed</idValue>
    <idCode>99</idCode>
        <idValue>Co-maker or Endorser on a Note</idValue>
    <idCode>9A</idCode>
        <idValue>Treatment is Palliative</idValue>
    <idCode>9B</idCode>
        <idValue>Involuntary Committal</idValue>
    <idCode>9C</idCode>
        <idValue>Lack of Available Equipment</idValue>
    <idCode>9D</idCode>
        <idValue>Lack of Appropriate Facility within Reasonable Distance to Treat Patient in the Event of Complications</idValue>
    <idCode>9E</idCode>
        <idValue>Sudden Onset of Disorientation</idValue>
    <idCode>9F</idCode>
        <idValue>Sudden Onset of Severe, Incapacitating Pain</idValue>
    <idCode>9G</idCode>
        <idValue>Continuous Hemorrhage from any Site with Abnormal Lab Values</idValue>
    <idCode>9H</idCode>
        <idValue>Patient Requires Intensive IV Therapy</idValue>
    <idCode>9I</idCode>
        <idValue>Patient Requires Volume Expanders</idValue>
    <idCode>9J</idCode>
        <idValue>Patient Requires Protective Isolation</idValue>
    <idCode>9K</idCode>
        <idValue>Patient Requires Frequent Monitoring</idValue>
    <idCode>9L</idCode>
        <idValue>Patient Requires Extended Post-operative Observation</idValue>
    <idCode>9M</idCode>
        <idValue>Foreclosure Proceedings Have Begun</idValue>
    <idCode>9N</idCode>
        <idValue>Underimprovement Condition Exists</idValue>
    <idCode>9O</idCode>
        <idValue>Marketability of Property is Excellent</idValue>
    <idCode>9P</idCode>
        <idValue>Marketability of Property is Good</idValue>
    <idCode>9Q</idCode>
        <idValue>Marketability of Property is Fair</idValue>
    <idCode>9R</idCode>
        <idValue>Marketability of Property is Poor</idValue>
    <idCode>9S</idCode>
        <idValue>Fees are Current</idValue>
    <idCode>9T</idCode>
        <idValue>Fees Include Tennis</idValue>
    <idCode>9U</idCode>
        <idValue>Fees Include Pool</idValue>
    <idCode>9V</idCode>
        <idValue>Fees Include Insurance</idValue>
    <idCode>9W</idCode>
        <idValue>Fees Include Landscape</idValue>
    <idCode>9X</idCode>
        <idValue>Fees Include Other Amenities</idValue>
    <idCode>9Y</idCode>
        <idValue>Most Likely Buyer is Owner Occupant</idValue>
    <idCode>9Z</idCode>
        <idValue>Most Likely Buyer is Investor</idValue>
    <idCode>A1</idCode>
        <idValue>Most Likely Buyer is Other Person or Entity</idValue>
    <idCode>A2</idCode>
        <idValue>Potential Financing is Fannie Mae</idValue>
    <idCode>A3</idCode>
        <idValue>Suppress Paper Endorsement</idValue>
    <idCode>A4</idCode>
        <idValue>Do Not Suppress Paper Endorsement</idValue>
    <idCode>A5</idCode>
        <idValue>Escrow</idValue>
    <idCode>A7</idCode>
        <idValue>Sub-servicer Submitted</idValue>
    <idCode>A8</idCode>
        <idValue>First Mortgage</idValue>
    <idCode>A9</idCode>
        <idValue>Second Mortgage</idValue>
    <idCode>AA</idCode>
        <idValue>Amputation</idValue>
    <idCode>AB</idCode>
        <idValue>Address Skip Begin</idValue>
    <idCode>AC</idCode>
        <idValue>Address Corrected</idValue>
    <idCode>AD</idCode>
        <idValue>Automatic Drill Time Calculated</idValue>
    <idCode>AE</idCode>
        <idValue>Automatic Edging Time Calculated</idValue>
    <idCode>AF</idCode>
        <idValue>Automatically Select</idValue>
    <idCode>AG</idCode>
        <idValue>Agitated</idValue>
    <idCode>AH</idCode>
        <idValue>Automatically Search and List</idValue>
    <idCode>AI</idCode>
        <idValue>Address Incorrect</idValue>
    <idCode>AJ</idCode>
        <idValue>Assumable</idValue>
    <idCode>AK</idCode>
        <idValue>Potential Financing is Cash</idValue>
    <idCode>AL</idCode>
        <idValue>Ambulation Limitations</idValue>
    <idCode>AM</idCode>
        <idValue>Potential Financing is Outside Lender</idValue>
    <idCode>AN</idCode>
        <idValue>Address Incomplete</idValue>
    <idCode>AO</idCode>
        <idValue>Accept Certification without Changes</idValue>
    <idCode>AP</idCode>
        <idValue>Alley is Public</idValue>
    <idCode>AQ</idCode>
        <idValue>Potential Financing is Federal Housing Administration</idValue>
    <idCode>AR</idCode>
        <idValue>Address Skip Resolved</idValue>
    <idCode>AS</idCode>
        <idValue>Address Skip Exhaust</idValue>
    <idCode>AT</idCode>
        <idValue>Accept Statement of Limiting Conditions without Changes</idValue>
    <idCode>AU</idCode>
        <idValue>Automatic Underside Time Calculated</idValue>
    <idCode>AV</idCode>
        <idValue>Available - Not Used</idValue>
    <idCode>AW</idCode>
        <idValue>Accept Certification with Changes</idValue>
    <idCode>AX</idCode>
        <idValue>Accept Statement of Limiting Conditions with Changes</idValue>
    <idCode>AY</idCode>
        <idValue>Adjacent Track Occupied</idValue>
    <idCode>AZ</idCode>
        <idValue>Potential Financing is Veterans Affairs</idValue>
    <idCode>B1</idCode>
        <idValue>Mortgage in Foreclosure</idValue>
    <idCode>B2</idCode>
        <idValue>Real Estate Owned (REO) Mortgage</idValue>
    <idCode>B3</idCode>
        <idValue>Potential Financing is Contract for Deed</idValue>
    <idCode>B4</idCode>
        <idValue>Only the Exterior has been Inspected</idValue>
    <idCode>B5</idCode>
        <idValue>Real Estate Owned Property or Foreclosure Property</idValue>
    <idCode>B6</idCode>
        <idValue>Number of Comparable Listings is Normal</idValue>
    <idCode>B7</idCode>
        <idValue>Number of Comparable Listings is an Oversupply</idValue>
    <idCode>B8</idCode>
        <idValue>Number of Comparable Listings is a Shortage</idValue>
    <idCode>B9</idCode>
        <idValue>Property Management Expenses Outstanding</idValue>
    <idCode>BA</idCode>
        <idValue>Borrower Letter Attempt</idValue>
    <idCode>BB</idCode>
        <idValue>Building or Mobile Home is in a Coastal Barrier Resources Area</idValue>
    <idCode>BC</idCode>
        <idValue>Borrower Telephone Contact</idValue>
    <idCode>BD</idCode>
        <idValue>Business Pending</idValue>
    <idCode>BE</idCode>
        <idValue>Borrower Letter Contact</idValue>
    <idCode>BF</idCode>
        <idValue>Marketable Securities valued at market</idValue>
    <idCode>BG</idCode>
        <idValue>Appropriate Improvement Condition Exists</idValue>
    <idCode>BH</idCode>
        <idValue>Name unknown to local authorities</idValue>
    <idCode>BI</idCode>
        <idValue>No manufacturing done on Premises</idValue>
    <idCode>BJ</idCode>
        <idValue>Occasional</idValue>
    <idCode>BK</idCode>
        <idValue>Officer or owner in other Businesses</idValue>
    <idCode>BL</idCode>
        <idValue>Bowel Limitations, Bladder Limitations, or both (Incontinence)</idValue>
    <idCode>BM</idCode>
        <idValue>Old</idValue>
    <idCode>BN</idCode>
        <idValue>Operates on part time basis</idValue>
    <idCode>BO</idCode>
        <idValue>Parent Financial Statement Used</idValue>
    <idCode>BP</idCode>
        <idValue>Borrower Payment Received</idValue>
    <idCode>BQ</idCode>
        <idValue>Product Information Available</idValue>
    <idCode>BR</idCode>
        <idValue>Bedrest BRP (Bathroom Privileges)</idValue>
    <idCode>BS</idCode>
        <idValue>Revenue derived from Commissions</idValue>
    <idCode>BT</idCode>
        <idValue>Borrower Telephone Attempt</idValue>
    <idCode>BU</idCode>
        <idValue>Revenue derived from Donations</idValue>
    <idCode>BV</idCode>
        <idValue>Revenue derived from Fees</idValue>
    <idCode>BW</idCode>
        <idValue>Revenue derived from Grants</idValue>
    <idCode>BX</idCode>
        <idValue>Revenue derived from Taxes</idValue>
    <idCode>BY</idCode>
        <idValue>Sprinkler Equipped</idValue>
    <idCode>BZ</idCode>
        <idValue>Statement requested from Government Registry</idValue>
    <idCode>C1</idCode>
        <idValue>Advances From Property Management Expenses Outstanding</idValue>
    <idCode>C2</idCode>
        <idValue>Final Demand Letter Sent</idValue>
    <idCode>C3</idCode>
        <idValue>Lender Request for Assistance</idValue>
    <idCode>C4</idCode>
        <idValue>Mortgage has Lender-purchased Mortgage Insurance</idValue>
    <idCode>C5</idCode>
        <idValue>Insufficient Funds</idValue>
    <idCode>C6</idCode>
        <idValue>Credit Enhanced Mortgage</idValue>
    <idCode>C7</idCode>
        <idValue>Corporate Appointment</idValue>
    <idCode>C8</idCode>
        <idValue>Special Servicing Required</idValue>
    <idCode>C9</idCode>
        <idValue>Client Specifically Requested Consideration of Special Financing or an Assumable Loan</idValue>
    <idCode>CA</idCode>
        <idValue>Cane Required</idValue>
    <idCode>CB</idCode>
        <idValue>Complete Bedrest</idValue>
    <idCode>CC</idCode>
        <idValue>Collection Card was Left</idValue>
    <idCode>CD</idCode>
        <idValue>Call to Directory Assistance for Reference Telephone</idValue>
    <idCode>CE</idCode>
        <idValue>Co-signer Telephone Attempt</idValue>
    <idCode>CF</idCode>
        <idValue>Co-signer Telephone Contact</idValue>
    <idCode>CG</idCode>
        <idValue>Co-signer Delinquency Letter Sent</idValue>
    <idCode>CH</idCode>
        <idValue>Co-signer Final Demand Letter Sent</idValue>
    <idCode>CI</idCode>
        <idValue>Call to Directory Assistance for Co-signer Telephone</idValue>
    <idCode>CJ</idCode>
        <idValue>Valid Borrower Address or Phone Attempt with Previous Holder</idValue>
    <idCode>CK</idCode>
        <idValue>Convertible</idValue>
    <idCode>CL</idCode>
        <idValue>Claimant had a Pre-existing Injury</idValue>
    <idCode>CM</idCode>
        <idValue>Comatose</idValue>
    <idCode>CN</idCode>
        <idValue>Common Elements are Leased to or by the Home Owners&apos; Association</idValue>
    <idCode>CO</idCode>
        <idValue>Contracture</idValue>
    <idCode>CP</idCode>
        <idValue>Case Pending</idValue>
    <idCode>CQ</idCode>
        <idValue>Callable</idValue>
    <idCode>CR</idCode>
        <idValue>Crutches Required</idValue>
    <idCode>CS</idCode>
        <idValue>Community Participates in National Flood Insurance Program</idValue>
    <idCode>CT</idCode>
        <idValue>Common Elements are Completed</idValue>
    <idCode>CU</idCode>
        <idValue>Curb and Gutter are Public</idValue>
    <idCode>CV</idCode>
        <idValue>Cooperative</idValue>
    <idCode>CW</idCode>
        <idValue>Cooling Water is Low</idValue>
    <idCode>CX</idCode>
        <idValue>Certification Status</idValue>
    <idCode>CY</idCode>
        <idValue>Car Spaces are Adequate</idValue>
    <idCode>CZ</idCode>
        <idValue>Car Spaces are Inadequate</idValue>
    <idCode>D1</idCode>
        <idValue>Issue Check Payable to Borrower and Return to Servicer</idValue>
    <idCode>D2</idCode>
        <idValue>Issue Check Payable to Servicer and Return to Servicer</idValue>
    <idCode>D3</idCode>
        <idValue>Issue Check Payable to Borrower and Send to Borrower</idValue>
    <idCode>D4</idCode>
        <idValue>Issue Check Payable to Servicer or Borrower and Return to Servicer</idValue>
    <idCode>D5</idCode>
        <idValue>Issue Check Payable to Other Payee</idValue>
    <idCode>D6</idCode>
        <idValue>Positive</idValue>
    <idCode>D7</idCode>
        <idValue>Negative</idValue>
    <idCode>D8</idCode>
        <idValue>Taxes are Typical for the Area and Price Range</idValue>
    <idCode>D9</idCode>
        <idValue>Improvement Conforms to Zoning Regulations</idValue>
    <idCode>DA</idCode>
        <idValue>Call to Directory Assistance for Borrower Telephone</idValue>
    <idCode>DB</idCode>
        <idValue>Deferment or Forbearance Begin</idValue>
    <idCode>DC</idCode>
        <idValue>Declined</idValue>
    <idCode>DD</idCode>
        <idValue>Borrower Furnished Demographic Data</idValue>
    <idCode>DE</idCode>
        <idValue>Deferment or Forbearance End</idValue>
    <idCode>DF</idCode>
        <idValue>Funds available for Unsecured Creditors</idValue>
    <idCode>DG</idCode>
        <idValue>Dynamic Brakes are Out</idValue>
    <idCode>DH</idCode>
        <idValue>Debtor has been Domiciled</idValue>
    <idCode>DI</idCode>
        <idValue>Disoriented</idValue>
    <idCode>DJ</idCode>
        <idValue>Dynamic Brakes are Operational</idValue>
    <idCode>DK</idCode>
        <idValue>Construction Warranty</idValue>
    <idCode>DL</idCode>
        <idValue>Construction Warranty Transferable</idValue>
    <idCode>DM</idCode>
        <idValue>Maintenance Drug under Client&apos;s Benefit Plan</idValue>
    <idCode>DN</idCode>
        <idValue>Payment Reduced Because Maximum Allowable Cost Exceeded</idValue>
    <idCode>DO</idCode>
        <idValue>Benefits Terminated Prior to Service Date</idValue>
    <idCode>DP</idCode>
        <idValue>Depressed</idValue>
    <idCode>DQ</idCode>
        <idValue>Drug Part of Formulary Data Base</idValue>
    <idCode>DR</idCode>
        <idValue>Subject not Engaged in Business</idValue>
    <idCode>DS</idCode>
        <idValue>All Door Seals are Intact</idValue>
    <idCode>DT</idCode>
        <idValue>Filing Fee Attached</idValue>
    <idCode>DU</idCode>
        <idValue>Subject not Engaged in Business at Requested Address</idValue>
    <idCode>DV</idCode>
        <idValue>Suspended</idValue>
    <idCode>DW</idCode>
        <idValue>Total</idValue>
    <idCode>DX</idCode>
        <idValue>Unable to Respond</idValue>
    <idCode>DY</idCode>
        <idValue>Dyspnea with Minimal Exertion</idValue>
    <idCode>DZ</idCode>
        <idValue>Uses Own Facilities</idValue>
    <idCode>E0</idCode>
        <idValue>Figures are Total</idValue>
    <idCode>E1</idCode>
        <idValue>Fixed Asset Breakdown Undisclosed</idValue>
    <idCode>E2</idCode>
        <idValue>For the Fiscal Year</idValue>
    <idCode>E3</idCode>
        <idValue>For the Period</idValue>
    <idCode>E4</idCode>
        <idValue>Formed by Consolidation</idValue>
    <idCode>E5</idCode>
        <idValue>Formed by Merger</idValue>
    <idCode>E6</idCode>
        <idValue>Prior Bankruptcy Case Filed in Last 6 Years</idValue>
    <idCode>E7</idCode>
        <idValue>Debtor is not Represented by an Attorney</idValue>
    <idCode>E8</idCode>
        <idValue>A Pending Case has been Filed</idValue>
    <idCode>E9</idCode>
        <idValue>Guaranteed by Parent Company</idValue>
    <idCode>EA</idCode>
        <idValue>Has Authority for All Purchases</idValue>
    <idCode>EB</idCode>
        <idValue>Has Authority to Purchase Supplies</idValue>
    <idCode>EC</idCode>
        <idValue>Equipment Certified</idValue>
    <idCode>ED</idCode>
        <idValue>Has Business Interruption Insurance</idValue>
    <idCode>EE</idCode>
        <idValue>Has Class of Stock</idValue>
    <idCode>EF</idCode>
        <idValue>Has Extended Coverage Insurance</idValue>
    <idCode>EG</idCode>
        <idValue>Has Fire Insurance</idValue>
    <idCode>EH</idCode>
        <idValue>Has Joint Authority</idValue>
    <idCode>EI</idCode>
        <idValue>Has Life Insurance</idValue>
    <idCode>EJ</idCode>
        <idValue>Existence of Preliminary Flood Determination</idValue>
    <idCode>EK</idCode>
        <idValue>Existence of Community Participation in the National Flood Insurance</idValue>
    <idCode>EL</idCode>
        <idValue>Endurance Limitations</idValue>
    <idCode>EM</idCode>
        <idValue>Has Marriage Contract</idValue>
    <idCode>EN</idCode>
        <idValue>Electricity On</idValue>
    <idCode>EO</idCode>
        <idValue>Equipment Is Overhauled</idValue>
    <idCode>EP</idCode>
        <idValue>Exercises Prescribed</idValue>
    <idCode>EQ</idCode>
        <idValue>Has No Par Value</idValue>
    <idCode>ER</idCode>
        <idValue>Engine Start-Up Performed with No Problems Reported</idValue>
    <idCode>ES</idCode>
        <idValue>Engine Start-Up Performed with Problems Reported</idValue>
    <idCode>ET</idCode>
        <idValue>Electrical Control System Shut Down</idValue>
    <idCode>EU</idCode>
        <idValue>Has Other Insurance</idValue>
    <idCode>EV</idCode>
        <idValue>Has Par Value</idValue>
    <idCode>EW</idCode>
        <idValue>Has Sole Authority</idValue>
    <idCode>EX</idCode>
        <idValue>Excellent</idValue>
    <idCode>EY</idCode>
        <idValue>Has Voting Rights</idValue>
    <idCode>EZ</idCode>
        <idValue>Heading Address in Registered Office Only</idValue>
    <idCode>F0</idCode>
        <idValue>High Level</idValue>
    <idCode>F1</idCode>
        <idValue>Homeworkers Employed</idValue>
    <idCode>F2</idCode>
        <idValue>In Subscriber Shares</idValue>
    <idCode>F3</idCode>
        <idValue>Inactive</idValue>
    <idCode>F4</idCode>
        <idValue>Incomplete</idValue>
    <idCode>F5</idCode>
        <idValue>Incorporation Details Requested</idValue>
    <idCode>F6</idCode>
        <idValue>Increase or Up</idValue>
    <idCode>F7</idCode>
        <idValue>Information Cannot Be Provided at This Time</idValue>
    <idCode>F8</idCode>
        <idValue>Information in Date</idValue>
    <idCode>F9</idCode>
        <idValue>Information Requires Investigation</idValue>
    <idCode>FA</idCode>
        <idValue>Actions has a Significant Environmental Effect</idValue>
    <idCode>FB</idCode>
        <idValue>Application Includes Complete System</idValue>
    <idCode>FC</idCode>
        <idValue>Antenna is Mounted on a Structure with an Existing Antenna</idValue>
    <idCode>FD</idCode>
        <idValue>Notice of Construction or Alteration has been Filed</idValue>
    <idCode>FE</idCode>
        <idValue>Applicant Wants to Monitor Frequency</idValue>
    <idCode>FF</idCode>
        <idValue>Applicant has been Denied Government Benefits Due to Use of Drugs</idValue>
    <idCode>FG</idCode>
        <idValue>Application is Certified</idValue>
    <idCode>FH</idCode>
        <idValue>Application is for other Than a New Station</idValue>
    <idCode>FI</idCode>
        <idValue>Fee Required</idValue>
    <idCode>FJ</idCode>
        <idValue>Flood Status</idValue>
    <idCode>FK</idCode>
        <idValue>Flood Insurance Required</idValue>
    <idCode>FL</idCode>
        <idValue>Federal Flood Insurance is Available (Community Participates)</idValue>
    <idCode>FM</idCode>
        <idValue>Inventory Valued Using LIFO (Last In/First Out)</idValue>
    <idCode>FN</idCode>
        <idValue>Not Too High Level</idValue>
    <idCode>FO</idCode>
        <idValue>Forgetful</idValue>
    <idCode>FP</idCode>
        <idValue>Flood Certification with Life of Loan</idValue>
    <idCode>FQ</idCode>
        <idValue>Street Maintenance is Public</idValue>
    <idCode>FR</idCode>
        <idValue>Fair</idValue>
    <idCode>FS</idCode>
        <idValue>Not Yet Registered</idValue>
    <idCode>FT</idCode>
        <idValue>Obliged to File Balance Sheet</idValue>
    <idCode>FU</idCode>
        <idValue>Official Confirmation Received</idValue>
    <idCode>FV</idCode>
        <idValue>Old But Well Kept</idValue>
    <idCode>FW</idCode>
        <idValue>Old Established Business</idValue>
    <idCode>FX</idCode>
        <idValue>Operated at Break Even</idValue>
    <idCode>FY</idCode>
        <idValue>Operates as Agent</idValue>
    <idCode>FZ</idCode>
        <idValue>Flood Zone Status</idValue>
    <idCode>G0</idCode>
        <idValue>Out of Business</idValue>
    <idCode>G1</idCode>
        <idValue>Outstanding Claims</idValue>
    <idCode>G2</idCode>
        <idValue>Gas On</idValue>
    <idCode>G3</idCode>
        <idValue>Hazardous Materials are Used or Produced</idValue>
    <idCode>G4</idCode>
        <idValue>Genetically Engineered Organisms are Used or Produced</idValue>
    <idCode>G5</idCode>
        <idValue>This is a Group Proposal</idValue>
    <idCode>G6</idCode>
        <idValue>Historical Sites Are Affected</idValue>
    <idCode>G7</idCode>
        <idValue>Facilities are Properly Accredited or Authorized</idValue>
    <idCode>G8</idCode>
        <idValue>Proprietary or Privileged Information will be contained in the Application</idValue>
    <idCode>G9</idCode>
        <idValue>This Project is in Violation of an Environmental Compliance Regulation</idValue>
    <idCode>GA</idCode>
        <idValue>Growth Rate is Fully Developed</idValue>
    <idCode>GB</idCode>
        <idValue>Outstanding Social Security Claims</idValue>
    <idCode>GC</idCode>
        <idValue>Outstanding Value Added Tax (VAT) Claims</idValue>
    <idCode>GD</idCode>
        <idValue>Product Demonstration in Effect</idValue>
    <idCode>GE</idCode>
        <idValue>Ownership Acknowledged in Signed Statement</idValue>
    <idCode>GF</idCode>
        <idValue>Ownership Acknowledged Verbally</idValue>
    <idCode>GG</idCode>
        <idValue>Ownership Not Acknowledged</idValue>
    <idCode>GH</idCode>
        <idValue>Owns No Real Estate</idValue>
    <idCode>GI</idCode>
        <idValue>Owns Real Estate but Details Not Available</idValue>
    <idCode>GJ</idCode>
        <idValue>Prepared from Books Without Audit</idValue>
    <idCode>GK</idCode>
        <idValue>Prepared from Statement by Accountant</idValue>
    <idCode>GL</idCode>
        <idValue>Profits Paid to Group</idValue>
    <idCode>GM</idCode>
        <idValue>Shelf Set to Manufacturer&apos;s Standard</idValue>
    <idCode>GN</idCode>
        <idValue>Publicly Traded</idValue>
    <idCode>GO</idCode>
        <idValue>Good</idValue>
    <idCode>GP</idCode>
        <idValue>Purchase Authority is Qualified</idValue>
    <idCode>GQ</idCode>
        <idValue>Purchases on Floor Plan</idValue>
    <idCode>GR</idCode>
        <idValue>Shelf Set to Retailer&apos;s Schematic</idValue>
    <idCode>GS</idCode>
        <idValue>Purchases on Letter of Credit</idValue>
    <idCode>GT</idCode>
        <idValue>Real Estate Check is Necessary</idValue>
    <idCode>GU</idCode>
        <idValue>Record of Preferential Claims</idValue>
    <idCode>GV</idCode>
        <idValue>Registered Address is Same as Business Address</idValue>
    <idCode>GW</idCode>
        <idValue>Relatives Help in Business</idValue>
    <idCode>GX</idCode>
        <idValue>Satisfactory</idValue>
    <idCode>GY</idCode>
        <idValue>Seasons are Steady</idValue>
    <idCode>GZ</idCode>
        <idValue>Secured</idValue>
    <idCode>H0</idCode>
        <idValue>Organization Certifies Compliance with Federal Lobbying Regulations</idValue>
    <idCode>H1</idCode>
        <idValue>Project involves the International Co-operative Act</idValue>
    <idCode>H2</idCode>
        <idValue>Human Anatomical Substances Are Used</idValue>
    <idCode>H3</idCode>
        <idValue>Handicap Facilities Are Available</idValue>
    <idCode>H4</idCode>
        <idValue>Lobbying Activities Have Been Conducted Regarding the Proposal</idValue>
    <idCode>H5</idCode>
        <idValue>Organization Certifies Compliance With the Drug-Free Workplace Act</idValue>
    <idCode>H6</idCode>
        <idValue>Organization Certifies Compliance with the Code of Federal Regulations Regarding Research Misconduct</idValue>
    <idCode>H7</idCode>
        <idValue>Organization Provides a Smoke Free Workplace</idValue>
    <idCode>H8</idCode>
        <idValue>Organization Certifies Compliance with Federal Discrimination Regulations</idValue>
    <idCode>H9</idCode>
        <idValue>Organization Certifies Compliance with the Code of Federal Regulations Regarding Responsibility of Applicants for Promoting Objectivity in Research for which Public Health Service (PHS) Funding is Sought</idValue>
    <idCode>HA</idCode>
        <idValue>Well Maintained</idValue>
    <idCode>HB</idCode>
        <idValue>Interest Rate Buydown</idValue>
    <idCode>HC</idCode>
        <idValue>Heating and Cooling for the Individual Units Separately Metered</idValue>
    <idCode>HD</idCode>
        <idValue>High Discharge</idValue>
    <idCode>HE</idCode>
        <idValue>High Engine Water Pressure</idValue>
    <idCode>HF</idCode>
        <idValue>Interest Only</idValue>
    <idCode>HG</idCode>
        <idValue>Graduated Payment</idValue>
    <idCode>HH</idCode>
        <idValue>Principal Balance Exceeds Maximum Negative Amortization</idValue>
    <idCode>HI</idCode>
        <idValue>Last Change</idValue>
    <idCode>HJ</idCode>
        <idValue>Liability Released</idValue>
    <idCode>HK</idCode>
        <idValue>Liability Not Released</idValue>
    <idCode>HL</idCode>
        <idValue>Hearing Limitations</idValue>
    <idCode>HM</idCode>
        <idValue>Liability Determined by Note Holder</idValue>
    <idCode>HN</idCode>
        <idValue>After Conversion</idValue>
    <idCode>HO</idCode>
        <idValue>Hostile</idValue>
    <idCode>HP</idCode>
        <idValue>After Modification</idValue>
    <idCode>HQ</idCode>
        <idValue>Balloon</idValue>
    <idCode>HR</idCode>
        <idValue>Capitalized Mortgage</idValue>
    <idCode>HS</idCode>
        <idValue>Federal Wages in Effect</idValue>
    <idCode>HT</idCode>
        <idValue>Social Security Number (SSN) Never Issued</idValue>
    <idCode>HU</idCode>
        <idValue>Name Does Not Match Social Security Number (SSN)</idValue>
    <idCode>HV</idCode>
        <idValue>Birthdate Does Not Match Social Security Number (SSN)</idValue>
    <idCode>HW</idCode>
        <idValue>Impossible Social Security Number (SSN)</idValue>
    <idCode>HX</idCode>
        <idValue>Employee is Ineligible to Work</idValue>
    <idCode>HY</idCode>
        <idValue>Metes and Bounds</idValue>
    <idCode>HZ</idCode>
        <idValue>Consolidation, Extension, Modification of Mortgage Loan (CEM)</idValue>
    <idCode>I1</idCode>
        <idValue>Uses Outside Services</idValue>
    <idCode>I2</idCode>
        <idValue>Very High Level</idValue>
    <idCode>I3</idCode>
        <idValue>Very Small</idValue>
    <idCode>I4</idCode>
        <idValue>Voluntary Bankruptcy</idValue>
    <idCode>I5</idCode>
        <idValue>Well Balanced</idValue>
    <idCode>I6</idCode>
        <idValue>Well Regarded in Business Circles</idValue>
    <idCode>I7</idCode>
        <idValue>Organization has Delinquent Federal Debts</idValue>
    <idCode>I8</idCode>
        <idValue>Organization has been Placed on the Federal Debarment and Suspension List</idValue>
    <idCode>IA</idCode>
        <idValue>Interest Paid in Advance</idValue>
    <idCode>IB</idCode>
        <idValue>Interest Paid in Arrears</idValue>
    <idCode>IC</idCode>
        <idValue>Interest Carryover</idValue>
    <idCode>ID</idCode>
        <idValue>Sells Directly</idValue>
    <idCode>IE</idCode>
        <idValue>Sells with Agents</idValue>
    <idCode>IF</idCode>
        <idValue>Sells with Storage</idValue>
    <idCode>IG</idCode>
        <idValue>Small</idValue>
    <idCode>IH</idCode>
        <idValue>Independent at Home</idValue>
    <idCode>II</idCode>
        <idValue>Some Increase</idValue>
    <idCode>IJ</idCode>
        <idValue>Somewhat Declining Tendency</idValue>
    <idCode>IK</idCode>
        <idValue>Started Some Time Ago</idValue>
    <idCode>IM</idCode>
        <idValue>Sufficient</idValue>
    <idCode>IN</idCode>
        <idValue>Indifferent</idValue>
    <idCode>IO</idCode>
        <idValue>Termination Date Set</idValue>
    <idCode>IP</idCode>
        <idValue>Injury occurred on Employer&apos;s Premises</idValue>
    <idCode>IQ</idCode>
        <idValue>Terms Include Lump Sum Payments</idValue>
    <idCode>IR</idCode>
        <idValue>Terms Include Progress Payments</idValue>
    <idCode>IS</idCode>
        <idValue>Terms on Cost Plus Basis</idValue>
    <idCode>IT</idCode>
        <idValue>Terms on Fixed Fee Basis</idValue>
    <idCode>IU</idCode>
        <idValue>Trade Style Registered</idValue>
    <idCode>IV</idCode>
        <idValue>Trading Address of Sole Proprietor</idValue>
    <idCode>IW</idCode>
        <idValue>Unchanged Situation</idValue>
    <idCode>IX</idCode>
        <idValue>Undetermined</idValue>
    <idCode>IY</idCode>
        <idValue>Unsatisfactory</idValue>
    <idCode>IZ</idCode>
        <idValue>Unsecured</idValue>
    <idCode>J1</idCode>
        <idValue>Military Services Barred from Recruitment Activities at the Proposing Organization&apos;s Site(s)</idValue>
    <idCode>J2</idCode>
        <idValue>Rate Negotiated</idValue>
    <idCode>J3</idCode>
        <idValue>Under Penalty of Perjury the Information is True and Correct</idValue>
    <idCode>J4</idCode>
        <idValue>Project Requires Inter-Government Review for Activities that affect State or Local Government or Possible National Security Implications</idValue>
    <idCode>J5</idCode>
        <idValue>Filing on Behalf of Debtor is Authorized</idValue>
    <idCode>J6</idCode>
        <idValue>Debtor Understands the Relief available under each Bankruptcy Chapter</idValue>
    <idCode>J7</idCode>
        <idValue>Attorney Declares that Debtor has been Informed</idValue>
    <idCode>J8</idCode>
        <idValue>Attorney has Explained the Relief available under each Bankruptcy Chapter</idValue>
    <idCode>J9</idCode>
        <idValue>There has been a Transfer of a Claim Against the Debtor by or to any Petitioner</idValue>
    <idCode>JA</idCode>
        <idValue>Third Party Originated</idValue>
    <idCode>JB</idCode>
        <idValue>Existing Construction</idValue>
    <idCode>JC</idCode>
        <idValue>Other Lien</idValue>
    <idCode>JD</idCode>
        <idValue>Subject Lien</idValue>
    <idCode>JE</idCode>
        <idValue>No Evidence of Property Damage Observed such as Dampness, Termites, or Structure Settlement</idValue>
    <idCode>JF</idCode>
        <idValue>Primary Underwriting System</idValue>
    <idCode>JH</idCode>
        <idValue>Pledged Loan</idValue>
    <idCode>JI</idCode>
        <idValue>Security Delivery</idValue>
    <idCode>JJ</idCode>
        <idValue>Secondary Underwriting System</idValue>
    <idCode>JK</idCode>
        <idValue>Distribution is Stopped</idValue>
    <idCode>JL</idCode>
        <idValue>Sentence was Suspended</idValue>
    <idCode>JM</idCode>
        <idValue>Very Negative Information Exists</idValue>
    <idCode>JN</idCode>
        <idValue>Payment Notes Exist</idValue>
    <idCode>JO</idCode>
        <idValue>Immigrated</idValue>
    <idCode>JP</idCode>
        <idValue>Audited with Qualifications</idValue>
    <idCode>JQ</idCode>
        <idValue>Audited</idValue>
    <idCode>JR</idCode>
        <idValue>Temporarily Closed</idValue>
    <idCode>JS</idCode>
        <idValue>Partial</idValue>
    <idCode>JT</idCode>
        <idValue>Telephone Number is Unpublished</idValue>
    <idCode>JU</idCode>
        <idValue>Telephone Number is Not in Service</idValue>
    <idCode>JV</idCode>
        <idValue>Negative Information Exists for the Group</idValue>
    <idCode>JW</idCode>
        <idValue>The More Important Items are Only Included</idValue>
    <idCode>JX</idCode>
        <idValue>Interest Owned by Affiliated Company</idValue>
    <idCode>JY</idCode>
        <idValue>Interest Owned by Subject of Inquiry</idValue>
    <idCode>K0</idCode>
        <idValue>Account Receivables Breakdown Undisclosed</idValue>
    <idCode>K1</idCode>
        <idValue>Additional Record Items Available</idValue>
    <idCode>K2</idCode>
        <idValue>Address is Qualified</idValue>
    <idCode>K3</idCode>
        <idValue>All Paid In or Issued</idValue>
    <idCode>K4</idCode>
        <idValue>Appears High</idValue>
    <idCode>K5</idCode>
        <idValue>Appears Not to Guarantee Sufficient Coverage</idValue>
    <idCode>K6</idCode>
        <idValue>Appears Sufficiently High</idValue>
    <idCode>K7</idCode>
        <idValue>Appears to Indicate a Strained Situation</idValue>
    <idCode>K8</idCode>
        <idValue>Banks with Main National Banks</idValue>
    <idCode>K9</idCode>
        <idValue>Bills Paid from Branch Office</idValue>
    <idCode>KA</idCode>
        <idValue>Bills Paid from Division Office</idValue>
    <idCode>KB</idCode>
        <idValue>Bills Paid from Headquarters Office</idValue>
    <idCode>KC</idCode>
        <idValue>Bond Information Available</idValue>
    <idCode>KD</idCode>
        <idValue>Changed Accounting Date</idValue>
    <idCode>KE</idCode>
        <idValue>Clear</idValue>
    <idCode>KF</idCode>
        <idValue>Clear Declining Tendency</idValue>
    <idCode>KG</idCode>
        <idValue>Clear Increase</idValue>
    <idCode>KH</idCode>
        <idValue>Cluttered</idValue>
    <idCode>KI</idCode>
        <idValue>Company has No Other Locations</idValue>
    <idCode>KJ</idCode>
        <idValue>Company is Branch of Foreign Entity</idValue>
    <idCode>KK</idCode>
        <idValue>Company is Perpetual</idValue>
    <idCode>KL</idCode>
        <idValue>Company is Tax Exempt</idValue>
    <idCode>KM</idCode>
        <idValue>Compared to Same Period Last Year</idValue>
    <idCode>KN</idCode>
        <idValue>Conducted at a Loss</idValue>
    <idCode>KO</idCode>
        <idValue>Inventory Valued using FIFO (First In/First Out)</idValue>
    <idCode>KP</idCode>
        <idValue>Large</idValue>
    <idCode>KQ</idCode>
        <idValue>Letter of Agreement Present</idValue>
    <idCode>KR</idCode>
        <idValue>Letter of Agreement Withdrawn</idValue>
    <idCode>KS</idCode>
        <idValue>Letter of Liability Present</idValue>
    <idCode>KT</idCode>
        <idValue>Letter of Liability Withdrawn</idValue>
    <idCode>KU</idCode>
        <idValue>Location Inquired Upon is a Branch</idValue>
    <idCode>KV</idCode>
        <idValue>Location Inquired Upon is a Branch; Headquarters is Provided</idValue>
    <idCode>KW</idCode>
        <idValue>Location inquired upon is a Headquarters</idValue>
    <idCode>KX</idCode>
        <idValue>Location is Foreign</idValue>
    <idCode>KY</idCode>
        <idValue>Means Exhausted</idValue>
    <idCode>KZ</idCode>
        <idValue>Medium to Large</idValue>
    <idCode>L1</idCode>
        <idValue>General Standard of 20 Degree or .5 Diopter Sphere or Cylinder Change Met</idValue>
    <idCode>L2</idCode>
        <idValue>Replacement Due to Loss or Theft</idValue>
    <idCode>L3</idCode>
        <idValue>Replacement Due to Breakage or Damage</idValue>
    <idCode>L4</idCode>
        <idValue>Replacement Due to Patient Preference</idValue>
    <idCode>L5</idCode>
        <idValue>Replacement Due to Medical Reason</idValue>
    <idCode>L6</idCode>
        <idValue>Land Contract</idValue>
    <idCode>L7</idCode>
        <idValue>Account Current</idValue>
    <idCode>LA</idCode>
        <idValue>Letter of Map Amendment or Letter of Map Revision</idValue>
    <idCode>LB</idCode>
        <idValue>Legally Blind</idValue>
    <idCode>LC</idCode>
        <idValue>Producer of Goods</idValue>
    <idCode>LD</idCode>
        <idValue>Drawback Indicator</idValue>
    <idCode>LE</idCode>
        <idValue>Lethargic</idValue>
    <idCode>LF</idCode>
        <idValue>Customs Rule Applicable</idValue>
    <idCode>LG</idCode>
        <idValue>Exported Pursuant to Law Regulation or to Cancel Customs Bond</idValue>
    <idCode>LH</idCode>
        <idValue>Country of Origin Information Applies to All Prior Shipments</idValue>
    <idCode>LI</idCode>
        <idValue>Price Estimated</idValue>
    <idCode>LJ</idCode>
        <idValue>North American Free Trade Agreement (NAFTA) Preference</idValue>
    <idCode>LK</idCode>
        <idValue>Kit Form</idValue>
    <idCode>LL</idCode>
        <idValue>Lockout Effective</idValue>
    <idCode>LM</idCode>
        <idValue>Letter of Appointment</idValue>
    <idCode>LO</idCode>
        <idValue>Locomotive is Isolated</idValue>
    <idCode>LP</idCode>
        <idValue>Low Engine Oil Pressure</idValue>
    <idCode>LR</idCode>
        <idValue>Locomotive Engine is Running</idValue>
    <idCode>LS</idCode>
        <idValue>Lessee Signature on File</idValue>
    <idCode>LT</idCode>
        <idValue>Lender or Servicer Transfer</idValue>
    <idCode>LU</idCode>
        <idValue>Evidence of Dampness</idValue>
    <idCode>LV</idCode>
        <idValue>Evidence of Termites</idValue>
    <idCode>LW</idCode>
        <idValue>Evidence of Structure Settlement</idValue>
    <idCode>M1</idCode>
        <idValue>Data Corrected</idValue>
    <idCode>M2</idCode>
        <idValue>Servicer Record Selected</idValue>
    <idCode>MA</idCode>
        <idValue>Major Alarm Flag Reported</idValue>
    <idCode>MB</idCode>
        <idValue>Equipment has Modified Configuration</idValue>
    <idCode>MC</idCode>
        <idValue>Other Mental Condition</idValue>
    <idCode>MD</idCode>
        <idValue>Marketing Time is 4 to 6 Months</idValue>
    <idCode>MF</idCode>
        <idValue>Microprocessor Fault</idValue>
    <idCode>MG</idCode>
        <idValue>Mortgage Insurance Application Included</idValue>
    <idCode>MH</idCode>
        <idValue>Mortgage Credit Report Included</idValue>
    <idCode>MI</idCode>
        <idValue>Residential Loan Application Included</idValue>
    <idCode>MJ</idCode>
        <idValue>Real Estate Information Report Included</idValue>
    <idCode>MK</idCode>
        <idValue>Real Estate Title Evidence Included</idValue>
    <idCode>ML</idCode>
        <idValue>Manually Search and List</idValue>
    <idCode>MM</idCode>
        <idValue>Property is Occupied by Tenant (Market Rent)</idValue>
    <idCode>MN</idCode>
        <idValue>Property is Occupied by Tenant (Regulated Rent)</idValue>
    <idCode>MO</idCode>
        <idValue>Cooperative Project Includes or Owns Any Commercial Units</idValue>
    <idCode>MP</idCode>
        <idValue>Units and Project Amenities are Complete</idValue>
    <idCode>MQ</idCode>
        <idValue>Eligible Trust</idValue>
    <idCode>MR</idCode>
        <idValue>Resale Property</idValue>
    <idCode>MS</idCode>
        <idValue>Miscellaneous Skip-Trace Attempt</idValue>
    <idCode>MT</idCode>
        <idValue>Photos Match Description</idValue>
    <idCode>MU</idCode>
        <idValue>Photos Show Negative Influence</idValue>
    <idCode>MV</idCode>
        <idValue>Exclude from Monthly Debt</idValue>
    <idCode>MW</idCode>
        <idValue>This Broker Market Analysis is being Completed for Home Market Assistance</idValue>
    <idCode>MX</idCode>
        <idValue>This Broker Market Analysis is being Completed for Homesale or Buyout</idValue>
    <idCode>MY</idCode>
        <idValue>Project Type is Single Family</idValue>
    <idCode>MZ</idCode>
        <idValue>Project Type is Other</idValue>
    <idCode>NA</idCode>
        <idValue>No User Available</idValue>
    <idCode>NB</idCode>
        <idValue>Neighborhood Predominately Single Family Dwellings</idValue>
    <idCode>NC</idCode>
        <idValue>Item has Direct Numerical Control</idValue>
    <idCode>ND</idCode>
        <idValue>Note Holder Permission Required</idValue>
    <idCode>NE</idCode>
        <idValue>Notarized</idValue>
    <idCode>NF</idCode>
        <idValue>New Construction</idValue>
    <idCode>NG</idCode>
        <idValue>Mortgage Points are Customarily Paid by Seller</idValue>
    <idCode>NH</idCode>
        <idValue>No National Flood Insurance Program map</idValue>
    <idCode>NI</idCode>
        <idValue>Seasoned Mortgage</idValue>
    <idCode>NJ</idCode>
        <idValue>Issues are Anticipated that would Affect the Ability to Secure Financing of the Subject Property</idValue>
    <idCode>NK</idCode>
        <idValue>Citizenship</idValue>
    <idCode>NL</idCode>
        <idValue>Group Disability Insurance Mandatory</idValue>
    <idCode>NN</idCode>
        <idValue>Answer to Referenced Question is &quot;None&quot;</idValue>
    <idCode>NP</idCode>
        <idValue>Certification of a Non-attorney Bankruptcy Petition Preparer</idValue>
    <idCode>NR</idCode>
        <idValue>No Restrictions</idValue>
    <idCode>NU</idCode>
        <idValue>Not Used</idValue>
    <idCode>OL</idCode>
        <idValue>Other Limitation</idValue>
    <idCode>OO</idCode>
        <idValue>Own other Federal Housing Administration Property</idValue>
    <idCode>OP</idCode>
        <idValue>Out of Range Product Temperature</idValue>
    <idCode>OR</idCode>
        <idValue>Other Restrictions</idValue>
    <idCode>OT</idCode>
        <idValue>Oriented</idValue>
    <idCode>OV</idCode>
        <idValue>Overridden</idValue>
    <idCode>P1</idCode>
        <idValue>Patient was Discharged from the First Facility</idValue>
    <idCode>P2</idCode>
        <idValue>Patient was Admitted to the Second Facility</idValue>
    <idCode>P3</idCode>
        <idValue>Property has a Family Room or Den</idValue>
    <idCode>P4</idCode>
        <idValue>Property has Central Air Conditioning</idValue>
    <idCode>P5</idCode>
        <idValue>Property Typical of Neighborhood</idValue>
    <idCode>P6</idCode>
        <idValue>Property Deferred Maintenance Typical of Neighborhood</idValue>
    <idCode>P9</idCode>
        <idValue>Property Intended to be Occupied as Primary Residence</idValue>
    <idCode>PA</idCode>
        <idValue>Paralysis</idValue>
    <idCode>PB</idCode>
        <idValue>Phone Skip Begin</idValue>
    <idCode>PC</idCode>
        <idValue>Plan is Attached</idValue>
    <idCode>PD</idCode>
        <idValue>Phone Skip Resolved</idValue>
    <idCode>PE</idCode>
        <idValue>Phone Skip Exhaust</idValue>
    <idCode>PF</idCode>
        <idValue>Paid Outside of Closing</idValue>
    <idCode>PG</idCode>
        <idValue>Project is Subject to Ground Rent</idValue>
    <idCode>PH</idCode>
        <idValue>Prepayable</idValue>
    <idCode>PI</idCode>
        <idValue>Program</idValue>
    <idCode>PK</idCode>
        <idValue>Preliminary Flood Determination</idValue>
    <idCode>PM</idCode>
        <idValue>Project and Services Budget is Maintained</idValue>
    <idCode>PO</idCode>
        <idValue>Personal Property Onsite</idValue>
    <idCode>PP</idCode>
        <idValue>Property Previously Winterized</idValue>
    <idCode>PR</idCode>
        <idValue>Poor</idValue>
    <idCode>PS</idCode>
        <idValue>Publication is Included in Sharing</idValue>
    <idCode>PT</idCode>
        <idValue>Project is Complete</idValue>
    <idCode>PV</idCode>
        <idValue>Property Vacant 0-5 Percent</idValue>
    <idCode>PW</idCode>
        <idValue>Partial Weight Bearing</idValue>
    <idCode>PY</idCode>
        <idValue>Property for Sale</idValue>
    <idCode>PZ</idCode>
        <idValue>Property Vacant Over 5 Percent</idValue>
    <idCode>Q1</idCode>
        <idValue>Export Product</idValue>
    <idCode>Q2</idCode>
        <idValue>Distilled Spirit, Beer or Wine</idValue>
    <idCode>Q3</idCode>
        <idValue>U.S. Goods Returned</idValue>
    <idCode>Q4</idCode>
        <idValue>Candidate for U.S. Customs Service Protest</idValue>
    <idCode>Q5</idCode>
        <idValue>Domestic Product</idValue>
    <idCode>Q6</idCode>
        <idValue>Prior Approval Letter and Official Orders on File</idValue>
    <idCode>Q7</idCode>
        <idValue>Importer&apos;s Substantiating Statement and Contract are on File</idValue>
    <idCode>Q8</idCode>
        <idValue>International Transport Movement</idValue>
    <idCode>Q9</idCode>
        <idValue>Piece Count should be Included in the Total Packing List Quantity</idValue>
    <idCode>QA</idCode>
        <idValue>Shipment should be Held at the Port</idValue>
    <idCode>QB</idCode>
        <idValue>Multiple States of Origin for this Item</idValue>
    <idCode>QC</idCode>
        <idValue>Multiple Countries of Origin for this Item</idValue>
    <idCode>QD</idCode>
        <idValue>Letter of Credit Restricted to a Specific Bank</idValue>
    <idCode>QE</idCode>
        <idValue>Letter of Credit Permits Transshipment</idValue>
    <idCode>QF</idCode>
        <idValue>Letter of Credit Covers Partial Shipments</idValue>
    <idCode>QG</idCode>
        <idValue>Dutiable Item</idValue>
    <idCode>QH</idCode>
        <idValue>Amounts should be Pro-rated across Line Items</idValue>
    <idCode>QI</idCode>
        <idValue>Toxic Substance Control Act (TSCA) Certification Required</idValue>
    <idCode>QJ</idCode>
        <idValue>Visa Required for this Item</idValue>
    <idCode>QK</idCode>
        <idValue>Item Subject to Quotas</idValue>
    <idCode>QL</idCode>
        <idValue>Item is a Set as Defined by the General Rules of Interpretation Section 3 (GRI3)</idValue>
    <idCode>QM</idCode>
        <idValue>Item is a Set</idValue>
    <idCode>QN</idCode>
        <idValue>Item is an Ensemble</idValue>
    <idCode>QO</idCode>
        <idValue>Item is a Metal Item</idValue>
    <idCode>QP</idCode>
        <idValue>Item is a Machine Part</idValue>
    <idCode>QQ</idCode>
        <idValue>Item is a Hazardous Item</idValue>
    <idCode>QR</idCode>
        <idValue>Item is Eligible under the Generalized System of Preferences (GSP)</idValue>
    <idCode>QS</idCode>
        <idValue>Quantity to be Imported has been Approved by the Necessary Agencies</idValue>
    <idCode>QT</idCode>
        <idValue>Filing Data is to be Withheld from Public Inspection</idValue>
    <idCode>QU</idCode>
        <idValue>Property Type Cooperative</idValue>
    <idCode>R1</idCode>
        <idValue>Debtor Holds Claim to Real Property</idValue>
    <idCode>R2</idCode>
        <idValue>Entity Claims to Hold a Secured Interest</idValue>
    <idCode>R3</idCode>
        <idValue>Debtor has Property of the Type Specified</idValue>
    <idCode>R4</idCode>
        <idValue>Debtor Elects the State Exemption</idValue>
    <idCode>R5</idCode>
        <idValue>Debtor Elects the Federal Exemption</idValue>
    <idCode>R6</idCode>
        <idValue>Co-debtor may be Jointly Liable</idValue>
    <idCode>R7</idCode>
        <idValue>Claim is Contingent</idValue>
    <idCode>R8</idCode>
        <idValue>Claim is Unliquidated</idValue>
    <idCode>R9</idCode>
        <idValue>Claim is Disputed</idValue>
    <idCode>RA</idCode>
        <idValue>Reference Telephone Attempt</idValue>
    <idCode>RB</idCode>
        <idValue>Debtor has No Creditors Holding Unsecured Priority Claims</idValue>
    <idCode>RC</idCode>
        <idValue>Reference Telephone Contact</idValue>
    <idCode>RD</idCode>
        <idValue>Rent Delinquent</idValue>
    <idCode>RE</idCode>
        <idValue>Claim is Subject to Setoff</idValue>
    <idCode>RF</idCode>
        <idValue>Debtor has No Executory Contracts or Unexpired Leases</idValue>
    <idCode>RG</idCode>
        <idValue>Lease is for Nonresidential Real Property</idValue>
    <idCode>RH</idCode>
        <idValue>Debtor has No Co-debtors</idValue>
    <idCode>RI</idCode>
        <idValue>Debtor is Married</idValue>
    <idCode>RJ</idCode>
        <idValue>Debtor&apos;s Spouse Maintains a Separate Household</idValue>
    <idCode>RK</idCode>
        <idValue>Real Estate Taxes are Included</idValue>
    <idCode>RL</idCode>
        <idValue>Property Insurance is Included</idValue>
    <idCode>RM</idCode>
        <idValue>Debtor has No Creditors Holding Secured Claims</idValue>
    <idCode>RN</idCode>
        <idValue>Rent Control</idValue>
    <idCode>RO</idCode>
        <idValue>Equipment is Rebuilt</idValue>
    <idCode>RP</idCode>
        <idValue>Individual Injured in Performance of Duty</idValue>
    <idCode>RQ</idCode>
        <idValue>Individual Injured by Third Party</idValue>
    <idCode>RR</idCode>
        <idValue>Quality of Management and its Enforcement of Rules and Regulations Based on General Appearances</idValue>
    <idCode>RS</idCode>
        <idValue>Pay Continued</idValue>
    <idCode>RT</idCode>
        <idValue>Sick Leave Taken</idValue>
    <idCode>RU</idCode>
        <idValue>Signature on File</idValue>
    <idCode>RV</idCode>
        <idValue>Low Refrigerant Capacity Shutdown</idValue>
    <idCode>RW</idCode>
        <idValue>Recent Defrost</idValue>
    <idCode>RX</idCode>
        <idValue>Rated Horsepower can be Produced</idValue>
    <idCode>RY</idCode>
        <idValue>Foreign Military Sale</idValue>
    <idCode>RZ</idCode>
        <idValue>Waiver of Prior Notice</idValue>
    <idCode>S1</idCode>
        <idValue>Services Provided at the Second Facility were available at the First Facility</idValue>
    <idCode>S2</idCode>
        <idValue>Under Treatment</idValue>
    <idCode>S3</idCode>
        <idValue>First Time Vacant</idValue>
    <idCode>S5</idCode>
        <idValue>Disclosure Indicator</idValue>
    <idCode>SA</idCode>
        <idValue>Subject Property is Currently Listed</idValue>
    <idCode>SB</idCode>
        <idValue>Debtor is a Small Business as Defined in 11 U.S.C. Section 101</idValue>
    <idCode>SC</idCode>
        <idValue>Special Services are Mobile Home Only</idValue>
    <idCode>SD</idCode>
        <idValue>Special Services are Leasehold or Mobile Home or Both</idValue>
    <idCode>SE</idCode>
        <idValue>Debtor Elects to be Considered as a Small Business Under 11 U.S.C. Section 1121(e)</idValue>
    <idCode>SF</idCode>
        <idValue>Sensor Fault</idValue>
    <idCode>SG</idCode>
        <idValue>Street Lights are Public</idValue>
    <idCode>SH</idCode>
        <idValue>Special Services are Leasehold or Subleasehold or Both</idValue>
    <idCode>SL</idCode>
        <idValue>Speech Limitations</idValue>
    <idCode>SM</idCode>
        <idValue>Currently Serving in Military</idValue>
    <idCode>SN</idCode>
        <idValue>Major Base Support</idValue>
    <idCode>SO</idCode>
        <idValue>Critical Support Level Met</idValue>
    <idCode>SP</idCode>
        <idValue>Street is Public</idValue>
    <idCode>SQ</idCode>
        <idValue>Local Wages in Effect</idValue>
    <idCode>SR</idCode>
        <idValue>Federal Worker Displacement</idValue>
    <idCode>ST</idCode>
        <idValue>New Services Requested</idValue>
    <idCode>SU</idCode>
        <idValue>Continued Services Requested</idValue>
    <idCode>SV</idCode>
        <idValue>Major Corporation/High Tech</idValue>
    <idCode>SW</idCode>
        <idValue>Sidewalk is Public</idValue>
    <idCode>SX</idCode>
        <idValue>Collective Bargaining Agreement Sent by Mail</idValue>
    <idCode>SY</idCode>
        <idValue>Collective Bargaining Agreement Sent by Facsimile</idValue>
    <idCode>SZ</idCode>
        <idValue>Contract</idValue>
    <idCode>T1</idCode>
        <idValue>Road Test Performed with No Problems Reported</idValue>
    <idCode>T2</idCode>
        <idValue>Road Test Performed with Problems Reported</idValue>
    <idCode>T3</idCode>
        <idValue>Tires&apos; Brand Match</idValue>
    <idCode>T4</idCode>
        <idValue>Real Estate Taxes are Current</idValue>
    <idCode>T5</idCode>
        <idValue>Hazard Insurance is Current</idValue>
    <idCode>T6</idCode>
        <idValue>Terminate Guarantee</idValue>
    <idCode>TA</idCode>
        <idValue>Collective Bargaining Agreement Sent by Electronic Bulletin Board</idValue>
    <idCode>TB</idCode>
        <idValue>Debtor has No Creditors Holding Unsecured Nonpriority Claims</idValue>
    <idCode>TC</idCode>
        <idValue>Transport via Cargo Aircraft</idValue>
    <idCode>TD</idCode>
        <idValue>Annual Leave Taken</idValue>
    <idCode>TE</idCode>
        <idValue>Item is Special Test Equipment</idValue>
    <idCode>TF</idCode>
        <idValue>Operates as Representative For Others</idValue>
    <idCode>TM</idCode>
        <idValue>Traction Motor is Cut Out</idValue>
    <idCode>TP</idCode>
        <idValue>Transport via Passenger Aircraft</idValue>
    <idCode>TR</idCode>
        <idValue>Transfer to Bed, or Chair, or Both</idValue>
    <idCode>TV</idCode>
        <idValue>Telephone Number Verified</idValue>
    <idCode>U1</idCode>
        <idValue>Minimal Change</idValue>
    <idCode>U2</idCode>
        <idValue>Neat Appearance</idValue>
    <idCode>U3</idCode>
        <idValue>Net Worth Computed after Exemptions</idValue>
    <idCode>U4</idCode>
        <idValue>Net Worth Considerably Higher</idValue>
    <idCode>U5</idCode>
        <idValue>Net Worth Higher</idValue>
    <idCode>U6</idCode>
        <idValue>No Employees</idValue>
    <idCode>U7</idCode>
        <idValue>No Employees - Business Managed by Owner</idValue>
    <idCode>U8</idCode>
        <idValue>No Employees - Business Managed by Partners</idValue>
    <idCode>U9</idCode>
        <idValue>Not Out of Business</idValue>
    <idCode>UA</idCode>
        <idValue>Uninsurable, 1316 Property</idValue>
    <idCode>UB</idCode>
        <idValue>Conducted at a Profit</idValue>
    <idCode>UC</idCode>
        <idValue>Contingent Debt Indicated</idValue>
    <idCode>UD</idCode>
        <idValue>Continue</idValue>
    <idCode>UE</idCode>
        <idValue>Contracts Obtained by Bid</idValue>
    <idCode>UF</idCode>
        <idValue>Contracts Obtained by Negotiation</idValue>
    <idCode>UG</idCode>
        <idValue>Converted to Holding Company</idValue>
    <idCode>UH</idCode>
        <idValue>Cross Claim Filed</idValue>
    <idCode>UI</idCode>
        <idValue>Declining Tendency</idValue>
    <idCode>UJ</idCode>
        <idValue>Detrimental Events in Past, Relating to Business</idValue>
    <idCode>UK</idCode>
        <idValue>Detrimental Events in Past, Relating to Management</idValue>
    <idCode>UL</idCode>
        <idValue>Down or Decline or Decreased</idValue>
    <idCode>UM</idCode>
        <idValue>Employees Include Officers</idValue>
    <idCode>UN</idCode>
        <idValue>Uncooperative</idValue>
    <idCode>UO</idCode>
        <idValue>Employees Include Owners</idValue>
    <idCode>UP</idCode>
        <idValue>Employees Include Partners</idValue>
    <idCode>UQ</idCode>
        <idValue>Employees Include Temporary Workers</idValue>
    <idCode>UR</idCode>
        <idValue>Employees Vary According to Needs</idValue>
    <idCode>US</idCode>
        <idValue>Enclosed</idValue>
    <idCode>UT</idCode>
        <idValue>Up as Tolerated</idValue>
    <idCode>UU</idCode>
        <idValue>Extent of Audit, if any, Not Indicated</idValue>
    <idCode>UV</idCode>
        <idValue>Favorable Personal Reputation</idValue>
    <idCode>UW</idCode>
        <idValue>Figures are Abbreviated</idValue>
    <idCode>UX</idCode>
        <idValue>Figures are Converted to Agency Format</idValue>
    <idCode>UY</idCode>
        <idValue>Figures are Individual</idValue>
    <idCode>UZ</idCode>
        <idValue>Figures are Restated</idValue>
    <idCode>V1</idCode>
        <idValue>Valid Borrower Address or Phone Attempt with School Attended</idValue>
    <idCode>V2</idCode>
        <idValue>Lender Determined Borrower Moved Out of State</idValue>
    <idCode>V3</idCode>
        <idValue>Lender Determined Borrower Moved Back into State</idValue>
    <idCode>V4</idCode>
        <idValue>Lender Determined Borrower Incarcerated</idValue>
    <idCode>V5</idCode>
        <idValue>Lender Determined Borrower No Longer Incarcerated</idValue>
    <idCode>V6</idCode>
        <idValue>Original</idValue>
    <idCode>V7</idCode>
        <idValue>True and Exact Copy</idValue>
    <idCode>VA</idCode>
        <idValue>Intercompany Relations Exist</idValue>
    <idCode>VB</idCode>
        <idValue>Inventory Valued at Lower of Cost or Market</idValue>
    <idCode>VC</idCode>
        <idValue>Inventory Valued at Other Methods</idValue>
    <idCode>VD</idCode>
        <idValue>Operates as Sole Agent</idValue>
    <idCode>VE</idCode>
        <idValue>Without Personal Judgment</idValue>
    <idCode>VF</idCode>
        <idValue>Work is Subcontracted</idValue>
    <idCode>VG</idCode>
        <idValue>Not Registered</idValue>
    <idCode>VH</idCode>
        <idValue>Immediate Attention Required</idValue>
    <idCode>VI</idCode>
        <idValue>Vehicle Inspection Report Completed</idValue>
    <idCode>VJ</idCode>
        <idValue>Middle to Medium</idValue>
    <idCode>VK</idCode>
        <idValue>Rent Control Likely</idValue>
    <idCode>VL</idCode>
        <idValue>Furnished</idValue>
    <idCode>VM</idCode>
        <idValue>Price Range Single Family or Planned Unit Development Not Applicable</idValue>
    <idCode>VN</idCode>
        <idValue>Price Range Condominium Not Applicable</idValue>
    <idCode>VO</idCode>
        <idValue>Price Range Two to Four Family Not Applicable</idValue>
    <idCode>VT</idCode>
        <idValue>Commercial Motor Vehicle was Involved in this Conviction</idValue>
    <idCode>VU</idCode>
        <idValue>Commercial Motor Vehicle was Carrying Hazardous Materials when the Offense was Committed</idValue>
    <idCode>W1</idCode>
        <idValue>New Registration</idValue>
    <idCode>W2</idCode>
        <idValue>Mailing Address Change</idValue>
    <idCode>W3</idCode>
        <idValue>Residence Address Change</idValue>
    <idCode>W4</idCode>
        <idValue>Name Change</idValue>
    <idCode>W5</idCode>
        <idValue>Party Enrollment Change</idValue>
    <idCode>W6</idCode>
        <idValue>Needs Absentee Ballot</idValue>
    <idCode>W7</idCode>
        <idValue>Would Like to be Election Day Worker</idValue>
    <idCode>W8</idCode>
        <idValue>Duplicate Registration</idValue>
    <idCode>W9</idCode>
        <idValue>Forwarded Application</idValue>
    <idCode>WA</idCode>
        <idValue>Walker Required</idValue>
    <idCode>WB</idCode>
        <idValue>Water On</idValue>
    <idCode>WC</idCode>
        <idValue>Application Incomplete</idValue>
    <idCode>WD</idCode>
        <idValue>Vehicle Plate Surrendered</idValue>
    <idCode>WE</idCode>
        <idValue>Written Notice to Note Holder</idValue>
    <idCode>WF</idCode>
        <idValue>Written Notice to Borrower</idValue>
    <idCode>WG</idCode>
        <idValue>Within Specified Time Period</idValue>
    <idCode>WH</idCode>
        <idValue>Within Specified Range</idValue>
    <idCode>WI</idCode>
        <idValue>Injury was Work Related</idValue>
    <idCode>WK</idCode>
        <idValue>Summary Level Information</idValue>
    <idCode>WL</idCode>
        <idValue>Detail Level Information</idValue>
    <idCode>WM</idCode>
        <idValue>Non-occupant Co-borrower</idValue>
    <idCode>WN</idCode>
        <idValue>Unit is a Studio (Efficiency)</idValue>
    <idCode>WO</idCode>
        <idValue>Equipment in Working Order</idValue>
    <idCode>WP</idCode>
        <idValue>To be Watched</idValue>
    <idCode>WR</idCode>
        <idValue>Wheelchair Required</idValue>
    <idCode>WS</idCode>
        <idValue>Balance Sheet Filed</idValue>
    <idCode>WT</idCode>
        <idValue>Winterized Tag Observed</idValue>
    <idCode>WU</idCode>
        <idValue>Material Safety Data Sheet</idValue>
    <idCode>WV</idCode>
        <idValue>Accepts Credit Cards</idValue>
    <idCode>WW</idCode>
        <idValue>All Purchases Made from Headquarters</idValue>
    <idCode>WX</idCode>
        <idValue>Busy</idValue>
    <idCode>WY</idCode>
        <idValue>Excessive</idValue>
    <idCode>WZ</idCode>
        <idValue>Fairly new</idValue>
    <idCode>XA</idCode>
        <idValue>Figures are Average</idValue>
    <idCode>XB</idCode>
        <idValue>Imports</idValue>
    <idCode>XC</idCode>
        <idValue>In Process of Establishing</idValue>
    <idCode>XD</idCode>
        <idValue>Intercompany Relations Consist of Endorsements</idValue>
    <idCode>XE</idCode>
        <idValue>Intercompany Relations Consist of Guarantees</idValue>
    <idCode>XF</idCode>
        <idValue>Intercompany Relations Consist of Leasing Arrangements</idValue>
    <idCode>XG</idCode>
        <idValue>Intercompany Relations Consist of Sharing Accounting</idValue>
    <idCode>XH</idCode>
        <idValue>Intercompany Relations Consist of Sharing Facilities</idValue>
    <idCode>XI</idCode>
        <idValue>Intercompany Relations Consist of Sharing Management</idValue>
    <idCode>XJ</idCode>
        <idValue>Intercompany Relations Consist of Sharing Personnel</idValue>
    <idCode>XK</idCode>
        <idValue>Interest in Other Business(es) Along with Family</idValue>
    <idCode>XL</idCode>
        <idValue>Interest in Other Business(es) Along with Others in Reported Company</idValue>
    <idCode>XM</idCode>
        <idValue>Inventory Valued at Company&apos;s Estimates</idValue>
    <idCode>XN</idCode>
        <idValue>Inventory Valued at Cost</idValue>
    <idCode>XO</idCode>
        <idValue>Inventory Valued using AVCO (Average Cost)</idValue>
    <idCode>XP</idCode>
        <idValue>Joint Ownership</idValue>
    <idCode>XQ</idCode>
        <idValue>Leases with No Rent Payments</idValue>
    <idCode>XR</idCode>
        <idValue>Leases with Option to Buy</idValue>
    <idCode>XS</idCode>
        <idValue>Leases with Token Payment</idValue>
    <idCode>XT</idCode>
        <idValue>Limited</idValue>
    <idCode>XU</idCode>
        <idValue>Located for Several Years</idValue>
    <idCode>XV</idCode>
        <idValue>Located Since Opening</idValue>
    <idCode>XW</idCode>
        <idValue>Modern</idValue>
    <idCode>XX</idCode>
        <idValue>Non-Existent</idValue>
    <idCode>XY</idCode>
        <idValue>Officer or Owner in Other Businesses in the Same Field</idValue>
    <idCode>XZ</idCode>
        <idValue>Operates as a Distributor for Others</idValue>
    <idCode>YA</idCode>
        <idValue>Operates from Residence</idValue>
    <idCode>YB</idCode>
        <idValue>Operates under License by Others</idValue>
    <idCode>YC</idCode>
        <idValue>Rents from Month to Month</idValue>
    <idCode>YD</idCode>
        <idValue>Semi-modern</idValue>
    <idCode>YE</idCode>
        <idValue>Under Construction</idValue>
    <idCode>YF</idCode>
        <idValue>Unlimited</idValue>
    <idCode>YG</idCode>
        <idValue>Used</idValue>
    <idCode>YH</idCode>
        <idValue>Variable</idValue>
    <idCode>YJ</idCode>
        <idValue>Contact is Unchanged From Previous Report</idValue>
    <idCode>ZA</idCode>
        <idValue>Customer - Configuration Change is Required</idValue>
    <idCode>ZB</idCode>
        <idValue>Condition Board of Inspection and Survey (INSURV) is Mission Degrading</idValue>
    <idCode>ZC</idCode>
        <idValue>Condition Board of Inspection and Survey (INSURV) is Maintenance Related</idValue>
    <idCode>ZD</idCode>
        <idValue>Condition Board of Inspection and Survey (INSURV) is Safety Related</idValue>
    <idCode>ZE</idCode>
        <idValue>Repair is Mission Essential</idValue>
    <idCode>ZF</idCode>
        <idValue>Repair is Safety Essential</idValue>
    <idCode>ZG</idCode>
        <idValue>Periodic Maintenance is Required</idValue>
    <idCode>ZH</idCode>
        <idValue>Condition Board of Inspection and Survey (INSURV) Discrepancy is Corrected</idValue>
    <idCode>ZI</idCode>
        <idValue>Progress is in Jeopardy</idValue>
    <idCode>ZK</idCode>
        <idValue>Final - Configuration Change is Required</idValue>
    <idCode>ZL</idCode>
        <idValue>Final - Delivery to Shop is Required</idValue>
    <idCode>ZM</idCode>
        <idValue>Final - Requestor Workforce will Assist</idValue>
    <idCode>ZN</idCode>
        <idValue>Job is Level 2</idValue>
    <idCode>ZO</idCode>
        <idValue>Preliminary - Configuration Change is Required</idValue>
    <idCode>ZP</idCode>
        <idValue>Preliminary - Delivery to Shop is Required</idValue>
    <idCode>ZQ</idCode>
        <idValue>Preliminary - Requestor Workforce will Assist</idValue>
    <idCode>ZR</idCode>
        <idValue>Configuration Change is Associated with Time Meter</idValue>
    <idCode>ZS</idCode>
        <idValue>Shop Has Lead Responsibility</idValue>
    <idCode>ZT</idCode>
        <idValue>Estimate is Derived From Job Template</idValue>
    <idCode>ZU</idCode>
        <idValue>Requestor Holds Technical Documentation</idValue>
    <idCode>ZW</idCode>
        <idValue>Canadian Standards Association (CSA) Approved</idValue>
    <idCode>ZY</idCode>
        <idValue>Underwriters Laboratory (UL) Approved</idValue>
    <idCode>ZZ</idCode>
        <idValue>Mutually Defined</idValue>
</idList>
