<?xml version="1.0" encoding="UTF-8"?>
<!DOCTYPE transactionSet SYSTEM "transactionSetRules.dtd">
<!-- Revision 3.0.0 data/OBOE, docs, January 17, 2008, -->
<transactionSet name="Name and Address Lists" id="101"
  revision="004010"
  functionalGroup="NL"
  description="This Draft Standard for Trial Use contains the format and establishes the data contents of the Name and Address Lists Transaction Set (101) for use within the context of an Electronic Data Interchange (EDI) environment. This transaction can be used to facilitate the rental or exchange of name and address mailing lists between direct marketing companies."
  xmlTag="NameAndAddressLists">
    <table section="header">
        <segment name="Transaction Set Header" id="ST"
          description="To indicate the start of a transaction set and to assign a control number"
          sequence="10"
          occurs="1"
          required='M'
          xmlTag="TransactionSetHeader">
            <dataElement name="Transaction Set Identifier Code" id="143"
              sequence="1"
              description="Code uniquely identifying a Transaction Set"
              type="ID" required="M"
              minLength="3" maxLength="3"
              xmlTag="transactionSetIdentifierCode">
              <idListFile fileName="IDList143.xml"/>
            </dataElement>
            <dataElement name="Transaction Set Control Number" id="329"
              sequence="2"
              description="Identifying control number that must be unique within the transaction set functional group assigned by the originator for a transaction set"
              type="AN" required="M"
              minLength="4" maxLength="9"
              xmlTag="transactionSetControlNumber"/>
        </segment>
        <segment name="Beginning Segment" id="BGN"
          description="To indicate the beginning of a transaction set"
          sequence="20"
          occurs="1"
          required='M'
          xmlTag="BeginningSegment">
            <dataElement name="Transaction Set Purpose Code" id="353"
              sequence="1"
              description="Code identifying purpose of transaction set"
              type="ID" required="M"
              minLength="2" maxLength="2"
              xmlTag="transactionSetPurposeCode">
              <idListFile fileName="IDList353.xml"/>
            </dataElement>
            <dataElement name="Reference Identification" id="127"
              sequence="2"
              description="Reference information as defined for a particular Transaction Set or as specified by the Reference Identification Qualifier"
              type="AN" required="M"
              minLength="1" maxLength="30"
              xmlTag="referenceIdentification"/>
            <dataElement name="Date" id="373"
              sequence="3"
              description="Date expressed as CCYYMMDD"
              type="DT" required="M"
              minLength="8" maxLength="8"
              xmlTag="date"/>
            <dataElement name="Time" id="337"
              sequence="4"
              description="Time expressed in 24-hour clock time as follows: HHMM, or HHMMSS, or HHMMSSD, or HHMMSSDD, where H = hours (00-23), M = minutes (00-59), S = integer seconds (00-59) and DD = decimal seconds; decimal seconds are expressed as follows: D = tenths (0-9) and DD = hundredths (00-99)"
              type="TM" required="X"
              minLength="4" maxLength="8"
              xmlTag="time"/>
            <dataElement name="Time Code" id="623"
              sequence="5"
              description="Code identifying the time. In accordance with International Standards Organization standard 8601, time can be specified by a + or - and an indication in hours in relation to Universal Time Coordinate (UTC) time; since + is a restricted character, + and - are substituted by P and M in the codes that follow"
              type="ID" required="O"
              minLength="2" maxLength="2"
              xmlTag="timeCode">
              <idListFile fileName="IDList623.xml"/>
            </dataElement>
            <dataElement name="Reference Identification" id="127"
              sequence="6"
              description="Reference information as defined for a particular Transaction Set or as specified by the Reference Identification Qualifier"
              type="AN" required="O"
              minLength="1" maxLength="30"
              xmlTag="referenceIdentification"/>
            <dataElement name="Transaction Type Code" id="640"
              sequence="7"
              description="Code specifying the type of transaction"
              type="ID" required="O"
              minLength="2" maxLength="2"
              xmlTag="transactionTypeCode">
              <idListFile fileName="IDList640.xml"/>
            </dataElement>
            <dataElement name="Action Code" id="306"
              sequence="8"
              description="Code indicating type of action"
              type="ID" required="O"
              minLength="1" maxLength="2"
              xmlTag="actionCode">
              <idListFile fileName="IDList306.xml"/>
            </dataElement>
            <dataElement name="Security Level Code" id="786"
              sequence="9"
              description="Code indicating the level of confidentiality assigned by the sender to the information following"
              type="ID" required="O"
              minLength="2" maxLength="2"
              xmlTag="securityLevelCode">
              <idListFile fileName="IDList786.xml"/>
            </dataElement>
        </segment>
        <loop  name="Date/Time Reference" id="DTM"
          occurs="-1"
          required='M'
          xmlTag="DateTimeReference">
            <segment name="Date/Time Reference" id="DTM"
              description="To specify pertinent dates and times"
              sequence="30"
              occurs="1"
              required='M'
              xmlTag="DateTimeReference">
                <dataElement name="Date/Time Qualifier" id="374"
                  sequence="1"
                  description="Code specifying type of date or time, or both date and time"
                  type="ID" required="M"
                  minLength="3" maxLength="3"
                  xmlTag="dateTimeQualifier">
                  <idListFile fileName="IDList374.xml"/>
                </dataElement>
                <dataElement name="Date" id="373"
                  sequence="2"
                  description="Date expressed as CCYYMMDD"
                  type="DT" required="X"
                  minLength="8" maxLength="8"
                  xmlTag="date"/>
                <dataElement name="Time" id="337"
                  sequence="3"
                  description="Time expressed in 24-hour clock time as follows: HHMM, or HHMMSS, or HHMMSSD, or HHMMSSDD, where H = hours (00-23), M = minutes (00-59), S = integer seconds (00-59) and DD = decimal seconds; decimal seconds are expressed as follows: D = tenths (0-9) and DD = hundredths (00-99)"
                  type="TM" required="X"
                  minLength="4" maxLength="8"
                  xmlTag="time"/>
                <dataElement name="Time Code" id="623"
                  sequence="4"
                  description="Code identifying the time. In accordance with International Standards Organization standard 8601, time can be specified by a + or - and an indication in hours in relation to Universal Time Coordinate (UTC) time; since + is a restricted character, + and - are substituted by P and M in the codes that follow"
                  type="ID" required="O"
                  minLength="2" maxLength="2"
                  xmlTag="timeCode">
                  <idListFile fileName="IDList623.xml"/>
                </dataElement>
                <dataElement name="Date Time Period Format Qualifier" id="1250"
                  sequence="5"
                  description="Code indicating the date format, time format, or date and time format"
                  type="ID" required="X"
                  minLength="2" maxLength="3"
                  xmlTag="dateTimePeriodFormatQualifier">
                  <idListFile fileName="IDList1250.xml"/>
                </dataElement>
                <dataElement name="Date Time Period" id="1251"
                  sequence="6"
                  description="Expression of a date, a time, or range of dates, times or dates and times"
                  type="AN" required="X"
                  minLength="1" maxLength="35"
                  xmlTag="dateTimePeriod"/>
            </segment>
            <segment name="Name" id="N1"
              description="To identify a party by type of organization, name, and code"
              sequence="40"
              occurs="-1"
              required='M'
              xmlTag="Name">
                <dataElement name="Entity Identifier Code" id="98"
                  sequence="1"
                  description="Code identifying an organizational entity, a physical location, property or an individual"
                  type="ID" required="M"
                  minLength="2" maxLength="3"
                  xmlTag="entityIdentifierCode">
                  <idListFile fileName="IDList98.xml"/>
                </dataElement>
                <dataElement name="Name" id="93"
                  sequence="2"
                  description="Free-form name"
                  type="AN" required="X"
                  minLength="1" maxLength="60"
                  xmlTag="name"/>
                <dataElement name="Identification Code Qualifier" id="66"
                  sequence="3"
                  description="Code designating the system/method of code structure used for Identification Code (67)"
                  type="ID" required="X"
                  minLength="1" maxLength="2"
                  xmlTag="identificationCodeQualifier">
                  <idListFile fileName="IDList66.xml"/>
                </dataElement>
                <dataElement name="Identification Code" id="67"
                  sequence="4"
                  description="Code identifying a party or other code"
                  type="AN" required="X"
                  minLength="2" maxLength="80"
                  xmlTag="identificationCode"/>
                <dataElement name="Entity Relationship Code" id="706"
                  sequence="5"
                  description="Code describing entity relationship"
                  type="ID" required="O"
                  minLength="2" maxLength="2"
                  xmlTag="entityRelationshipCode">
                  <idListFile fileName="IDList706.xml"/>
                </dataElement>
                <dataElement name="Entity Identifier Code" id="98"
                  sequence="6"
                  description="Code identifying an organizational entity, a physical location, property or an individual"
                  type="ID" required="O"
                  minLength="2" maxLength="3"
                  xmlTag="entityIdentifierCode">
                  <idListFile fileName="IDList98.xml"/>
                </dataElement>
            </segment>
            <loop  name="Assigned Number" id="LX"
              occurs="-1"
              required='M'
              xmlTag="AssignedNumber">
                <segment name="Assigned Number" id="LX"
                  description="To reference a line number in a transaction set"
                  sequence="50"
                  occurs="1"
                  required='M'
                  xmlTag="AssignedNumber">
                    <dataElement name="Assigned Number" id="554"
                      sequence="1"
                      description="Number assigned for differentiation within a transaction set"
                      type="N0" required="M"
                      minLength="1" maxLength="6"
                      xmlTag="assignedNumber"/>
                </segment>
                <segment name="Individual Name Structure Components" id="IN2"
                  description="To sequence individual name components for maximum specificity"
                  sequence="60"
                  occurs="-1"
                  required='M'
                  xmlTag="IndividualNameStructureComponents">
                    <dataElement name="Name Component Qualifier" id="1104"
                      sequence="1"
                      description="Code identifying the type of name component"
                      type="ID" required="M"
                      minLength="2" maxLength="2"
                      xmlTag="nameComponentQualifier">
                      <idListFile fileName="IDList1104.xml"/>
                    </dataElement>
                    <dataElement name="Name" id="93"
                      sequence="2"
                      description="Free-form name"
                      type="AN" required="M"
                      minLength="1" maxLength="60"
                      xmlTag="name"/>
                </segment>
                <segment name="Location ID Component" id="NX2"
                  description="To define types and values of a geographic location"
                  sequence="70"
                  occurs="-1"
                  required='M'
                  xmlTag="LocationIdComponent">
                    <dataElement name="Address Component Qualifier" id="1106"
                      sequence="1"
                      description="Code qualifying the type of address component"
                      type="ID" required="M"
                      minLength="2" maxLength="2"
                      xmlTag="addressComponentQualifier">
                      <idListFile fileName="IDList1106.xml"/>
                    </dataElement>
                    <dataElement name="Address Information" id="166"
                      sequence="2"
                      description="Address information"
                      type="AN" required="M"
                      minLength="1" maxLength="55"
                      xmlTag="addressInformation"/>
                    <dataElement name="County Designator" id="1096"
                      sequence="3"
                      description="Code identifying the county within a state"
                      type="ID" required="O"
                      minLength="5" maxLength="5"
                      xmlTag="countyDesignator"/>
                </segment>
                <segment name="Reference Identification" id="REF"
                  description="To specify identifying information"
                  sequence="80"
                  occurs="-1"
                  required='O'
                  xmlTag="ReferenceIdentification">
                    <dataElement name="Reference Identification Qualifier" id="128"
                      sequence="1"
                      description="Code qualifying the Reference Identification"
                      type="ID" required="M"
                      minLength="2" maxLength="3"
                      xmlTag="referenceIdentificationQualifier">
                      <idListFile fileName="IDList128.xml"/>
                    </dataElement>
                    <dataElement name="Reference Identification" id="127"
                      sequence="2"
                      description="Reference information as defined for a particular Transaction Set or as specified by the Reference Identification Qualifier"
                      type="AN" required="X"
                      minLength="1" maxLength="30"
                      xmlTag="referenceIdentification"/>
                    <dataElement name="Description" id="352"
                      sequence="3"
                      description="A free-form description to clarify the related data elements and their content"
                      type="AN" required="X"
                      minLength="1" maxLength="80"
                      xmlTag="description"/>
                    <compositeDE name="Reference Identifier" id="C040"
                      sequence="4"
                      xmlTag="referenceIdentifier">
                        <dataElement name="Reference Identification Qualifier" id="128"
                          sequence="1"
                          description="Code qualifying the Reference Identification"
                          type="ID" required="M"
                          minLength="2" maxLength="3"
                          xmlTag="referenceIdentificationQualifier">
                          <idListFile fileName="IDList128.xml"/>
                        </dataElement>
                        <dataElement name="Reference Identification" id="127"
                          sequence="2"
                          description="Reference information as defined for a particular Transaction Set or as specified by the Reference Identification Qualifier"
                          type="AN" required="M"
                          minLength="1" maxLength="30"
                          xmlTag="referenceIdentification"/>
                        <dataElement name="Reference Identification Qualifier" id="128"
                          sequence="3"
                          description="Code qualifying the Reference Identification"
                          type="ID" required="X"
                          minLength="2" maxLength="3"
                          xmlTag="referenceIdentificationQualifier">
                          <idListFile fileName="IDList128.xml"/>
                        </dataElement>
                        <dataElement name="Reference Identification" id="127"
                          sequence="4"
                          description="Reference information as defined for a particular Transaction Set or as specified by the Reference Identification Qualifier"
                          type="AN" required="X"
                          minLength="1" maxLength="30"
                          xmlTag="referenceIdentification"/>
                        <dataElement name="Reference Identification Qualifier" id="128"
                          sequence="5"
                          description="Code qualifying the Reference Identification"
                          type="ID" required="X"
                          minLength="2" maxLength="3"
                          xmlTag="referenceIdentificationQualifier">
                          <idListFile fileName="IDList128.xml"/>
                        </dataElement>
                        <dataElement name="Reference Identification" id="127"
                          sequence="6"
                          description="Reference information as defined for a particular Transaction Set or as specified by the Reference Identification Qualifier"
                          type="AN" required="X"
                          minLength="1" maxLength="30"
                          xmlTag="referenceIdentification"/>
                    </compositeDE>
                </segment>
                <segment name="Status of Product or Activity" id="SPA"
                  description="To indicate the details and status of a product or product activity"
                  sequence="90"
                  occurs="1"
                  required='O'
                  xmlTag="StatusOfProductOrActivity">
                    <dataElement name="Status Code" id="546"
                      sequence="1"
                      description="Code identifying the status of a claim, policy or real estate transaction"
                      type="ID" required="M"
                      minLength="2" maxLength="2"
                      xmlTag="statusCode">
                      <idListFile fileName="IDList546.xml"/>
                    </dataElement>
                    <dataElement name="Date Time Period Format Qualifier" id="1250"
                      sequence="2"
                      description="Code indicating the date format, time format, or date and time format"
                      type="ID" required="X"
                      minLength="2" maxLength="3"
                      xmlTag="dateTimePeriodFormatQualifier">
                      <idListFile fileName="IDList1250.xml"/>
                    </dataElement>
                    <dataElement name="Date Time Period" id="1251"
                      sequence="3"
                      description="Expression of a date, a time, or range of dates, times or dates and times"
                      type="AN" required="X"
                      minLength="1" maxLength="35"
                      xmlTag="dateTimePeriod"/>
                    <dataElement name="Amount Qualifier Code" id="522"
                      sequence="4"
                      description="Code to qualify amount"
                      type="ID" required="X"
                      minLength="1" maxLength="3"
                      xmlTag="amountQualifierCode">
                      <idListFile fileName="IDList522.xml"/>
                    </dataElement>
                    <dataElement name="Monetary Amount" id="782"
                      sequence="5"
                      description="Monetary amount"
                      type="R" required="X"
                      minLength="1" maxLength="18"
                      xmlTag="monetaryAmount"/>
                    <dataElement name="Status Reason Code" id="641"
                      sequence="6"
                      description="Code indicating the status reason"
                      type="ID" required="O"
                      minLength="3" maxLength="3"
                      xmlTag="statusReasonCode">
                      <idListFile fileName="IDList641.xml"/>
                    </dataElement>
                    <dataElement name="Status Reason Code" id="641"
                      sequence="7"
                      description="Code indicating the status reason"
                      type="ID" required="O"
                      minLength="3" maxLength="3"
                      xmlTag="statusReasonCode">
                      <idListFile fileName="IDList641.xml"/>
                    </dataElement>
                    <dataElement name="Status Reason Code" id="641"
                      sequence="8"
                      description="Code indicating the status reason"
                      type="ID" required="O"
                      minLength="3" maxLength="3"
                      xmlTag="statusReasonCode">
                      <idListFile fileName="IDList641.xml"/>
                    </dataElement>
                    <dataElement name="Agency Qualifier Code" id="559"
                      sequence="9"
                      description="Code identifying the agency assigning the code values"
                      type="ID" required="X"
                      minLength="2" maxLength="2"
                      xmlTag="agencyQualifierCode">
                      <idListFile fileName="IDList559.xml"/>
                    </dataElement>
                    <dataElement name="Product Description Code" id="751"
                      sequence="10"
                      description="A code from an industry code list which provides specific data about a product characteristic"
                      type="AN" required="X"
                      minLength="1" maxLength="12"
                      xmlTag="productDescriptionCode"/>
                    <dataElement name="Source Subqualifier" id="822"
                      sequence="11"
                      description="A reference that indicates the table or text maintained by the Source Qualifier"
                      type="AN" required="O"
                      minLength="1" maxLength="15"
                      xmlTag="sourceSubqualifier"/>
                </segment>
                <segment name="Communication Contact Information" id="COM"
                  description="To specify a communication contact number"
                  sequence="100"
                  occurs="-1"
                  required='O'
                  xmlTag="CommunicationContactInformation">
                    <dataElement name="Communication Number Qualifier" id="365"
                      sequence="1"
                      description="Code identifying the type of communication number"
                      type="ID" required="M"
                      minLength="2" maxLength="2"
                      xmlTag="communicationNumberQualifier">
                      <idListFile fileName="IDList365.xml"/>
                    </dataElement>
                    <dataElement name="Communication Number" id="364"
                      sequence="2"
                      description="Complete communications number including country or area code when applicable"
                      type="AN" required="M"
                      minLength="1" maxLength="80"
                      xmlTag="communicationNumber"/>
                </segment>
            </loop>
        </loop>
        <segment name="Transaction Set Trailer" id="SE"
          description="To indicate the end of the transaction set and provide the count of the transmitted segments (including the beginning (ST) and ending (SE) segments)"
          sequence="110"
          occurs="1"
          required='M'
          xmlTag="TransactionSetTrailer">
            <dataElement name="Number of Included Segments" id="96"
              sequence="1"
              description="Total number of segments included in a transaction set including ST and SE segments"
              type="N0" required="M"
              minLength="1" maxLength="10"
              xmlTag="numberOfIncludedSegments"/>
            <dataElement name="Transaction Set Control Number" id="329"
              sequence="2"
              description="Identifying control number that must be unique within the transaction set functional group assigned by the originator for a transaction set"
              type="AN" required="M"
              minLength="4" maxLength="9"
              xmlTag="transactionSetControlNumber"/>
        </segment>
    </table>
</transactionSet>
