<?xml version="1.0" encoding="UTF-8"?>
<!DOCTYPE idList SYSTEM "idList.dtd">
<!-- Revision 3.0.0 data/OBOE, docs,January 17, 2008, -->
<idList>
    <idCode>FNC</idCode>
        <idValue>Final Net Acquisition Cost</idValue>
    <idCode>HAN</idCode>
        <idValue>Prototype Handling Cost</idValue>
    <idCode>LAB</idCode>
        <idValue>Labor Cost</idValue>
    <idCode>MTL</idCode>
        <idValue>Material Cost</idValue>
    <idCode>OCT</idCode>
        <idValue>Sender&apos;s Cost</idValue>
    <idCode>OTH</idCode>
        <idValue>Other Cost</idValue>
    <idCode>OVR</idCode>
        <idValue>Overhead Cost</idValue>
    <idCode>PKG</idCode>
        <idValue>Packaging Cost</idValue>
    <idCode>RMP</idCode>
        <idValue>Raw Material per Part Cost</idValue>
    <idCode>RMU</idCode>
        <idValue>Raw Material per Unit of Measure Cost</idValue>
    <idCode>SET</idCode>
        <idValue>Prototype Set-Up Cost</idValue>
    <idCode>TDI</idCode>
        <idValue>Total Die Model Cost</idValue>
    <idCode>TGA</idCode>
        <idValue>Total Gage Cost</idValue>
    <idCode>TLN</idCode>
        <idValue>Line Item Tooling Cost</idValue>
    <idCode>TML</idCode>
        <idValue>Total Material Cost</idValue>
    <idCode>TMP</idCode>
        <idValue>Total Material Including Purchased Components Cost</idValue>
    <idCode>TOL</idCode>
        <idValue>Total Other Tooling Cost</idValue>
    <idCode>TPU</idCode>
        <idValue>Total Purchased Components Cost</idValue>
    <idCode>TTL</idCode>
        <idValue>Total Tooling Cost</idValue>
</idList>
