<?xml version="1.0" encoding="UTF-8"?>
<!DOCTYPE idList SYSTEM "idList.dtd">
<!-- Revision 3.0.0 data/OBOE, docs,January 17, 2008, -->
<idList>
    <idCode>01</idCode>
        <idValue>Accepted</idValue>
    <idCode>02</idCode>
        <idValue>Approved</idValue>
    <idCode>03</idCode>
        <idValue>Back Bill</idValue>
    <idCode>04</idCode>
        <idValue>Conditional Issue</idValue>
    <idCode>05</idCode>
        <idValue>Converted</idValue>
    <idCode>06</idCode>
        <idValue>Deceased</idValue>
    <idCode>07</idCode>
        <idValue>Deleted</idValue>
    <idCode>08</idCode>
        <idValue>Delivery Pending</idValue>
    <idCode>09</idCode>
        <idValue>Double Jeopardy</idValue>
    <idCode>10</idCode>
        <idValue>Extended Term</idValue>
    <idCode>11</idCode>
        <idValue>Automatic</idValue>
    <idCode>12</idCode>
        <idValue>Follow Up</idValue>
    <idCode>13</idCode>
        <idValue>Facultative</idValue>
    <idCode>14</idCode>
        <idValue>Group Expired</idValue>
    <idCode>15</idCode>
        <idValue>Incomplete</idValue>
    <idCode>16</idCode>
        <idValue>In Force</idValue>
    <idCode>17</idCode>
        <idValue>Facultative Placed</idValue>
    <idCode>18</idCode>
        <idValue>Issued</idValue>
    <idCode>19</idCode>
        <idValue>New Business</idValue>
    <idCode>20</idCode>
        <idValue>Lapsed</idValue>
    <idCode>21</idCode>
        <idValue>Mailed</idValue>
    <idCode>22</idCode>
        <idValue>Policy Change</idValue>
    <idCode>23</idCode>
        <idValue>Not Taken</idValue>
    <idCode>24</idCode>
        <idValue>Offer Final</idValue>
    <idCode>25</idCode>
        <idValue>Offer - First Subject To</idValue>
    <idCode>26</idCode>
        <idValue>Paid</idValue>
    <idCode>27</idCode>
        <idValue>Paid Up</idValue>
    <idCode>28</idCode>
        <idValue>Payor Death</idValue>
    <idCode>29</idCode>
        <idValue>Payor Disabled</idValue>
    <idCode>30</idCode>
        <idValue>Pending</idValue>
    <idCode>31</idCode>
        <idValue>Placed</idValue>
    <idCode>32</idCode>
        <idValue>Postpone</idValue>
    <idCode>33</idCode>
        <idValue>Premium Paying</idValue>
    <idCode>34</idCode>
        <idValue>Quoted</idValue>
    <idCode>35</idCode>
        <idValue>Reduced Paid up</idValue>
    <idCode>36</idCode>
        <idValue>Reinstatement</idValue>
    <idCode>37</idCode>
        <idValue>Reapproved</idValue>
    <idCode>38</idCode>
        <idValue>Receipted</idValue>
    <idCode>39</idCode>
        <idValue>Reissue</idValue>
    <idCode>40</idCode>
        <idValue>Repended</idValue>
    <idCode>41</idCode>
        <idValue>Satisfied</idValue>
    <idCode>42</idCode>
        <idValue>Trial Application</idValue>
    <idCode>44</idCode>
        <idValue>Terminated</idValue>
    <idCode>45</idCode>
        <idValue>Waived</idValue>
    <idCode>46</idCode>
        <idValue>Contingent</idValue>
    <idCode>47</idCode>
        <idValue>Sold</idValue>
    <idCode>48</idCode>
        <idValue>Rented</idValue>
    <idCode>50</idCode>
        <idValue>Under Contract</idValue>
    <idCode>51</idCode>
        <idValue>Deposit</idValue>
    <idCode>52</idCode>
        <idValue>Continue to Show</idValue>
    <idCode>53</idCode>
        <idValue>Temporarily off the Market</idValue>
    <idCode>54</idCode>
        <idValue>Leased</idValue>
    <idCode>55</idCode>
        <idValue>Off-Market</idValue>
    <idCode>56</idCode>
        <idValue>Forwarded</idValue>
    <idCode>57</idCode>
        <idValue>Not Required</idValue>
    <idCode>58</idCode>
        <idValue>Ordered</idValue>
    <idCode>59</idCode>
        <idValue>Outstanding</idValue>
    <idCode>60</idCode>
        <idValue>Pending 1035 Exchange</idValue>
    <idCode>61</idCode>
        <idValue>Required</idValue>
    <idCode>62</idCode>
        <idValue>Do Not Mail</idValue>
    <idCode>63</idCode>
        <idValue>Do Not Rent or Exchange</idValue>
    <idCode>64</idCode>
        <idValue>Filed</idValue>
    <idCode>65</idCode>
        <idValue>Facultative Submission</idValue>
    <idCode>66</idCode>
        <idValue>Additional Information</idValue>
    <idCode>67</idCode>
        <idValue>Status Request</idValue>
    <idCode>68</idCode>
        <idValue>Submission Change</idValue>
    <idCode>69</idCode>
        <idValue>Rating Reduction Requested</idValue>
    <idCode>70</idCode>
        <idValue>Facultative Opinion</idValue>
    <idCode>71</idCode>
        <idValue>Reserve Facilities</idValue>
    <idCode>72</idCode>
        <idValue>Offer Accepted</idValue>
    <idCode>73</idCode>
        <idValue>Placed Other Carrier</idValue>
    <idCode>74</idCode>
        <idValue>Capacity Unavailable</idValue>
    <idCode>75</idCode>
        <idValue>Retained</idValue>
    <idCode>76</idCode>
        <idValue>Death</idValue>
    <idCode>77</idCode>
        <idValue>Disabled</idValue>
    <idCode>78</idCode>
        <idValue>Divorced</idValue>
    <idCode>79</idCode>
        <idValue>Free Look Canceled</idValue>
    <idCode>80</idCode>
        <idValue>Processed</idValue>
    <idCode>81</idCode>
        <idValue>Rejected</idValue>
    <idCode>82</idCode>
        <idValue>Reversed</idValue>
    <idCode>AA</idCode>
        <idValue>Annuitized</idValue>
    <idCode>AB</idCode>
        <idValue>Arrived</idValue>
    <idCode>AC</idCode>
        <idValue>Active</idValue>
    <idCode>AD</idCode>
        <idValue>Applicant Denied</idValue>
    <idCode>AR</idCode>
        <idValue>Assuming Company Review</idValue>
    <idCode>C1</idCode>
        <idValue>Contemplated</idValue>
    <idCode>C2</idCode>
        <idValue>Contained in Record</idValue>
    <idCode>C3</idCode>
        <idValue>Current</idValue>
    <idCode>CC</idCode>
        <idValue>Ceding Company Review - With Copy to Assuming Company</idValue>
    <idCode>CD</idCode>
        <idValue>Canceled</idValue>
    <idCode>CE</idCode>
        <idValue>Ceding Company Review - No Copy to Assuming Company</idValue>
    <idCode>CF</idCode>
        <idValue>Canceled Free Look Cash</idValue>
    <idCode>CH</idCode>
        <idValue>Changeable</idValue>
    <idCode>CI</idCode>
        <idValue>Canceled by Internal Revenue Service</idValue>
    <idCode>CL</idCode>
        <idValue>Closed</idValue>
    <idCode>CO</idCode>
        <idValue>Complete</idValue>
    <idCode>CR</idCode>
        <idValue>Closed Record</idValue>
    <idCode>CT</idCode>
        <idValue>Contained in Transaction</idValue>
    <idCode>DC</idCode>
        <idValue>Declined</idValue>
    <idCode>DN</idCode>
        <idValue>Declined - No Response from Claimant to Correspondence</idValue>
    <idCode>DS</idCode>
        <idValue>Declined/Paid Salvage Only</idValue>
    <idCode>EF</idCode>
        <idValue>Equipment Failed</idValue>
    <idCode>ES</idCode>
        <idValue>Estimated</idValue>
    <idCode>EW</idCode>
        <idValue>Exchange or Transfer Withdrawn</idValue>
    <idCode>EX</idCode>
        <idValue>Expired</idValue>
    <idCode>F0</idCode>
        <idValue>Follow Up 10 or More</idValue>
    <idCode>F1</idCode>
        <idValue>Follow Up 1</idValue>
    <idCode>F2</idCode>
        <idValue>Follow Up 2</idValue>
    <idCode>F3</idCode>
        <idValue>Follow Up 3</idValue>
    <idCode>F4</idCode>
        <idValue>Follow Up 4</idValue>
    <idCode>F5</idCode>
        <idValue>Follow Up 5</idValue>
    <idCode>F6</idCode>
        <idValue>Follow Up 6</idValue>
    <idCode>F7</idCode>
        <idValue>Follow Up 7</idValue>
    <idCode>F8</idCode>
        <idValue>Follow Up 8</idValue>
    <idCode>F9</idCode>
        <idValue>Follow Up 9</idValue>
    <idCode>FL</idCode>
        <idValue>Free Look</idValue>
    <idCode>FP</idCode>
        <idValue>Filed Pending Further Correspondence</idValue>
    <idCode>FT</idCode>
        <idValue>Future</idValue>
    <idCode>FX</idCode>
        <idValue>Faxed</idValue>
    <idCode>IA</idCode>
        <idValue>Inactive</idValue>
    <idCode>LA</idCode>
        <idValue>Letter of Acceptance Sent</idValue>
    <idCode>MT</idCode>
        <idValue>Matured</idValue>
    <idCode>NA</idCode>
        <idValue>Not in Good Order</idValue>
    <idCode>NP</idCode>
        <idValue>New Premium Only</idValue>
    <idCode>NR</idCode>
        <idValue>No Record Claim Receipt</idValue>
    <idCode>NT</idCode>
        <idValue>No Longer Under Treatment</idValue>
    <idCode>OF</idCode>
        <idValue>On File</idValue>
    <idCode>OH</idCode>
        <idValue>On Hand - Under Investigation</idValue>
    <idCode>PD</idCode>
        <idValue>Pending Death</idValue>
    <idCode>PF</idCode>
        <idValue>Paid in Full</idValue>
    <idCode>PM</idCode>
        <idValue>Partial Payment Received</idValue>
    <idCode>PP</idCode>
        <idValue>Paid in Part/Denied in Part</idValue>
    <idCode>PR</idCode>
        <idValue>Paperwork Received</idValue>
    <idCode>PW</idCode>
        <idValue>Paperwork Pending</idValue>
    <idCode>RA</idCode>
        <idValue>Rated</idValue>
    <idCode>RC</idCode>
        <idValue>Rescinded</idValue>
    <idCode>RE</idCode>
        <idValue>Received</idValue>
    <idCode>RQ</idCode>
        <idValue>Request</idValue>
    <idCode>RS</idCode>
        <idValue>Restricted</idValue>
    <idCode>RV</idCode>
        <idValue>Revoked</idValue>
    <idCode>SP</idCode>
        <idValue>Suspense</idValue>
    <idCode>SR</idCode>
        <idValue>Signature Required</idValue>
    <idCode>SS</idCode>
        <idValue>Suspended</idValue>
    <idCode>SU</idCode>
        <idValue>Surrendered</idValue>
    <idCode>UT</idCode>
        <idValue>Under Treatment</idValue>
    <idCode>WD</idCode>
        <idValue>Withdrawn</idValue>
    <idCode>WI</idCode>
        <idValue>Waiting Initial Payment</idValue>
    <idCode>WP</idCode>
        <idValue>Waiting Period</idValue>
</idList>
