<?xml version="1.0" encoding="UTF-8"?>
<!DOCTYPE idList SYSTEM "idList.dtd">
<!-- Revision 3.0.0 data/OBOE, docs,January 17, 2008, -->
<idList>
    <idCode>1</idCode>
        <idValue>Graduated</idValue>
    <idCode>2</idCode>
        <idValue>Income Sensitive</idValue>
    <idCode>3</idCode>
        <idValue>Income Contingent</idValue>
    <idCode>4</idCode>
        <idValue>Level (Sum Constant)</idValue>
    <idCode>8</idCode>
        <idValue>Credit Account</idValue>
    <idCode>A</idCode>
        <idValue>Private Netting Agreement, Pay by Wire Transfer</idValue>
    <idCode>AA</idCode>
        <idValue>Bank Draft</idValue>
    <idCode>AB</idCode>
        <idValue>Cash</idValue>
    <idCode>AC</idCode>
        <idValue>Credit Card</idValue>
    <idCode>AD</idCode>
        <idValue>Direct Deposit</idValue>
    <idCode>AE</idCode>
        <idValue>Money Order</idValue>
    <idCode>AF</idCode>
        <idValue>Special Account</idValue>
    <idCode>AG</idCode>
        <idValue>Travelers Check</idValue>
    <idCode>B</idCode>
        <idValue>Compensation by Balance</idValue>
    <idCode>C</idCode>
        <idValue>Pay By Check</idValue>
    <idCode>D</idCode>
        <idValue>Debited</idValue>
    <idCode>E</idCode>
        <idValue>Electronic Payment System</idValue>
    <idCode>F</idCode>
        <idValue>Freight Payment Bank</idValue>
    <idCode>G</idCode>
        <idValue>CCD (NACHA Cash Concentration/Disbursement - Funds Transacted without Remittance Information)</idValue>
    <idCode>H</idCode>
        <idValue>CCD+(NACHA Cash Concentration/Disbursement - Funds Transacted Plus an 80 Record Remittance Detail)</idValue>
    <idCode>I</idCode>
        <idValue>Invoiced Separately</idValue>
    <idCode>J</idCode>
        <idValue>CTX (NACHA Corporate Trade Exchange - Transaction Plus Remittance Detail in ANSI Standard Flexible Format)</idValue>
    <idCode>K</idCode>
        <idValue>Private Netting, Pay by Check</idValue>
    <idCode>L</idCode>
        <idValue>Letter of Credit</idValue>
    <idCode>M</idCode>
        <idValue>Deduction from Film Rental</idValue>
    <idCode>N</idCode>
        <idValue>Billing Account</idValue>
    <idCode>O</idCode>
        <idValue>CTP (NACHA Corporate Trade Payment - Transaction Plus Remittance Detail in Fixed Format)</idValue>
    <idCode>P</idCode>
        <idValue>Previously Charged</idValue>
    <idCode>Q</idCode>
        <idValue>Petroleum Clearinghouse Bank</idValue>
    <idCode>R</idCode>
        <idValue>Related Detail Account</idValue>
    <idCode>S</idCode>
        <idValue>Summary Account</idValue>
    <idCode>T</idCode>
        <idValue>Wire Transfer</idValue>
    <idCode>U</idCode>
        <idValue>Direct Pay to Others</idValue>
    <idCode>V</idCode>
        <idValue>Lock Box</idValue>
    <idCode>W</idCode>
        <idValue>Waived</idValue>
    <idCode>X</idCode>
        <idValue>In Kind Payment</idValue>
    <idCode>Y</idCode>
        <idValue>Credit</idValue>
</idList>
