<?xml version="1.0" encoding="UTF-8"?>
<!DOCTYPE idList SYSTEM "idList.dtd">
<!-- Revision 3.0.0 data/OBOE, docs,January 17, 2008, -->
<idList>
    <idCode>01</idCode>
        <idValue>Street Number</idValue>
    <idCode>02</idCode>
        <idValue>Street Name</idValue>
    <idCode>03</idCode>
        <idValue>Prefix Direction</idValue>
    <idCode>04</idCode>
        <idValue>Suffix Direction</idValue>
    <idCode>05</idCode>
        <idValue>P.O. Box Number</idValue>
    <idCode>06</idCode>
        <idValue>Rural Route Number</idValue>
    <idCode>07</idCode>
        <idValue>City Name</idValue>
    <idCode>08</idCode>
        <idValue>State Name</idValue>
    <idCode>09</idCode>
        <idValue>State Postal Code</idValue>
    <idCode>10</idCode>
        <idValue>Zip Code (5 Digit)</idValue>
    <idCode>11</idCode>
        <idValue>Zip Code Addendum (4 Digit)</idValue>
    <idCode>12</idCode>
        <idValue>Building Name</idValue>
    <idCode>13</idCode>
        <idValue>Apartment Number</idValue>
    <idCode>14</idCode>
        <idValue>Suite Number</idValue>
    <idCode>15</idCode>
        <idValue>Unstructured Street Address</idValue>
    <idCode>16</idCode>
        <idValue>Unstructured City and State and Zip Code</idValue>
    <idCode>17</idCode>
        <idValue>Unstructured City and State</idValue>
    <idCode>18</idCode>
        <idValue>Unstructured Mailing Address</idValue>
    <idCode>19</idCode>
        <idValue>Zip Code (9 Digit)</idValue>
    <idCode>20</idCode>
        <idValue>County</idValue>
    <idCode>21</idCode>
        <idValue>Subdivision</idValue>
    <idCode>22</idCode>
        <idValue>Map Coordinates and Directions</idValue>
    <idCode>23</idCode>
        <idValue>Continent</idValue>
    <idCode>24</idCode>
        <idValue>State or Province Abbreviation</idValue>
    <idCode>25</idCode>
        <idValue>Township</idValue>
    <idCode>26</idCode>
        <idValue>Municipality</idValue>
    <idCode>27</idCode>
        <idValue>Sub-barrio</idValue>
    <idCode>28</idCode>
        <idValue>Association Name</idValue>
    <idCode>29</idCode>
        <idValue>Parking Unit Number</idValue>
    <idCode>30</idCode>
        <idValue>Pier</idValue>
    <idCode>31</idCode>
        <idValue>Wing</idValue>
    <idCode>32</idCode>
        <idValue>Floor</idValue>
    <idCode>33</idCode>
        <idValue>Driveway</idValue>
    <idCode>34</idCode>
        <idValue>Lot</idValue>
    <idCode>35</idCode>
        <idValue>Room</idValue>
    <idCode>36</idCode>
        <idValue>Slip</idValue>
    <idCode>37</idCode>
        <idValue>Unit</idValue>
    <idCode>38</idCode>
        <idValue>Property Address</idValue>
    <idCode>39</idCode>
        <idValue>Unstructured Property</idValue>
    <idCode>40</idCode>
        <idValue>Street Suffix</idValue>
    <idCode>41</idCode>
        <idValue>Country</idValue>
    <idCode>51</idCode>
        <idValue>Drawer Number</idValue>
    <idCode>52</idCode>
        <idValue>Foreign Region or Province</idValue>
    <idCode>53</idCode>
        <idValue>Postal District</idValue>
    <idCode>54</idCode>
        <idValue>Street Number Alpha</idValue>
    <idCode>56</idCode>
        <idValue>Province</idValue>
    <idCode>57</idCode>
        <idValue>Cross Street</idValue>
    <idCode>58</idCode>
        <idValue>International Postal Code</idValue>
    <idCode>59</idCode>
        <idValue>Street Number Low</idValue>
    <idCode>60</idCode>
        <idValue>Street Number High</idValue>
    <idCode>61</idCode>
        <idValue>Street Number Fraction</idValue>
    <idCode>62</idCode>
        <idValue>Street Name Suffix</idValue>
    <idCode>63</idCode>
        <idValue>Secondary Unit Identifier</idValue>
    <idCode>64</idCode>
        <idValue>Secondary Unit Number</idValue>
    <idCode>65</idCode>
        <idValue>ZIP Code Delivery Point Addendum</idValue>
    <idCode>66</idCode>
        <idValue>ZIP Code Delivery Point BarCode (DPBC) Checkdigit</idValue>
    <idCode>67</idCode>
        <idValue>Postal Service Carrier Route</idValue>
    <idCode>68</idCode>
        <idValue>Postal Service Carrier Route Line of Travel (LOT)</idValue>
    <idCode>69</idCode>
        <idValue>Postal Service Address Change Service (ACS) Keyline</idValue>
    <idCode>71</idCode>
        <idValue>Congressional District Code</idValue>
    <idCode>74</idCode>
        <idValue>Zip Code (11 digit)</idValue>
    <idCode>79</idCode>
        <idValue>International Organization for Standardization (ISO) Country Code</idValue>
    <idCode>80</idCode>
        <idValue>Street Name Prefix</idValue>
    <idCode>90</idCode>
        <idValue>Access Customer Terminal Location (ACTL)</idValue>
    <idCode>91</idCode>
        <idValue>Additional Point of Termination (APOT)</idValue>
    <idCode>92</idCode>
        <idValue>Local Service Termination (LST)</idValue>
    <idCode>93</idCode>
        <idValue>Specific Point of Interface (XPOI)</idValue>
    <idCode>94</idCode>
        <idValue>Section</idValue>
    <idCode>96</idCode>
        <idValue>Range</idValue>
    <idCode>97</idCode>
        <idValue>Geographical Area</idValue>
</idList>
