<?xml version="1.0" encoding="UTF-8"?>
<!DOCTYPE idList SYSTEM "idList.dtd">
<!-- Revision 3.0.0 data/OBOE, docs,January 17, 2008, -->
<idList>
    <idCode>A</idCode>
        <idValue>No Quantity or Unit of Measure Change Allowed</idValue>
    <idCode>B0</idCode>
        <idValue>No Substitution Allowed</idValue>
    <idCode>B1</idCode>
        <idValue>Supply any Binding if Edition Ordered Not Available</idValue>
    <idCode>B2</idCode>
        <idValue>Supply Paper Binding if Edition Ordered Not Available</idValue>
    <idCode>B3</idCode>
        <idValue>Supply Cloth Binding if Edition Ordered Not Available</idValue>
    <idCode>B4</idCode>
        <idValue>Supply Library Binding if Edition Ordered Not Available</idValue>
    <idCode>X</idCode>
        <idValue>Equivalent Item Substitution</idValue>
    <idCode>Y</idCode>
        <idValue>Alternate Item Substitution Allowed</idValue>
    <idCode>ZZ</idCode>
        <idValue>Mutually Defined</idValue>
</idList>
