<?xml version="1.0" encoding="UTF-8"?>
<!DOCTYPE idList SYSTEM "idList.dtd">
<!-- Revision 3.0.0 data/OBOE, docs,January 17, 2008, -->
<idList>
    <idCode>01</idCode>
        <idValue>Prefix</idValue>
    <idCode>02</idCode>
        <idValue>First Name</idValue>
    <idCode>03</idCode>
        <idValue>First Middle Name</idValue>
    <idCode>04</idCode>
        <idValue>Second Middle Name</idValue>
    <idCode>05</idCode>
        <idValue>Last Name</idValue>
    <idCode>06</idCode>
        <idValue>First Initial</idValue>
    <idCode>07</idCode>
        <idValue>First Middle Initial</idValue>
    <idCode>08</idCode>
        <idValue>Second Middle Initial</idValue>
    <idCode>09</idCode>
        <idValue>Suffix</idValue>
    <idCode>10</idCode>
        <idValue>Generation</idValue>
    <idCode>11</idCode>
        <idValue>Doing Business As (DBA) or Trading As (T/A)</idValue>
    <idCode>12</idCode>
        <idValue>Combined (Unstructured) Name</idValue>
    <idCode>13</idCode>
        <idValue>Combined Name and Account Number</idValue>
    <idCode>14</idCode>
        <idValue>Name of an agency</idValue>
    <idCode>15</idCode>
        <idValue>Maiden or former name</idValue>
    <idCode>16</idCode>
        <idValue>Composite name (used if the name cannot be broken into separate parts, formatted with last name sent first)</idValue>
    <idCode>17</idCode>
        <idValue>Middle Names</idValue>
    <idCode>18</idCode>
        <idValue>Preferred First Name or Nickname</idValue>
    <idCode>19</idCode>
        <idValue>Corporation</idValue>
    <idCode>20</idCode>
        <idValue>Corporation Suffix</idValue>
    <idCode>21</idCode>
        <idValue>Professional Title</idValue>
    <idCode>22</idCode>
        <idValue>Organization Name</idValue>
</idList>
