<?xml version="1.0" encoding="UTF-8"?>
<!DOCTYPE idList SYSTEM "idList.dtd">
<!-- Revision 3.0.0 data/OBOE, docs,January 17, 2008, -->
<idList>
    <idCode>AA</idCode>
        <idValue>From date of PO receipt to sample ready</idValue>
    <idCode>AB</idCode>
        <idValue>From date of tooling authorization to sample ready</idValue>
    <idCode>AC</idCode>
        <idValue>From date of receipt of tooling aids to sample ready</idValue>
    <idCode>AD</idCode>
        <idValue>From date of sample approval to first product shipment</idValue>
    <idCode>AE</idCode>
        <idValue>From date of PO receipt to shipment</idValue>
    <idCode>AF</idCode>
        <idValue>From date of PO receipt to delivery</idValue>
    <idCode>AG</idCode>
        <idValue>From last booked order to delivery</idValue>
    <idCode>AH</idCode>
        <idValue>From Date of Receipt of First Article to First Article Approval</idValue>
    <idCode>AI</idCode>
        <idValue>From Date of a Specified Event to Delivery</idValue>
    <idCode>AJ</idCode>
        <idValue>From Date of First Delivery to Date of Subsequent Delivery(ies)</idValue>
    <idCode>AK</idCode>
        <idValue>From Date Of Latest Delivery To Final Delivery</idValue>
    <idCode>AL</idCode>
        <idValue>From Date Of Purchase Order or Contract Receipt To Product Ready</idValue>
    <idCode>AM</idCode>
        <idValue>From Date Of Previous Delivery To Date Of Subsequent Delivery</idValue>
    <idCode>AP</idCode>
        <idValue>From Date of Award to Midpoint of Effort</idValue>
    <idCode>AR</idCode>
        <idValue>From Date of Award to Government Receipt of Bond</idValue>
    <idCode>AS</idCode>
        <idValue>Before inventory is replenished based on stock check</idValue>
    <idCode>AT</idCode>
        <idValue>From Bid Opening to Expiration of Bid</idValue>
    <idCode>AU</idCode>
        <idValue>From Required-By Date to Expiration Date</idValue>
    <idCode>AV</idCode>
        <idValue>From Date of Award to Date of Latest Delivery</idValue>
    <idCode>AW</idCode>
        <idValue>From Date of Award to Date of Earliest Delivery</idValue>
    <idCode>AX</idCode>
        <idValue>From Date of Award to Date of Completion</idValue>
    <idCode>AY</idCode>
        <idValue>From Date of Award to Date of Delivery</idValue>
    <idCode>AZ</idCode>
        <idValue>From Date of Receipt of Item to Date of Approval of Item</idValue>
    <idCode>BA</idCode>
        <idValue>From Date of Award to Expiration Date of Authorization</idValue>
    <idCode>BB</idCode>
        <idValue>From Date of Order Preparation to Date of Order Placement</idValue>
    <idCode>BC</idCode>
        <idValue>From Date of Award to Commencement of Performance</idValue>
    <idCode>BD</idCode>
        <idValue>From Date of Award to Date of Option Exercise</idValue>
    <idCode>BE</idCode>
        <idValue>From Date of Option Exercise to Date of Completion</idValue>
    <idCode>BF</idCode>
        <idValue>From Date of Option Exercise to Date of Delivery</idValue>
    <idCode>BG</idCode>
        <idValue>From Date of a Specified Event to Date of Option Exercise</idValue>
</idList>
